metric,scorer_x,scorer_y,code,model_engine,value_x,value_y
r_work,refmac,torchref,1A0F,phenix,0.2258,0.223131
r_work,refmac,torchref,1A0F,refmac,0.2204,0.217212
r_work,refmac,torchref,1A0F,torchref,0.2156,0.21013
r_work,refmac,torchref,1A46,phenix,0.3129,0.308324
r_work,refmac,torchref,1A46,refmac,0.3236,0.3227
r_work,refmac,torchref,1A46,torchref,0.3135,0.308474
r_work,refmac,torchref,1A4E,phenix,0.2007,0.19853
r_work,refmac,torchref,1A4E,refmac,0.1936,0.19506
r_work,refmac,torchref,1A4I,phenix,0.3194,0.314432
r_work,refmac,torchref,1A4I,refmac,0.2909,0.284938
r_work,refmac,torchref,1A4I,torchref,0.3009,0.29584
r_work,refmac,torchref,1A7V,phenix,0.231,0.227245
r_work,refmac,torchref,1A7V,refmac,0.2366,0.238308
r_work,refmac,torchref,1A7V,torchref,0.2426,0.2372
r_work,refmac,torchref,1AJ6,phenix,0.285,0.283648
r_work,refmac,torchref,1AJ6,refmac,0.3215,0.318215
r_work,refmac,torchref,1AJ6,torchref,0.2886,0.281129
r_work,refmac,torchref,1AK5,phenix,0.2178,0.21406
r_work,refmac,torchref,1AK5,refmac,0.2084,0.206916
r_work,refmac,torchref,1AK5,torchref,0.2059,0.199509
r_work,refmac,torchref,1ANU,phenix,0.2003,0.195646
r_work,refmac,torchref,1ANU,refmac,0.1935,0.190704
r_work,refmac,torchref,1ANU,torchref,0.1999,0.192599
r_work,refmac,torchref,1APX,phenix,0.2463,0.244066
r_work,refmac,torchref,1APX,refmac,0.2531,0.250817
r_work,refmac,torchref,1APX,torchref,0.2477,0.243971
r_work,refmac,torchref,1AQZ,phenix,0.235,0.230573
r_work,refmac,torchref,1AQZ,refmac,0.2336,0.230762
r_work,refmac,torchref,1AQZ,torchref,0.2331,0.226792
r_work,refmac,torchref,1AT0,refmac,0.2813,0.274806
r_work,refmac,torchref,1AT0,torchref,0.2793,0.271328
r_work,refmac,torchref,1B37,phenix,0.2608,0.255189
r_work,refmac,torchref,1B37,refmac,0.2562,0.251183
r_work,refmac,torchref,1B9K,phenix,0.2378,0.230234
r_work,refmac,torchref,1B9K,refmac,0.2417,0.234638
r_work,refmac,torchref,1B9K,torchref,0.2342,0.225614
r_work,refmac,torchref,1BIA,phenix,0.2816,0.278125
r_work,refmac,torchref,1BIA,refmac,0.2869,0.286602
r_work,refmac,torchref,1BIA,torchref,0.2904,0.287689
r_work,refmac,torchref,1BM7,phenix,0.2204,0.214695
r_work,refmac,torchref,1BM7,refmac,0.2105,0.204685
r_work,refmac,torchref,1BM7,torchref,0.2114,0.204432
r_work,refmac,torchref,1BQG,refmac,0.2119,0.210659
r_work,refmac,torchref,1BQG,torchref,0.2049,0.2006
r_work,refmac,torchref,1BX0,phenix,0.2381,0.235104
r_work,refmac,torchref,1BX0,refmac,0.2394,0.236164
r_work,refmac,torchref,1BX0,torchref,0.2306,0.226502
r_work,refmac,torchref,1BXE,phenix,0.3317,0.327747
r_work,refmac,torchref,1BXE,refmac,0.3128,0.307702
r_work,refmac,torchref,1BXE,torchref,0.3127,0.305828
r_work,refmac,torchref,1BYW,phenix,0.2447,0.24365
r_work,refmac,torchref,1BYW,refmac,0.2238,0.230237
r_work,refmac,torchref,1BYW,torchref,0.2494,0.243879
r_work,refmac,torchref,1C3F,phenix,0.2571,0.251245
r_work,refmac,torchref,1C3F,refmac,0.2569,0.250767
r_work,refmac,torchref,1C3F,torchref,0.2526,0.242101
r_work,refmac,torchref,1CI0,phenix,0.2483,0.235238
r_work,refmac,torchref,1CI0,refmac,0.2358,0.23032
r_work,refmac,torchref,1CI0,torchref,0.2519,0.237095
r_work,refmac,torchref,1CSM,phenix,0.22,0.213407
r_work,refmac,torchref,1CSM,refmac,0.2146,0.210489
r_work,refmac,torchref,1CSM,torchref,0.2167,0.20698
r_work,refmac,torchref,1D9E,phenix,0.2381,0.22638
r_work,refmac,torchref,1D9E,refmac,0.2284,0.2213
r_work,refmac,torchref,1DAW,phenix,0.2805,0.255821
r_work,refmac,torchref,1DAW,refmac,0.2739,0.255745
r_work,refmac,torchref,1DAW,torchref,0.2754,0.249853
r_work,refmac,torchref,1DLM,phenix,0.223,0.219917
r_work,refmac,torchref,1DLM,refmac,0.2236,0.220631
r_work,refmac,torchref,1DLM,torchref,0.2179,0.213332
r_work,refmac,torchref,1DQ3,phenix,0.3291,0.326667
r_work,refmac,torchref,1DQ3,refmac,0.3205,0.318855
r_work,refmac,torchref,1DQ3,torchref,0.3253,0.321844
r_work,refmac,torchref,1DQ8,phenix,0.2107,0.205873
r_work,refmac,torchref,1DQ8,refmac,0.2136,0.211857
r_work,refmac,torchref,1DQ8,torchref,0.2104,0.204392
r_work,refmac,torchref,1E79,phenix,0.3204,0.31439
r_work,refmac,torchref,1E79,refmac,0.3062,0.302968
r_work,refmac,torchref,1E79,torchref,0.3431,0.333139
r_work,refmac,torchref,1EJ1,phenix,0.2574,0.250266
r_work,refmac,torchref,1EJ1,refmac,0.2618,0.256884
r_work,refmac,torchref,1EJ1,torchref,0.2699,0.261127
r_work,refmac,torchref,1EJH,phenix,0.2655,0.259191
r_work,refmac,torchref,1EJH,refmac,0.2619,0.257851
r_work,refmac,torchref,1EJH,torchref,0.2618,0.254872
r_work,refmac,torchref,1ETE,phenix,0.2836,0.277375
r_work,refmac,torchref,1ETE,refmac,0.2732,0.269061
r_work,refmac,torchref,1ETE,torchref,0.286,0.278053
r_work,refmac,torchref,1EZW,phenix,0.2428,0.23965
r_work,refmac,torchref,1EZW,refmac,0.2336,0.231418
r_work,refmac,torchref,1EZW,torchref,0.2328,0.228951
r_work,refmac,torchref,1F97,phenix,0.2099,0.208803
r_work,refmac,torchref,1F97,refmac,0.2129,0.214853
r_work,refmac,torchref,1F97,torchref,0.2302,0.225577
r_work,refmac,torchref,1FG3,phenix,0.2498,0.241234
r_work,refmac,torchref,1FG3,refmac,0.2581,0.253334
r_work,refmac,torchref,1FG3,torchref,0.2649,0.253867
r_work,refmac,torchref,1FIO,phenix,0.3943,0.3931
r_work,refmac,torchref,1FIO,refmac,0.3844,0.382992
r_work,refmac,torchref,1FIO,torchref,0.3785,0.373886
r_work,refmac,torchref,1FKM,phenix,0.2739,0.273603
r_work,refmac,torchref,1FKM,refmac,0.2676,0.268557
r_work,refmac,torchref,1FKM,torchref,0.2685,0.267604
r_work,refmac,torchref,1FSI,phenix,0.286,0.276685
r_work,refmac,torchref,1FSI,refmac,0.2719,0.26704
r_work,refmac,torchref,1FSI,torchref,0.2774,0.268257
r_work,refmac,torchref,1GHW,phenix,0.3605,0.355327
r_work,refmac,torchref,1GHW,refmac,0.3583,0.352509
r_work,refmac,torchref,1GHW,torchref,0.3425,0.334645
r_work,refmac,torchref,1GPQ,phenix,0.259,0.252811
r_work,refmac,torchref,1GPQ,refmac,0.2603,0.254124
r_work,refmac,torchref,1GPQ,torchref,0.2474,0.241227
r_work,refmac,torchref,1GQ8,phenix,0.2438,0.238818
r_work,refmac,torchref,1GQ8,refmac,0.2439,0.240241
r_work,refmac,torchref,1GQ8,torchref,0.2346,0.229178
r_work,refmac,torchref,1GQ9,phenix,0.2663,0.267928
r_work,refmac,torchref,1GQ9,refmac,0.2788,0.281473
r_work,refmac,torchref,1GQ9,torchref,0.4047,0.34727
r_work,refmac,torchref,1GUI,phenix,0.2825,0.278501
r_work,refmac,torchref,1GUI,refmac,0.273,0.268773
r_work,refmac,torchref,1GUI,torchref,0.276,0.270605
r_work,refmac,torchref,1GYJ,phenix,0.2685,0.253553
r_work,refmac,torchref,1GYJ,refmac,0.2794,0.270669
r_work,refmac,torchref,1GYJ,torchref,0.269,0.252685
r_work,refmac,torchref,1H8V,phenix,0.2432,0.236055
r_work,refmac,torchref,1H8V,refmac,0.2497,0.244452
r_work,refmac,torchref,1H8V,torchref,0.2435,0.234942
r_work,refmac,torchref,1HN0,phenix,0.2551,0.246792
r_work,refmac,torchref,1HN0,refmac,0.2452,0.238331
r_work,refmac,torchref,1HN0,torchref,0.2466,0.237145
r_work,refmac,torchref,1HNO,phenix,0.2307,0.222155
r_work,refmac,torchref,1HNO,refmac,0.2232,0.218769
r_work,refmac,torchref,1HNO,torchref,0.2257,0.21699
r_work,refmac,torchref,1HTN,phenix,0.1766,0.191451
r_work,refmac,torchref,1HTN,refmac,0.1747,0.19543
r_work,refmac,torchref,1HTN,torchref,0.1875,0.191374
r_work,refmac,torchref,1I1N,phenix,0.2765,0.257128
r_work,refmac,torchref,1I1N,refmac,0.2756,0.259022
r_work,refmac,torchref,1I1N,torchref,0.2654,0.244198
r_work,refmac,torchref,1I3A,phenix,0.2617,0.25673
r_work,refmac,torchref,1I3A,refmac,0.2654,0.262971
r_work,refmac,torchref,1I3A,torchref,0.2616,0.254381
r_work,refmac,torchref,1IDQ,phenix,0.2122,0.20425
r_work,refmac,torchref,1IDQ,refmac,0.2058,0.200663
r_work,refmac,torchref,1IDQ,torchref,0.2047,0.196158
r_work,refmac,torchref,1IKN,phenix,0.3457,0.341799
r_work,refmac,torchref,1IKN,refmac,0.3407,0.33766
r_work,refmac,torchref,1IKN,torchref,0.3485,0.341
r_work,refmac,torchref,1ITK,phenix,0.2612,0.251956
r_work,refmac,torchref,1ITK,refmac,0.256,0.248241
r_work,refmac,torchref,1ITK,torchref,0.2526,0.24157
r_work,refmac,torchref,1J3P,phenix,0.254,0.245516
r_work,refmac,torchref,1J3P,refmac,0.2495,0.242796
r_work,refmac,torchref,1J3P,torchref,0.2508,0.240941
r_work,refmac,torchref,1J53,phenix,0.2896,0.284594
r_work,refmac,torchref,1J53,refmac,0.2929,0.287563
r_work,refmac,torchref,1J53,torchref,0.2957,0.290253
r_work,refmac,torchref,1J5W,phenix,0.2732,0.267291
r_work,refmac,torchref,1J5W,refmac,0.2642,0.26059
r_work,refmac,torchref,1J5W,torchref,0.2645,0.259255
r_work,refmac,torchref,1J8B,phenix,0.3849,0.378508
r_work,refmac,torchref,1J8B,refmac,0.3949,0.389534
r_work,refmac,torchref,1J8B,torchref,0.3746,0.364715
r_work,refmac,torchref,1JAC,phenix,0.2456,0.244174
r_work,refmac,torchref,1JAC,refmac,0.2414,0.24313
r_work,refmac,torchref,1JAC,torchref,0.2534,0.25062
r_work,refmac,torchref,1JAD,phenix,0.3417,0.34006
r_work,refmac,torchref,1JAD,refmac,0.3509,0.348491
r_work,refmac,torchref,1JAD,torchref,0.3695,0.356971
r_work,refmac,torchref,1JN9,phenix,0.4644,0.458647
r_work,refmac,torchref,1JN9,refmac,0.4331,0.428382
r_work,refmac,torchref,1JN9,torchref,0.52,0.509659
r_work,refmac,torchref,1JU3,phenix,0.2603,0.242046
r_work,refmac,torchref,1JU3,refmac,0.2565,0.240507
r_work,refmac,torchref,1JU3,torchref,0.2548,0.23598
r_work,refmac,torchref,1K6D,phenix,0.2572,0.252186
r_work,refmac,torchref,1K6D,refmac,0.2475,0.243221
r_work,refmac,torchref,1K6D,torchref,0.2403,0.235746
r_work,refmac,torchref,1K7T,phenix,0.2858,0.282709
r_work,refmac,torchref,1K7T,refmac,0.275,0.275159
r_work,refmac,torchref,1K7T,torchref,0.2789,0.271709
r_work,refmac,torchref,1L9X,phenix,0.2327,0.223116
r_work,refmac,torchref,1L9X,refmac,0.2277,0.219044
r_work,refmac,torchref,1L9X,torchref,0.225,0.215461
r_work,refmac,torchref,1LNZ,phenix,0.4123,0.411013
r_work,refmac,torchref,1LNZ,refmac,0.4108,0.412137
r_work,refmac,torchref,1LNZ,torchref,0.4553,0.452808
r_work,refmac,torchref,1M6E,phenix,0.2253,0.22232
r_work,refmac,torchref,1M6E,refmac,0.2086,0.219885
r_work,refmac,torchref,1M6E,torchref,0.2292,0.222487
r_work,refmac,torchref,1N0L,phenix,0.3012,0.293276
r_work,refmac,torchref,1N0L,refmac,0.3013,0.295318
r_work,refmac,torchref,1N0L,torchref,0.3123,0.304592
r_work,refmac,torchref,1N6J,phenix,0.4033,0.401722
r_work,refmac,torchref,1N6J,refmac,0.3898,0.38784
r_work,refmac,torchref,1N6J,torchref,0.3858,0.381993
r_work,refmac,torchref,1O4V,phenix,0.2183,0.213633
r_work,refmac,torchref,1O4V,refmac,0.2082,0.205233
r_work,refmac,torchref,1O4V,torchref,0.2077,0.201084
r_work,refmac,torchref,1O5T,phenix,0.2904,0.284525
r_work,refmac,torchref,1O5T,refmac,0.284,0.280697
r_work,refmac,torchref,1O5T,torchref,0.3074,0.30129
r_work,refmac,torchref,1O6D,phenix,0.2733,0.266412
r_work,refmac,torchref,1O6D,refmac,0.2694,0.264033
r_work,refmac,torchref,1O6D,torchref,0.2661,0.258418
r_work,refmac,torchref,1OBR,phenix,0.1841,0.182273
r_work,refmac,torchref,1OBR,refmac,0.1919,0.192576
r_work,refmac,torchref,1OBR,torchref,0.1934,0.18453
r_work,refmac,torchref,1OC0,phenix,0.2743,0.260903
r_work,refmac,torchref,1OC0,refmac,0.2658,0.255914
r_work,refmac,torchref,1OC0,torchref,0.2728,0.25891
r_work,refmac,torchref,1OE4,phenix,0.2678,0.260963
r_work,refmac,torchref,1OE4,refmac,0.2657,0.259917
r_work,refmac,torchref,1OE4,torchref,0.2619,0.2541
r_work,refmac,torchref,1OMW,phenix,0.287,0.283656
r_work,refmac,torchref,1OMW,refmac,0.2535,0.253238
r_work,refmac,torchref,1OMW,torchref,0.2747,0.269716
r_work,refmac,torchref,1OQE,phenix,0.24,0.242965
r_work,refmac,torchref,1OQE,refmac,0.2171,0.223317
r_work,refmac,torchref,1OQE,torchref,0.2306,0.231643
r_work,refmac,torchref,1OSC,phenix,0.2237,0.219889
r_work,refmac,torchref,1OSC,refmac,0.2069,0.207821
r_work,refmac,torchref,1OSC,torchref,0.2155,0.210527
r_work,refmac,torchref,1OY5,phenix,0.3251,0.315687
r_work,refmac,torchref,1OY5,refmac,0.3137,0.306646
r_work,refmac,torchref,1OY5,torchref,0.3182,0.310513
r_work,refmac,torchref,1P3C,phenix,0.1989,0.195762
r_work,refmac,torchref,1P3C,refmac,0.1922,0.190104
r_work,refmac,torchref,1P3C,torchref,0.1899,0.186672
r_work,refmac,torchref,1P4X,phenix,0.3321,0.323755
r_work,refmac,torchref,1P4X,refmac,0.317,0.309987
r_work,refmac,torchref,1P4X,torchref,0.3265,0.317678
r_work,refmac,torchref,1PG3,phenix,0.2237,0.211965
r_work,refmac,torchref,1PG3,refmac,0.2248,0.218851
r_work,refmac,torchref,1PG3,torchref,0.2279,0.215199
r_work,refmac,torchref,1PJR,phenix,0.3262,0.323931
r_work,refmac,torchref,1PJR,refmac,0.3061,0.304213
r_work,refmac,torchref,1PJR,torchref,0.3225,0.320307
r_work,refmac,torchref,1PXZ,phenix,0.2472,0.231492
r_work,refmac,torchref,1PXZ,refmac,0.243,0.227107
r_work,refmac,torchref,1PXZ,torchref,0.2375,0.22134
r_work,refmac,torchref,1Q15,phenix,0.2448,0.237271
r_work,refmac,torchref,1Q15,refmac,0.2468,0.242204
r_work,refmac,torchref,1Q15,torchref,0.253,0.244063
r_work,refmac,torchref,1QB5,phenix,0.2069,0.201236
r_work,refmac,torchref,1QB5,refmac,0.2079,0.20308
r_work,refmac,torchref,1QB5,torchref,0.1971,0.190585
r_work,refmac,torchref,1QD9,phenix,0.2578,0.258375
r_work,refmac,torchref,1QD9,refmac,0.2813,0.277304
r_work,refmac,torchref,1QD9,torchref,0.2763,0.271398
r_work,refmac,torchref,1QJV,phenix,0.2223,0.211637
r_work,refmac,torchref,1QJV,refmac,0.2236,0.22048
r_work,refmac,torchref,1QJV,torchref,0.2282,0.217146
r_work,refmac,torchref,1QZN,phenix,0.2479,0.248495
r_work,refmac,torchref,1QZN,refmac,0.2369,0.239237
r_work,refmac,torchref,1QZN,torchref,0.2381,0.237159
r_work,refmac,torchref,1R1K,phenix,0.2611,0.276655
r_work,refmac,torchref,1R1K,refmac,0.2342,0.25827
r_work,refmac,torchref,1R1K,torchref,0.2855,0.291896
r_work,refmac,torchref,1R3U,phenix,0.2251,0.220717
r_work,refmac,torchref,1R3U,refmac,0.2125,0.215127
r_work,refmac,torchref,1R3U,torchref,0.216,0.211298
r_work,refmac,torchref,1RFX,phenix,0.3614,0.357269
r_work,refmac,torchref,1RFX,refmac,0.3223,0.317853
r_work,refmac,torchref,1RFX,torchref,0.343,0.337779
r_work,refmac,torchref,1RHC,phenix,0.2293,0.22564
r_work,refmac,torchref,1RHC,refmac,0.2187,0.216343
r_work,refmac,torchref,1RHC,torchref,0.2191,0.215955
r_work,refmac,torchref,1RJ1,phenix,0.2663,0.258199
r_work,refmac,torchref,1RJ1,refmac,0.2559,0.250457
r_work,refmac,torchref,1RJ1,torchref,0.2502,0.241159
r_work,refmac,torchref,1RJD,phenix,0.256,0.248981
r_work,refmac,torchref,1RJD,refmac,0.2592,0.253744
r_work,refmac,torchref,1RJD,torchref,0.2467,0.2394
r_work,refmac,torchref,1RKG,phenix,0.2829,0.279298
r_work,refmac,torchref,1RKG,refmac,0.2624,0.260434
r_work,refmac,torchref,1RKG,torchref,0.2707,0.266149
r_work,refmac,torchref,1RZN,phenix,0.2428,0.231045
r_work,refmac,torchref,1RZN,refmac,0.2441,0.236035
r_work,refmac,torchref,1RZN,torchref,0.239,0.227605
r_work,refmac,torchref,1S1C,phenix,0.3001,0.293658
r_work,refmac,torchref,1S1C,refmac,0.3008,0.295212
r_work,refmac,torchref,1S1C,torchref,0.3093,0.300644
r_work,refmac,torchref,1SO2,phenix,0.2535,0.246934
r_work,refmac,torchref,1SO2,refmac,0.2422,0.240196
r_work,refmac,torchref,1SO2,torchref,0.2475,0.239043
r_work,refmac,torchref,1SOT,phenix,0.3287,0.324943
r_work,refmac,torchref,1SOT,refmac,0.3061,0.305033
r_work,refmac,torchref,1SOT,torchref,0.3174,0.314041
r_work,refmac,torchref,1T3I,phenix,0.2402,0.232556
r_work,refmac,torchref,1T3I,refmac,0.2339,0.227671
r_work,refmac,torchref,1T3I,torchref,0.2349,0.226834
r_work,refmac,torchref,1TE5,phenix,0.3176,0.313765
r_work,refmac,torchref,1TE5,refmac,0.303,0.301417
r_work,refmac,torchref,1TE5,torchref,0.3187,0.313951
r_work,refmac,torchref,1TGS,phenix,0.2367,0.232596
r_work,refmac,torchref,1TGS,refmac,0.2415,0.23769
r_work,refmac,torchref,1TGS,torchref,0.2272,0.222495
r_work,refmac,torchref,1TML,phenix,0.1512,0.187213
r_work,refmac,torchref,1TML,refmac,0.1675,0.175526
r_work,refmac,torchref,1TML,torchref,0.2064,0.186154
r_work,refmac,torchref,1TVL,phenix,0.2572,0.254053
r_work,refmac,torchref,1TVL,refmac,0.2407,0.238262
r_work,refmac,torchref,1TVL,torchref,0.2414,0.237129
r_work,refmac,torchref,1U1I,phenix,0.2781,0.267545
r_work,refmac,torchref,1U1I,refmac,0.2793,0.270901
r_work,refmac,torchref,1U1I,torchref,0.2859,0.272633
r_work,refmac,torchref,1U7B,refmac,0.2919,0.28957
r_work,refmac,torchref,1U7B,torchref,0.2877,0.280645
r_work,refmac,torchref,1UEF,phenix,0.3914,0.362337
r_work,refmac,torchref,1UEF,refmac,0.3515,0.361568
r_work,refmac,torchref,1UEF,torchref,0.3889,0.354946
r_work,refmac,torchref,1UJK,phenix,0.3063,0.299937
r_work,refmac,torchref,1UJK,refmac,0.3033,0.297458
r_work,refmac,torchref,1UJK,torchref,0.2934,0.286492
r_work,refmac,torchref,1UKV,phenix,0.3242,0.319029
r_work,refmac,torchref,1UKV,refmac,0.3232,0.317364
r_work,refmac,torchref,1UKV,torchref,0.3086,0.301662
r_work,refmac,torchref,1UTB,phenix,0.2407,0.23136
r_work,refmac,torchref,1UTB,refmac,0.222,0.218896
r_work,refmac,torchref,1UTB,torchref,0.2312,0.221715
r_work,refmac,torchref,1UVQ,phenix,0.3224,0.315612
r_work,refmac,torchref,1UVQ,refmac,0.3073,0.299863
r_work,refmac,torchref,1UVQ,torchref,0.3012,0.290967
r_work,refmac,torchref,1V8Q,phenix,0.2267,0.212325
r_work,refmac,torchref,1V8Q,refmac,0.2141,0.216639
r_work,refmac,torchref,1V8Q,torchref,0.2676,0.255606
r_work,refmac,torchref,1VB3,phenix,0.244,0.233049
r_work,refmac,torchref,1VB3,refmac,0.2476,0.24108
r_work,refmac,torchref,1VB3,torchref,0.2425,0.231474
r_work,refmac,torchref,1VCE,phenix,0.2649,0.255747
r_work,refmac,torchref,1VCE,refmac,0.2556,0.248151
r_work,refmac,torchref,1VCE,torchref,0.2593,0.248866
r_work,refmac,torchref,1VDD,phenix,0.2736,0.264976
r_work,refmac,torchref,1VDD,refmac,0.2472,0.245467
r_work,refmac,torchref,1VDD,torchref,0.2742,0.259061
r_work,refmac,torchref,1VER,phenix,0.2311,0.250319
r_work,refmac,torchref,1VER,refmac,0.2007,0.22033
r_work,refmac,torchref,1VER,torchref,0.2407,0.247714
r_work,refmac,torchref,1VK0,phenix,0.2606,0.252504
r_work,refmac,torchref,1VK0,refmac,0.2648,0.258627
r_work,refmac,torchref,1VK0,torchref,0.2582,0.249323
r_work,refmac,torchref,1VLM,phenix,0.2765,0.266087
r_work,refmac,torchref,1VLM,refmac,0.2702,0.264675
r_work,refmac,torchref,1VLM,torchref,0.2747,0.265297
r_work,refmac,torchref,1VR4,phenix,0.2846,0.281601
r_work,refmac,torchref,1VR4,refmac,0.2824,0.280918
r_work,refmac,torchref,1VR4,torchref,0.2869,0.283216
r_work,refmac,torchref,1VRQ,phenix,0.2497,0.246398
r_work,refmac,torchref,1VRQ,refmac,0.2405,0.239922
r_work,refmac,torchref,1VRQ,torchref,0.2415,0.236757
r_work,refmac,torchref,1W2Y,phenix,0.2746,0.267437
r_work,refmac,torchref,1W2Y,refmac,0.266,0.260114
r_work,refmac,torchref,1W2Y,torchref,0.265,0.258147
r_work,refmac,torchref,1W8A,phenix,0.2096,0.202873
r_work,refmac,torchref,1W8A,refmac,0.2081,0.210789
r_work,refmac,torchref,1W8A,torchref,0.2171,0.205947
r_work,refmac,torchref,1WD8,phenix,0.2397,0.238197
r_work,refmac,torchref,1WD8,refmac,0.2181,0.220874
r_work,refmac,torchref,1WD8,torchref,0.2422,0.232981
r_work,refmac,torchref,1WDV,phenix,0.2799,0.275376
r_work,refmac,torchref,1WDV,refmac,0.2785,0.27376
r_work,refmac,torchref,1WDV,torchref,0.2762,0.268842
r_work,refmac,torchref,1WLZ,phenix,0.2846,0.280971
r_work,refmac,torchref,1WLZ,refmac,0.2863,0.283201
r_work,refmac,torchref,1WLZ,torchref,0.2746,0.270709
r_work,refmac,torchref,1WTJ,phenix,0.2733,0.266789
r_work,refmac,torchref,1WTJ,refmac,0.2573,0.251788
r_work,refmac,torchref,1WTJ,torchref,0.2495,0.242945
r_work,refmac,torchref,1WTY,phenix,0.2748,0.267107
r_work,refmac,torchref,1WTY,refmac,0.2716,0.265288
r_work,refmac,torchref,1WTY,torchref,0.2725,0.26271
r_work,refmac,torchref,1WU2,phenix,0.3192,0.312462
r_work,refmac,torchref,1WU2,refmac,0.3103,0.307082
r_work,refmac,torchref,1WU2,torchref,0.3214,0.314378
r_work,refmac,torchref,1WV8,phenix,0.3262,0.323628
r_work,refmac,torchref,1WV8,refmac,0.3885,0.38554
r_work,refmac,torchref,1WV8,torchref,0.3277,0.323892
r_work,refmac,torchref,1WW9,phenix,0.2798,0.276084
r_work,refmac,torchref,1WW9,refmac,0.2682,0.26605
r_work,refmac,torchref,1WW9,torchref,0.2662,0.262376
r_work,refmac,torchref,1X1Q,phenix,0.3112,0.306926
r_work,refmac,torchref,1X1Q,refmac,0.2859,0.283131
r_work,refmac,torchref,1X1Q,torchref,0.3859,0.380754
r_work,refmac,torchref,1X6O,phenix,0.3002,0.290968
r_work,refmac,torchref,1X6O,refmac,0.3033,0.295426
r_work,refmac,torchref,1X6O,torchref,0.2823,0.271118
r_work,refmac,torchref,1XHD,phenix,0.2704,0.264224
r_work,refmac,torchref,1XHD,refmac,0.2582,0.253514
r_work,refmac,torchref,1XQZ,refmac,0.2987,0.26502
r_work,refmac,torchref,1XQZ,torchref,0.2951,0.259687
r_work,refmac,torchref,1XVS,phenix,0.2949,0.288984
r_work,refmac,torchref,1XVS,refmac,0.2926,0.28969
r_work,refmac,torchref,1XVS,torchref,0.2864,0.281144
r_work,refmac,torchref,1XVW,refmac,0.2473,0.242893
r_work,refmac,torchref,1XVW,torchref,0.2415,0.236993
r_work,refmac,torchref,1XX1,phenix,0.2543,0.247965
r_work,refmac,torchref,1XX1,refmac,0.2506,0.245074
r_work,refmac,torchref,1XX1,torchref,0.2477,0.241002
r_work,refmac,torchref,1Y08,refmac,0.2473,0.240379
r_work,refmac,torchref,1Y08,torchref,0.2492,0.239886
r_work,refmac,torchref,1Y7O,phenix,0.3019,0.290944
r_work,refmac,torchref,1Y7O,refmac,0.303,0.299052
r_work,refmac,torchref,1Y7O,torchref,0.3132,0.301831
r_work,refmac,torchref,1Y8Q,phenix,0.2353,0.226328
r_work,refmac,torchref,1Y8Q,refmac,0.2298,0.224827
r_work,refmac,torchref,1Y8Q,torchref,0.2296,0.219381
r_work,refmac,torchref,1Y98,refmac,0.2681,0.26239
r_work,refmac,torchref,1Y98,torchref,0.2665,0.254457
r_work,refmac,torchref,1YEM,phenix,0.2555,0.247955
r_work,refmac,torchref,1YEM,refmac,0.2379,0.234763
r_work,refmac,torchref,1YEM,torchref,0.2434,0.234061
r_work,refmac,torchref,1YK3,phenix,0.2627,0.255206
r_work,refmac,torchref,1YK3,refmac,0.2561,0.251044
r_work,refmac,torchref,1YK3,torchref,0.2597,0.251927
r_work,refmac,torchref,1YMQ,phenix,0.2415,0.234049
r_work,refmac,torchref,1YMQ,refmac,0.2366,0.232766
r_work,refmac,torchref,1YMQ,torchref,0.23,0.221128
r_work,refmac,torchref,1YRX,refmac,0.4505,0.4484
r_work,refmac,torchref,1YRX,torchref,0.4623,0.451279
r_work,refmac,torchref,1Z05,phenix,0.3502,0.338646
r_work,refmac,torchref,1Z05,refmac,0.291,0.279526
r_work,refmac,torchref,1Z05,torchref,0.3291,0.314121
r_work,refmac,torchref,1Z3X,phenix,0.2696,0.264177
r_work,refmac,torchref,1Z3X,refmac,0.2624,0.257102
r_work,refmac,torchref,1Z3X,torchref,0.2573,0.251402
r_work,refmac,torchref,1ZEJ,phenix,0.2983,0.295263
r_work,refmac,torchref,1ZEJ,refmac,0.2859,0.282801
r_work,refmac,torchref,1ZEJ,torchref,0.2868,0.281275
r_work,refmac,torchref,1ZJ8,phenix,0.2587,0.225807
r_work,refmac,torchref,1ZJ8,refmac,0.2606,0.254459
r_work,refmac,torchref,1ZJ8,torchref,0.2666,0.233516
r_work,refmac,torchref,1ZKL,phenix,0.2592,0.249875
r_work,refmac,torchref,1ZKL,refmac,0.2518,0.243569
r_work,refmac,torchref,1ZKL,torchref,0.2494,0.239245
r_work,refmac,torchref,1ZZ0,phenix,0.2392,0.232223
r_work,refmac,torchref,1ZZ0,refmac,0.2327,0.226095
r_work,refmac,torchref,1ZZ0,torchref,0.2293,0.221954
r_work,refmac,torchref,2A25,phenix,0.3136,0.308425
r_work,refmac,torchref,2A25,refmac,0.2875,0.283345
r_work,refmac,torchref,2A25,torchref,0.2857,0.279308
r_work,refmac,torchref,2A3V,phenix,0.4046,0.398814
r_work,refmac,torchref,2A3V,refmac,0.3979,0.397993
r_work,refmac,torchref,2A3V,torchref,0.4414,0.437082
r_work,refmac,torchref,2A65,refmac,0.243,0.240131
r_work,refmac,torchref,2A65,torchref,0.2413,0.237995
r_work,refmac,torchref,2A9S,phenix,0.2351,0.226151
r_work,refmac,torchref,2A9S,refmac,0.2349,0.227958
r_work,refmac,torchref,2A9S,torchref,0.2265,0.217366
r_work,refmac,torchref,2ACJ,phenix,0.4373,0.425734
r_work,refmac,torchref,2ACJ,refmac,0.4706,0.463031
r_work,refmac,torchref,2ACJ,torchref,0.4585,0.448621
r_work,refmac,torchref,2AE0,phenix,0.4692,0.46234
r_work,refmac,torchref,2AE0,refmac,0.4191,0.412115
r_work,refmac,torchref,2AE0,torchref,0.4499,0.441521
r_work,refmac,torchref,2AG0,phenix,0.2217,0.217885
r_work,refmac,torchref,2AG0,refmac,0.2205,0.222124
r_work,refmac,torchref,2AG0,torchref,0.2273,0.223344
r_work,refmac,torchref,2AHR,phenix,0.2936,0.293463
r_work,refmac,torchref,2AHR,refmac,0.2747,0.277113
r_work,refmac,torchref,2AHR,torchref,0.2853,0.284901
r_work,refmac,torchref,2AP2,phenix,0.4931,0.478868
r_work,refmac,torchref,2AP2,refmac,0.5081,0.495542
r_work,refmac,torchref,2AP2,torchref,0.5188,0.506404
r_work,refmac,torchref,2AQ4,phenix,0.3291,0.315019
r_work,refmac,torchref,2AQ4,refmac,0.3304,0.321951
r_work,refmac,torchref,2AQ4,torchref,0.3247,0.310188
r_work,refmac,torchref,2B2N,phenix,0.3086,0.30242
r_work,refmac,torchref,2B2N,refmac,0.2854,0.281144
r_work,refmac,torchref,2B2N,torchref,0.2884,0.281027
r_work,refmac,torchref,2B3X,phenix,0.3311,0.323277
r_work,refmac,torchref,2B3X,refmac,0.3141,0.309203
r_work,refmac,torchref,2B3X,torchref,0.3785,0.373222
r_work,refmac,torchref,2B5E,phenix,0.3934,0.38792
r_work,refmac,torchref,2B5E,refmac,0.3461,0.343467
r_work,refmac,torchref,2B5E,torchref,0.3919,0.38563
r_work,refmac,torchref,2B7O,phenix,0.2755,0.271195
r_work,refmac,torchref,2B7O,refmac,0.2642,0.262115
r_work,refmac,torchref,2B7O,torchref,0.2654,0.260641
r_work,refmac,torchref,2BON,phenix,0.3065,0.278772
r_work,refmac,torchref,2BON,refmac,0.2876,0.27978
r_work,refmac,torchref,2BON,torchref,0.3932,0.260976
r_work,refmac,torchref,2BTY,phenix,0.2728,0.263077
r_work,refmac,torchref,2BTY,refmac,0.2507,0.248732
r_work,refmac,torchref,2BTY,torchref,0.291,0.281842
r_work,refmac,torchref,2C8X,phenix,0.3689,0.360503
r_work,refmac,torchref,2C8X,refmac,0.382,0.37696
r_work,refmac,torchref,2C8X,torchref,0.3928,0.380802
r_work,refmac,torchref,2C90,phenix,0.3752,0.363928
r_work,refmac,torchref,2C90,refmac,0.3754,0.368099
r_work,refmac,torchref,2C90,torchref,0.3831,0.36812
r_work,refmac,torchref,2CB4,phenix,0.2518,0.241159
r_work,refmac,torchref,2CB4,refmac,0.2487,0.242706
r_work,refmac,torchref,2CB4,torchref,0.2551,0.24294
r_work,refmac,torchref,2CCH,phenix,0.3533,0.348035
r_work,refmac,torchref,2CCH,refmac,0.3227,0.318591
r_work,refmac,torchref,2CCH,torchref,0.3121,0.305413
r_work,refmac,torchref,2CCM,phenix,0.2534,0.248657
r_work,refmac,torchref,2CCM,refmac,0.2478,0.244591
r_work,refmac,torchref,2CCM,torchref,0.2437,0.239543
r_work,refmac,torchref,2CKL,phenix,0.3153,0.305899
r_work,refmac,torchref,2CKL,refmac,0.3134,0.308969
r_work,refmac,torchref,2CKL,torchref,0.3159,0.30516
r_work,refmac,torchref,2CZV,phenix,0.2606,0.254363
r_work,refmac,torchref,2CZV,refmac,0.2549,0.251195
r_work,refmac,torchref,2CZV,torchref,0.2559,0.248923
r_work,refmac,torchref,2D0T,phenix,0.2406,0.232818
r_work,refmac,torchref,2D0T,refmac,0.2274,0.22513
r_work,refmac,torchref,2D0T,torchref,0.2323,0.223233
r_work,refmac,torchref,2D68,phenix,0.2955,0.288403
r_work,refmac,torchref,2D68,refmac,0.3044,0.298136
r_work,refmac,torchref,2D68,torchref,0.2849,0.277662
r_work,refmac,torchref,2DOB,phenix,0.4799,0.474879
r_work,refmac,torchref,2DOB,refmac,0.485,0.477879
r_work,refmac,torchref,2DOB,torchref,0.5697,0.535125
r_work,refmac,torchref,2DQ6,phenix,0.2648,0.257381
r_work,refmac,torchref,2DQ6,refmac,0.2605,0.253849
r_work,refmac,torchref,2DQ6,torchref,0.2523,0.244982
r_work,refmac,torchref,2DRY,phenix,0.3317,0.322146
r_work,refmac,torchref,2DRY,refmac,0.3332,0.325368
r_work,refmac,torchref,2DRY,torchref,0.3271,0.318736
r_work,refmac,torchref,2DX6,phenix,0.2895,0.283759
r_work,refmac,torchref,2DX6,refmac,0.2915,0.286656
r_work,refmac,torchref,2DX6,torchref,0.2971,0.290319
r_work,refmac,torchref,2E1M,phenix,0.4523,0.448282
r_work,refmac,torchref,2E1M,refmac,0.448,0.447076
r_work,refmac,torchref,2E1M,torchref,0.4866,0.482431
r_work,refmac,torchref,2EO4,phenix,0.2901,0.284575
r_work,refmac,torchref,2EO4,refmac,0.2732,0.269952
r_work,refmac,torchref,2EO4,torchref,0.2716,0.266249
r_work,refmac,torchref,2EU9,phenix,0.2862,0.273895
r_work,refmac,torchref,2EU9,refmac,0.2723,0.259817
r_work,refmac,torchref,2EU9,torchref,0.2702,0.257556
r_work,refmac,torchref,2EXU,phenix,0.4917,0.487681
r_work,refmac,torchref,2EXU,refmac,0.4912,0.488696
r_work,refmac,torchref,2EXU,torchref,0.4932,0.488015
r_work,refmac,torchref,2F1F,phenix,0.2891,0.279611
r_work,refmac,torchref,2F1F,refmac,0.2752,0.265289
r_work,refmac,torchref,2F1F,torchref,0.265,0.254713
r_work,refmac,torchref,2F2E,phenix,0.2895,0.2861
r_work,refmac,torchref,2F2E,refmac,0.2791,0.277423
r_work,refmac,torchref,2F2E,torchref,0.2831,0.278583
r_work,refmac,torchref,2F8L,phenix,0.2543,0.245879
r_work,refmac,torchref,2F8L,refmac,0.2444,0.239089
r_work,refmac,torchref,2F8L,torchref,0.2492,0.239708
r_work,refmac,torchref,2F9I,phenix,0.25,0.244258
r_work,refmac,torchref,2F9I,refmac,0.2383,0.234175
r_work,refmac,torchref,2F9I,torchref,0.236,0.229917
r_work,refmac,torchref,2F9Z,phenix,0.2593,0.256806
r_work,refmac,torchref,2F9Z,refmac,0.2657,0.26425
r_work,refmac,torchref,2F9Z,torchref,0.2641,0.258024
r_work,refmac,torchref,2FEX,phenix,0.3032,0.2963
r_work,refmac,torchref,2FEX,refmac,0.2962,0.290609
r_work,refmac,torchref,2FEX,torchref,0.295,0.288199
r_work,refmac,torchref,2FFF,phenix,0.2409,0.228202
r_work,refmac,torchref,2FFF,refmac,0.231,0.221949
r_work,refmac,torchref,2FFF,torchref,0.2361,0.222724
r_work,refmac,torchref,2FH9,phenix,0.3497,0.32012
r_work,refmac,torchref,2FH9,refmac,0.3298,0.314255
r_work,refmac,torchref,2FH9,torchref,0.3615,0.332704
r_work,refmac,torchref,2FTX,phenix,0.3057,0.303258
r_work,refmac,torchref,2FTX,refmac,0.3004,0.296702
r_work,refmac,torchref,2FTX,torchref,0.2919,0.287915
r_work,refmac,torchref,2G9W,phenix,0.4112,0.40553
r_work,refmac,torchref,2G9W,refmac,0.39,0.387272
r_work,refmac,torchref,2G9W,torchref,0.4046,0.401033
r_work,refmac,torchref,2GA1,phenix,0.4681,0.463319
r_work,refmac,torchref,2GA1,refmac,0.4698,0.470947
r_work,refmac,torchref,2GA1,torchref,0.49,0.474559
r_work,refmac,torchref,2GA9,phenix,0.2484,0.241126
r_work,refmac,torchref,2GA9,refmac,0.25,0.246677
r_work,refmac,torchref,2GA9,torchref,0.2532,0.245023
r_work,refmac,torchref,2GD9,phenix,0.3224,0.309403
r_work,refmac,torchref,2GD9,refmac,0.322,0.311046
r_work,refmac,torchref,2GD9,torchref,0.324,0.311966
r_work,refmac,torchref,2GT1,phenix,0.3007,0.295013
r_work,refmac,torchref,2GT1,refmac,0.2676,0.26311
r_work,refmac,torchref,2GT1,torchref,0.2862,0.279637
r_work,refmac,torchref,2GUH,phenix,0.3483,0.344056
r_work,refmac,torchref,2GUH,refmac,0.3463,0.343104
r_work,refmac,torchref,2GUH,torchref,0.3437,0.339035
r_work,refmac,torchref,2HXW,phenix,0.289,0.282459
r_work,refmac,torchref,2HXW,refmac,0.2814,0.276403
r_work,refmac,torchref,2HXW,torchref,0.2745,0.26786
r_work,refmac,torchref,2I53,phenix,0.2429,0.238271
r_work,refmac,torchref,2I53,refmac,0.2353,0.231516
r_work,refmac,torchref,2I53,torchref,0.2307,0.226589
r_work,refmac,torchref,2I7H,phenix,0.2669,0.261123
r_work,refmac,torchref,2I7H,refmac,0.2574,0.255574
r_work,refmac,torchref,2I7H,torchref,0.2579,0.252045
r_work,refmac,torchref,2I88,refmac,0.1556,0.160527
r_work,refmac,torchref,2I88,torchref,0.1598,0.15805
r_work,refmac,torchref,2IJE,phenix,0.2698,0.256848
r_work,refmac,torchref,2IJE,refmac,0.2613,0.253534
r_work,refmac,torchref,2IJE,torchref,0.2615,0.248952
r_work,refmac,torchref,2IO7,phenix,0.2176,0.207879
r_work,refmac,torchref,2IO7,refmac,0.2159,0.212664
r_work,refmac,torchref,2IO7,torchref,0.2288,0.216042
r_work,refmac,torchref,2IUC,phenix,0.2394,0.234003
r_work,refmac,torchref,2IUC,refmac,0.2412,0.23731
r_work,refmac,torchref,2IUC,torchref,0.2361,0.228941
r_work,refmac,torchref,2IVF,phenix,0.297,0.291887
r_work,refmac,torchref,2IVF,refmac,0.289,0.284902
r_work,refmac,torchref,2IVF,torchref,0.2908,0.285303
r_work,refmac,torchref,2IVM,phenix,0.3029,0.204506
r_work,refmac,torchref,2IVM,refmac,0.385,0.319372
r_work,refmac,torchref,2IVM,torchref,0.2972,0.194944
r_work,refmac,torchref,2JAC,phenix,0.2524,0.247056
r_work,refmac,torchref,2JAC,refmac,0.2484,0.243528
r_work,refmac,torchref,2JAC,torchref,0.2508,0.241603
r_work,refmac,torchref,2JBV,refmac,0.2475,0.246066
r_work,refmac,torchref,2JBV,torchref,0.2456,0.243254
r_work,refmac,torchref,2JFN,phenix,0.2641,0.260508
r_work,refmac,torchref,2JFN,refmac,0.2542,0.251391
r_work,refmac,torchref,2JFN,torchref,0.2518,0.246284
r_work,refmac,torchref,2JH3,phenix,0.2624,0.25947
r_work,refmac,torchref,2JH3,refmac,0.2597,0.258255
r_work,refmac,torchref,2JH3,torchref,0.2598,0.256159
r_work,refmac,torchref,2NLY,phenix,0.2231,0.206753
r_work,refmac,torchref,2NLY,refmac,0.2153,0.208136
r_work,refmac,torchref,2NLY,torchref,0.2295,0.213217
r_work,refmac,torchref,2NN4,phenix,0.2643,0.258233
r_work,refmac,torchref,2NN4,refmac,0.2626,0.258989
r_work,refmac,torchref,2NN4,torchref,0.2526,0.24551
r_work,refmac,torchref,2NTX,phenix,0.3466,0.34073
r_work,refmac,torchref,2NTX,refmac,0.3317,0.328275
r_work,refmac,torchref,2NTX,torchref,0.3438,0.337629
r_work,refmac,torchref,2NVN,phenix,0.3045,0.29914
r_work,refmac,torchref,2NVN,refmac,0.2762,0.273526
r_work,refmac,torchref,2NVN,torchref,0.2819,0.269485
r_work,refmac,torchref,2OD8,phenix,0.3163,0.323237
r_work,refmac,torchref,2OD8,refmac,0.2644,0.284093
r_work,refmac,torchref,2OD8,torchref,0.2761,0.286545
r_work,refmac,torchref,2OO2,phenix,0.2496,0.244144
r_work,refmac,torchref,2OO2,refmac,0.2331,0.231921
r_work,refmac,torchref,2OO2,torchref,0.2414,0.236034
r_work,refmac,torchref,2OO3,phenix,0.2108,0.210287
r_work,refmac,torchref,2OO3,refmac,0.2155,0.211762
r_work,refmac,torchref,2OO3,torchref,0.208,0.202312
r_work,refmac,torchref,2P0U,phenix,0.2298,0.223195
r_work,refmac,torchref,2P0U,refmac,0.2267,0.221659
r_work,refmac,torchref,2P0U,torchref,0.2237,0.216503
r_work,refmac,torchref,2P1L,phenix,0.2927,0.288014
r_work,refmac,torchref,2P1L,refmac,0.271,0.268518
r_work,refmac,torchref,2P1L,torchref,0.2822,0.276323
r_work,refmac,torchref,2P38,phenix,0.3202,0.313897
r_work,refmac,torchref,2P38,refmac,0.31,0.304207
r_work,refmac,torchref,2P38,torchref,0.3051,0.298208
r_work,refmac,torchref,2P62,phenix,0.2721,0.264483
r_work,refmac,torchref,2P62,refmac,0.2587,0.253556
r_work,refmac,torchref,2P62,torchref,0.2515,0.24411
r_work,refmac,torchref,2P8J,phenix,0.2874,0.283127
r_work,refmac,torchref,2P8J,refmac,0.2797,0.277037
r_work,refmac,torchref,2P8J,torchref,0.2819,0.276151
r_work,refmac,torchref,2P8Q,phenix,0.3106,0.301603
r_work,refmac,torchref,2P8Q,refmac,0.2849,0.278824
r_work,refmac,torchref,2P8Q,torchref,0.3203,0.312419
r_work,refmac,torchref,2PAV,phenix,0.2808,0.277145
r_work,refmac,torchref,2PAV,refmac,0.2754,0.272317
r_work,refmac,torchref,2PAV,torchref,0.2676,0.263108
r_work,refmac,torchref,2PJS,phenix,0.2716,0.270401
r_work,refmac,torchref,2PJS,refmac,0.2641,0.264173
r_work,refmac,torchref,2PJS,torchref,0.2652,0.263353
r_work,refmac,torchref,2PK9,phenix,0.309,0.314614
r_work,refmac,torchref,2PK9,refmac,0.2933,0.303129
r_work,refmac,torchref,2PK9,torchref,0.3184,0.319282
r_work,refmac,torchref,2PN0,phenix,0.3722,0.366356
r_work,refmac,torchref,2PN0,refmac,0.3658,0.361758
r_work,refmac,torchref,2PN0,torchref,0.3655,0.360139
r_work,refmac,torchref,2PQN,phenix,0.3917,0.38815
r_work,refmac,torchref,2PQN,refmac,0.3294,0.326455
r_work,refmac,torchref,2PQN,torchref,0.3366,0.326992
r_work,refmac,torchref,2PQV,phenix,0.2831,0.275488
r_work,refmac,torchref,2PQV,refmac,0.2819,0.274594
r_work,refmac,torchref,2PQV,torchref,0.2699,0.261384
r_work,refmac,torchref,2PY2,phenix,0.268,0.260145
r_work,refmac,torchref,2PY2,refmac,0.2684,0.261644
r_work,refmac,torchref,2PY2,torchref,0.2563,0.247668
r_work,refmac,torchref,2Q1Z,phenix,0.4281,0.430396
r_work,refmac,torchref,2Q1Z,refmac,0.3926,0.400857
r_work,refmac,torchref,2Q1Z,torchref,0.4352,0.437895
r_work,refmac,torchref,2QCO,phenix,0.2881,0.281268
r_work,refmac,torchref,2QCO,refmac,0.2876,0.28728
r_work,refmac,torchref,2QCO,torchref,0.2925,0.287763
r_work,refmac,torchref,2QE9,phenix,0.3315,0.330579
r_work,refmac,torchref,2QE9,refmac,0.3191,0.318234
r_work,refmac,torchref,2QE9,torchref,0.321,0.319224
r_work,refmac,torchref,2QH9,phenix,0.2905,0.285939
r_work,refmac,torchref,2QH9,refmac,0.2827,0.279668
r_work,refmac,torchref,2QH9,torchref,0.2789,0.274157
r_work,refmac,torchref,2QHL,phenix,0.2746,0.267427
r_work,refmac,torchref,2QHL,refmac,0.2846,0.278352
r_work,refmac,torchref,2QHL,torchref,0.2657,0.257917
r_work,refmac,torchref,2QKL,phenix,0.3265,0.316278
r_work,refmac,torchref,2QKL,refmac,0.338,0.326208
r_work,refmac,torchref,2QKL,torchref,0.3161,0.296444
r_work,refmac,torchref,2QL3,phenix,0.2728,0.266738
r_work,refmac,torchref,2QL3,refmac,0.2694,0.265294
r_work,refmac,torchref,2QL3,torchref,0.2659,0.259054
r_work,refmac,torchref,2QM7,phenix,0.298,0.293394
r_work,refmac,torchref,2QM7,refmac,0.2902,0.285847
r_work,refmac,torchref,2QM7,torchref,0.2888,0.284111
r_work,refmac,torchref,2QML,phenix,0.3262,0.319806
r_work,refmac,torchref,2QML,refmac,0.3198,0.314504
r_work,refmac,torchref,2QML,torchref,0.3195,0.312803
r_work,refmac,torchref,2QOS,phenix,0.309,0.303653
r_work,refmac,torchref,2QOS,refmac,0.3098,0.305301
r_work,refmac,torchref,2QOS,torchref,0.3005,0.294239
r_work,refmac,torchref,2QSV,phenix,0.2952,0.285825
r_work,refmac,torchref,2QSV,refmac,0.2818,0.274173
r_work,refmac,torchref,2QSV,torchref,0.2839,0.271402
r_work,refmac,torchref,2QYA,phenix,0.3056,0.292094
r_work,refmac,torchref,2QYA,refmac,0.2962,0.284963
r_work,refmac,torchref,2QYA,torchref,0.307,0.292565
r_work,refmac,torchref,2R5F,phenix,0.2899,0.285781
r_work,refmac,torchref,2R5F,refmac,0.2819,0.2804
r_work,refmac,torchref,2R5F,torchref,0.2732,0.267298
r_work,refmac,torchref,2R6R,phenix,0.2671,0.258755
r_work,refmac,torchref,2R6R,refmac,0.2649,0.257469
r_work,refmac,torchref,2R6R,torchref,0.26,0.250973
r_work,refmac,torchref,2RCC,phenix,0.2989,0.293758
r_work,refmac,torchref,2RCC,refmac,0.2933,0.290117
r_work,refmac,torchref,2RCC,torchref,0.2919,0.286469
r_work,refmac,torchref,2RH3,phenix,0.239,0.230372
r_work,refmac,torchref,2RH3,refmac,0.2417,0.234129
r_work,refmac,torchref,2RH3,torchref,0.2339,0.223657
r_work,refmac,torchref,2UZ8,refmac,0.2746,0.271468
r_work,refmac,torchref,2UZ8,torchref,0.2813,0.275967
r_work,refmac,torchref,2V62,phenix,0.2633,0.254093
r_work,refmac,torchref,2V62,refmac,0.257,0.248796
r_work,refmac,torchref,2V62,torchref,0.2535,0.243221
r_work,refmac,torchref,2VEF,phenix,0.2856,0.280834
r_work,refmac,torchref,2VEF,refmac,0.2813,0.277686
r_work,refmac,torchref,2VEF,torchref,0.2783,0.274209
r_work,refmac,torchref,2VUN,phenix,0.2375,0.230843
r_work,refmac,torchref,2VUN,refmac,0.2331,0.227829
r_work,refmac,torchref,2VUN,torchref,0.2281,0.220319
r_work,refmac,torchref,2VZB,phenix,0.229,0.224495
r_work,refmac,torchref,2VZB,refmac,0.2242,0.225618
r_work,refmac,torchref,2VZB,torchref,0.2279,0.22425
r_work,refmac,torchref,2W3X,phenix,0.255,0.250604
r_work,refmac,torchref,2W3X,refmac,0.2423,0.240434
r_work,refmac,torchref,2W3X,torchref,0.2385,0.235009
r_work,refmac,torchref,2W9Y,phenix,0.2845,0.277949
r_work,refmac,torchref,2W9Y,refmac,0.2868,0.282169
r_work,refmac,torchref,2W9Y,torchref,0.2787,0.272873
r_work,refmac,torchref,2WDZ,phenix,0.2542,0.234927
r_work,refmac,torchref,2WDZ,refmac,0.2551,0.240702
r_work,refmac,torchref,2WDZ,torchref,0.2516,0.231929
r_work,refmac,torchref,2WNH,phenix,0.2495,0.24496
r_work,refmac,torchref,2WNH,refmac,0.2452,0.2416
r_work,refmac,torchref,2WNH,torchref,0.2415,0.236965
r_work,refmac,torchref,2WP1,phenix,0.4699,0.46486
r_work,refmac,torchref,2WP1,refmac,0.4687,0.462287
r_work,refmac,torchref,2WP1,torchref,0.4573,0.451213
r_work,refmac,torchref,2X1C,phenix,0.2287,0.222641
r_work,refmac,torchref,2X1C,refmac,0.2204,0.215814
r_work,refmac,torchref,2X1C,torchref,0.2184,0.211818
r_work,refmac,torchref,2X26,phenix,0.4275,0.411699
r_work,refmac,torchref,2X26,refmac,0.4174,0.40744
r_work,refmac,torchref,2X26,torchref,0.4298,0.415651
r_work,refmac,torchref,2XD0,phenix,0.3845,0.385994
r_work,refmac,torchref,2XD0,refmac,0.3818,0.383172
r_work,refmac,torchref,2XD0,torchref,0.4283,0.416344
r_work,refmac,torchref,2XDO,phenix,0.2627,0.243201
r_work,refmac,torchref,2XDO,refmac,0.2641,0.257609
r_work,refmac,torchref,2XDO,torchref,0.2615,0.240776
r_work,refmac,torchref,2XN4,phenix,0.295,0.288598
r_work,refmac,torchref,2XN4,refmac,0.3114,0.306521
r_work,refmac,torchref,2XN4,torchref,0.3618,0.326196
r_work,refmac,torchref,2XPI,phenix,0.2438,0.222597
r_work,refmac,torchref,2XPI,refmac,0.2324,0.222365
r_work,refmac,torchref,2XPI,torchref,0.2528,0.232009
r_work,refmac,torchref,2XPL,phenix,0.2543,0.247452
r_work,refmac,torchref,2XPL,refmac,0.2561,0.252576
r_work,refmac,torchref,2XPL,torchref,0.2605,0.253471
r_work,refmac,torchref,2XVS,phenix,0.3537,0.347833
r_work,refmac,torchref,2XVS,refmac,0.3612,0.35761
r_work,refmac,torchref,2XVS,torchref,0.3516,0.345058
r_work,refmac,torchref,2Y9W,phenix,0.2752,0.268783
r_work,refmac,torchref,2Y9W,refmac,0.274,0.269583
r_work,refmac,torchref,2Y9W,torchref,0.2783,0.269213
r_work,refmac,torchref,2YEU,phenix,0.3555,0.353579
r_work,refmac,torchref,2YEU,refmac,0.3488,0.34855
r_work,refmac,torchref,2YEU,torchref,0.3607,0.357592
r_work,refmac,torchref,2YFA,phenix,0.3478,0.338983
r_work,refmac,torchref,2YFA,refmac,0.3549,0.347918
r_work,refmac,torchref,2YFA,torchref,0.3444,0.336494
r_work,refmac,torchref,2YGB,phenix,0.3001,0.249825
r_work,refmac,torchref,2YGB,refmac,0.3427,0.322945
r_work,refmac,torchref,2YGB,torchref,0.3297,0.281975
r_work,refmac,torchref,2YGK,phenix,0.3314,0.312943
r_work,refmac,torchref,2YGK,refmac,0.3043,0.30059
r_work,refmac,torchref,2YGK,torchref,0.3268,0.305793
r_work,refmac,torchref,2YJT,phenix,0.222,0.220835
r_work,refmac,torchref,2YJT,refmac,0.2218,0.246292
r_work,refmac,torchref,2YJT,torchref,0.2961,0.275692
r_work,refmac,torchref,2YN0,phenix,0.2699,0.25023
r_work,refmac,torchref,2YN0,refmac,0.2675,0.250724
r_work,refmac,torchref,2YN0,torchref,0.2615,0.241486
r_work,refmac,torchref,2Z1D,phenix,0.2484,0.239273
r_work,refmac,torchref,2Z1D,refmac,0.2431,0.23763
r_work,refmac,torchref,2Z1D,torchref,0.2416,0.233773
r_work,refmac,torchref,2Z1Z,phenix,0.2132,0.205322
r_work,refmac,torchref,2Z1Z,refmac,0.2087,0.205979
r_work,refmac,torchref,2Z1Z,torchref,0.2126,0.203098
r_work,refmac,torchref,2Z7E,phenix,0.3256,0.318071
r_work,refmac,torchref,2Z7E,refmac,0.2988,0.295357
r_work,refmac,torchref,2Z7E,torchref,0.3096,0.299967
r_work,refmac,torchref,2ZIU,phenix,0.466,0.466201
r_work,refmac,torchref,2ZIU,refmac,0.4608,0.460467
r_work,refmac,torchref,2ZIU,torchref,0.4631,0.461874
r_work,refmac,torchref,2ZME,phenix,0.3047,0.314518
r_work,refmac,torchref,2ZME,refmac,0.2763,0.295339
r_work,refmac,torchref,2ZME,torchref,0.3064,0.313359
r_work,refmac,torchref,2ZON,phenix,0.2447,0.238293
r_work,refmac,torchref,2ZON,refmac,0.2417,0.235892
r_work,refmac,torchref,2ZON,torchref,0.24,0.23281
r_work,refmac,torchref,2ZUL,phenix,0.2607,0.254858
r_work,refmac,torchref,2ZUL,refmac,0.2594,0.254133
r_work,refmac,torchref,2ZUL,torchref,0.249,0.242716
r_work,refmac,torchref,3A58,phenix,0.3282,0.323615
r_work,refmac,torchref,3A58,refmac,0.3087,0.30834
r_work,refmac,torchref,3A58,torchref,0.3317,0.326263
r_work,refmac,torchref,3ADO,phenix,0.2376,0.232007
r_work,refmac,torchref,3ADO,refmac,0.235,0.229514
r_work,refmac,torchref,3ADO,torchref,0.2283,0.221849
r_work,refmac,torchref,3AJW,refmac,0.3535,0.348453
r_work,refmac,torchref,3AJW,torchref,0.3633,0.338843
r_work,refmac,torchref,3AMH,phenix,0.2089,0.198507
r_work,refmac,torchref,3AMH,refmac,0.2026,0.194563
r_work,refmac,torchref,3AMH,torchref,0.2026,0.190664
r_work,refmac,torchref,3AQG,phenix,0.2371,0.228804
r_work,refmac,torchref,3AQG,refmac,0.2568,0.253807
r_work,refmac,torchref,3AQG,torchref,0.2625,0.256312
r_work,refmac,torchref,3ATQ,phenix,0.2502,0.246928
r_work,refmac,torchref,3ATQ,refmac,0.2408,0.239365
r_work,refmac,torchref,3ATQ,torchref,0.2386,0.236122
r_work,refmac,torchref,3AV4,phenix,0.2993,0.304712
r_work,refmac,torchref,3AV4,refmac,0.2873,0.298022
r_work,refmac,torchref,3AV4,torchref,0.3273,0.329467
r_work,refmac,torchref,3B23,refmac,0.4452,0.444072
r_work,refmac,torchref,3B23,torchref,0.5224,0.496446
r_work,refmac,torchref,3B2D,phenix,0.2394,0.236886
r_work,refmac,torchref,3B2D,refmac,0.2379,0.242876
r_work,refmac,torchref,3B2D,torchref,0.2934,0.289117
r_work,refmac,torchref,3B8I,phenix,0.2746,0.266454
r_work,refmac,torchref,3B8I,refmac,0.2668,0.261502
r_work,refmac,torchref,3B8I,torchref,0.2621,0.252848
r_work,refmac,torchref,3BCI,phenix,0.2567,0.246073
r_work,refmac,torchref,3BCI,refmac,0.2495,0.238363
r_work,refmac,torchref,3BCI,torchref,0.2473,0.234133
r_work,refmac,torchref,3BGU,phenix,0.3347,0.330164
r_work,refmac,torchref,3BGU,refmac,0.332,0.32743
r_work,refmac,torchref,3BGU,torchref,0.3228,0.317559
r_work,refmac,torchref,3BJ6,phenix,0.337,0.329564
r_work,refmac,torchref,3BJ6,refmac,0.332,0.326612
r_work,refmac,torchref,3BJ6,torchref,0.3233,0.317281
r_work,refmac,torchref,3BNK,phenix,0.2543,0.239569
r_work,refmac,torchref,3BNK,refmac,0.2495,0.238729
r_work,refmac,torchref,3BNK,torchref,0.2472,0.23163
r_work,refmac,torchref,3BSD,phenix,0.3393,0.338316
r_work,refmac,torchref,3BSD,refmac,0.3306,0.329836
r_work,refmac,torchref,3BVQ,phenix,0.3044,0.313149
r_work,refmac,torchref,3BVQ,refmac,0.2821,0.292705
r_work,refmac,torchref,3BVQ,torchref,0.3259,0.328817
r_work,refmac,torchref,3C7J,phenix,0.5053,0.498307
r_work,refmac,torchref,3C7J,refmac,0.4951,0.492967
r_work,refmac,torchref,3C7J,torchref,0.5196,0.511331
r_work,refmac,torchref,3CAX,phenix,0.2375,0.226531
r_work,refmac,torchref,3CAX,refmac,0.2213,0.21757
r_work,refmac,torchref,3CAX,torchref,0.2277,0.212497
r_work,refmac,torchref,3CB0,phenix,0.2702,0.258431
r_work,refmac,torchref,3CB0,refmac,0.2677,0.257702
r_work,refmac,torchref,3CB0,torchref,0.2606,0.247989
r_work,refmac,torchref,3CB5,phenix,0.2835,0.264274
r_work,refmac,torchref,3CB5,refmac,0.2782,0.267512
r_work,refmac,torchref,3CB5,torchref,0.2826,0.26242
r_work,refmac,torchref,3CBM,phenix,0.2859,0.273095
r_work,refmac,torchref,3CBM,refmac,0.2805,0.26986
r_work,refmac,torchref,3CBM,torchref,0.2648,0.250923
r_work,refmac,torchref,3CGG,phenix,0.2871,0.284813
r_work,refmac,torchref,3CGG,refmac,0.2822,0.279602
r_work,refmac,torchref,3CGG,torchref,0.2873,0.284784
r_work,refmac,torchref,3CMQ,phenix,0.2277,0.222428
r_work,refmac,torchref,3CMQ,refmac,0.2162,0.214381
r_work,refmac,torchref,3CMQ,torchref,0.2255,0.220625
r_work,refmac,torchref,3CQO,phenix,0.232,0.21902
r_work,refmac,torchref,3CQO,refmac,0.2297,0.220109
r_work,refmac,torchref,3CQO,torchref,0.2313,0.215543
r_work,refmac,torchref,3CU3,phenix,0.3501,0.345531
r_work,refmac,torchref,3CU3,refmac,0.3519,0.348467
r_work,refmac,torchref,3CU3,torchref,0.4104,0.404152
r_work,refmac,torchref,3CXM,phenix,0.2664,0.254216
r_work,refmac,torchref,3CXM,refmac,0.256,0.244731
r_work,refmac,torchref,3CXM,torchref,0.2516,0.239347
r_work,refmac,torchref,3D1M,phenix,0.2831,0.276807
r_work,refmac,torchref,3D1M,refmac,0.2785,0.273956
r_work,refmac,torchref,3D1M,torchref,0.2725,0.26609
r_work,refmac,torchref,3D49,phenix,0.3869,0.382864
r_work,refmac,torchref,3D49,refmac,0.3743,0.370012
r_work,refmac,torchref,3D49,torchref,0.3608,0.356552
r_work,refmac,torchref,3DEE,phenix,0.3439,0.336674
r_work,refmac,torchref,3DEE,refmac,0.3422,0.338194
r_work,refmac,torchref,3DEE,torchref,0.3535,0.344499
r_work,refmac,torchref,3DIW,phenix,0.4438,0.429003
r_work,refmac,torchref,3DIW,refmac,0.3573,0.344403
r_work,refmac,torchref,3DIW,torchref,0.3856,0.363946
r_work,refmac,torchref,3DJD,phenix,0.2699,0.262394
r_work,refmac,torchref,3DJD,refmac,0.2652,0.258393
r_work,refmac,torchref,3DJD,torchref,0.2639,0.256129
r_work,refmac,torchref,3DJN,phenix,0.2469,0.236807
r_work,refmac,torchref,3DJN,refmac,0.2348,0.23068
r_work,refmac,torchref,3DJN,torchref,0.2399,0.229547
r_work,refmac,torchref,3DLA,phenix,0.2311,0.219324
r_work,refmac,torchref,3DLA,refmac,0.2205,0.215213
r_work,refmac,torchref,3DLA,torchref,0.227,0.214016
r_work,refmac,torchref,3DOH,refmac,0.2201,0.220255
r_work,refmac,torchref,3DOH,torchref,0.2307,0.22136
r_work,refmac,torchref,3DXI,phenix,0.2925,0.28624
r_work,refmac,torchref,3DXI,refmac,0.2991,0.293888
r_work,refmac,torchref,3DXI,torchref,0.2973,0.2897
r_work,refmac,torchref,3E7P,phenix,0.2615,0.254259
r_work,refmac,torchref,3E7P,refmac,0.2471,0.244278
r_work,refmac,torchref,3E7P,torchref,0.2406,0.233927
r_work,refmac,torchref,3E8S,phenix,0.2862,0.281403
r_work,refmac,torchref,3E8S,refmac,0.2722,0.267004
r_work,refmac,torchref,3E8S,torchref,0.2719,0.265429
r_work,refmac,torchref,3E8V,phenix,0.2484,0.235901
r_work,refmac,torchref,3E8V,refmac,0.3114,0.301665
r_work,refmac,torchref,3E8V,torchref,0.2522,0.237072
r_work,refmac,torchref,3E98,phenix,0.3494,0.337069
r_work,refmac,torchref,3E98,refmac,0.3397,0.334783
r_work,refmac,torchref,3E98,torchref,0.3544,0.34417
r_work,refmac,torchref,3E99,phenix,0.3157,0.311415
r_work,refmac,torchref,3E99,refmac,0.3078,0.304328
r_work,refmac,torchref,3E99,torchref,0.3105,0.30427
r_work,refmac,torchref,3EC1,phenix,0.3495,0.336026
r_work,refmac,torchref,3EC1,refmac,0.3322,0.326761
r_work,refmac,torchref,3EC1,torchref,0.3424,0.327924
r_work,refmac,torchref,3ED4,phenix,0.3016,0.294471
r_work,refmac,torchref,3ED4,refmac,0.2917,0.285306
r_work,refmac,torchref,3ED4,torchref,0.2904,0.281544
r_work,refmac,torchref,3EFY,phenix,0.2893,0.281412
r_work,refmac,torchref,3EFY,refmac,0.2847,0.278112
r_work,refmac,torchref,3EFY,torchref,0.274,0.266102
r_work,refmac,torchref,3ER7,refmac,0.3051,0.299658
r_work,refmac,torchref,3ER7,torchref,0.2955,0.288615
r_work,refmac,torchref,3EUS,phenix,0.272,0.265141
r_work,refmac,torchref,3EUS,refmac,0.2573,0.251939
r_work,refmac,torchref,3EUS,torchref,0.2568,0.24804
r_work,refmac,torchref,3FBI,phenix,0.3297,0.330666
r_work,refmac,torchref,3FBI,refmac,0.2963,0.298186
r_work,refmac,torchref,3FBI,torchref,0.3106,0.307141
r_work,refmac,torchref,3FJU,phenix,0.3009,0.294763
r_work,refmac,torchref,3FJU,refmac,0.3051,0.301079
r_work,refmac,torchref,3FJU,torchref,0.2984,0.291675
r_work,refmac,torchref,3FKK,phenix,0.2389,0.231667
r_work,refmac,torchref,3FKK,refmac,0.2393,0.232581
r_work,refmac,torchref,3FKK,torchref,0.2371,0.227634
r_work,refmac,torchref,3FPR,phenix,0.304,0.297186
r_work,refmac,torchref,3FPR,refmac,0.2726,0.267702
r_work,refmac,torchref,3FPR,torchref,0.2725,0.266237
r_work,refmac,torchref,3FVE,phenix,0.2602,0.249664
r_work,refmac,torchref,3FVE,refmac,0.2499,0.245977
r_work,refmac,torchref,3FVE,torchref,0.255,0.244773
r_work,refmac,torchref,3FVV,refmac,0.2434,0.238869
r_work,refmac,torchref,3FVV,torchref,0.2474,0.239216
r_work,refmac,torchref,3G39,phenix,0.2391,0.233437
r_work,refmac,torchref,3G39,refmac,0.2336,0.22775
r_work,refmac,torchref,3G39,torchref,0.2322,0.225709
r_work,refmac,torchref,3G3O,phenix,0.2659,0.256108
r_work,refmac,torchref,3G3O,refmac,0.2581,0.248928
r_work,refmac,torchref,3G3O,torchref,0.2685,0.258678
r_work,refmac,torchref,3G6L,phenix,0.2773,0.266388
r_work,refmac,torchref,3G6L,refmac,0.2815,0.272534
r_work,refmac,torchref,3G6L,torchref,0.2747,0.263758
r_work,refmac,torchref,3G85,phenix,0.2951,0.292036
r_work,refmac,torchref,3G85,refmac,0.2894,0.287375
r_work,refmac,torchref,3G85,torchref,0.2873,0.283623
r_work,refmac,torchref,3GEB,refmac,0.276,0.272388
r_work,refmac,torchref,3GEB,torchref,0.2779,0.271055
r_work,refmac,torchref,3GF6,phenix,0.2987,0.290404
r_work,refmac,torchref,3GF6,refmac,0.2989,0.291296
r_work,refmac,torchref,3GF6,torchref,0.2935,0.284411
r_work,refmac,torchref,3GLR,phenix,0.3282,0.315914
r_work,refmac,torchref,3GLR,refmac,0.2924,0.280187
r_work,refmac,torchref,3GLR,torchref,0.2983,0.282031
r_work,refmac,torchref,3GM5,phenix,0.3059,0.303357
r_work,refmac,torchref,3GM5,refmac,0.3046,0.302272
r_work,refmac,torchref,3GM5,torchref,0.3065,0.302628
r_work,refmac,torchref,3GMV,phenix,0.2721,0.374264
r_work,refmac,torchref,3GMV,refmac,0.3073,0.411009
r_work,refmac,torchref,3GMV,torchref,0.3317,0.32298
r_work,refmac,torchref,3GQU,phenix,0.3558,0.341679
r_work,refmac,torchref,3GQU,refmac,0.3443,0.328764
r_work,refmac,torchref,3GQU,torchref,0.3453,0.325364
r_work,refmac,torchref,3GR5,phenix,0.2994,0.291981
r_work,refmac,torchref,3GR5,refmac,0.29,0.284169
r_work,refmac,torchref,3GR5,torchref,0.2918,0.283142
r_work,refmac,torchref,3GXQ,phenix,0.376,0.378089
r_work,refmac,torchref,3GXQ,refmac,0.3713,0.373385
r_work,refmac,torchref,3GXQ,torchref,0.3712,0.370209
r_work,refmac,torchref,3H1T,phenix,0.2697,0.258879
r_work,refmac,torchref,3H1T,refmac,0.2637,0.255144
r_work,refmac,torchref,3H1T,torchref,0.2712,0.259113
r_work,refmac,torchref,3H6E,phenix,0.2524,0.245406
r_work,refmac,torchref,3H6E,refmac,0.2484,0.246722
r_work,refmac,torchref,3H6E,torchref,0.2667,0.256839
r_work,refmac,torchref,3H6R,phenix,0.2499,0.241693
r_work,refmac,torchref,3H6R,refmac,0.2466,0.23948
r_work,refmac,torchref,3H6R,torchref,0.2404,0.23155
r_work,refmac,torchref,3H7O,phenix,0.2501,0.231365
r_work,refmac,torchref,3H7O,refmac,0.2481,0.234019
r_work,refmac,torchref,3H7O,torchref,0.2422,0.223013
r_work,refmac,torchref,3HBC,phenix,0.296,0.291733
r_work,refmac,torchref,3HBC,refmac,0.2775,0.275535
r_work,refmac,torchref,3HBC,torchref,0.2852,0.281704
r_work,refmac,torchref,3HHC,phenix,0.3426,0.328928
r_work,refmac,torchref,3HHC,refmac,0.335,0.329822
r_work,refmac,torchref,3HHC,torchref,0.3605,0.341043
r_work,refmac,torchref,3HL0,phenix,0.3369,0.333342
r_work,refmac,torchref,3HL0,refmac,0.3146,0.311262
r_work,refmac,torchref,3HL0,torchref,0.3218,0.318072
r_work,refmac,torchref,3HST,phenix,0.2535,0.229182
r_work,refmac,torchref,3HST,refmac,0.2615,0.246024
r_work,refmac,torchref,3HST,torchref,0.256,0.231133
r_work,refmac,torchref,3HTK,phenix,0.3958,0.385053
r_work,refmac,torchref,3HTK,refmac,0.3993,0.39203
r_work,refmac,torchref,3HTK,torchref,0.3871,0.37447
r_work,refmac,torchref,3HTV,phenix,0.3124,0.306217
r_work,refmac,torchref,3HTV,refmac,0.2923,0.28902
r_work,refmac,torchref,3HTV,torchref,0.293,0.285475
r_work,refmac,torchref,3I38,phenix,0.3348,0.324433
r_work,refmac,torchref,3I38,refmac,0.3085,0.301903
r_work,refmac,torchref,3I38,torchref,0.3235,0.312393
r_work,refmac,torchref,3IC8,phenix,0.2749,0.269819
r_work,refmac,torchref,3IC8,refmac,0.267,0.26578
r_work,refmac,torchref,3IC8,torchref,0.2901,0.284137
r_work,refmac,torchref,3IHU,phenix,0.3534,0.350926
r_work,refmac,torchref,3IHU,refmac,0.3472,0.345758
r_work,refmac,torchref,3IHU,torchref,0.3522,0.348216
r_work,refmac,torchref,3IUG,phenix,0.2797,0.267019
r_work,refmac,torchref,3IUG,refmac,0.2687,0.260598
r_work,refmac,torchref,3IUG,torchref,0.2645,0.252458
r_work,refmac,torchref,3IVB,phenix,0.441,0.436463
r_work,refmac,torchref,3IVB,refmac,0.4071,0.402938
r_work,refmac,torchref,3IVB,torchref,0.3966,0.389818
r_work,refmac,torchref,3JST,phenix,0.2571,0.25034
r_work,refmac,torchref,3JST,refmac,0.2642,0.257235
r_work,refmac,torchref,3JST,torchref,0.2545,0.244315
r_work,refmac,torchref,3JWH,phenix,0.2983,0.289025
r_work,refmac,torchref,3JWH,refmac,0.2746,0.267173
r_work,refmac,torchref,3JWH,torchref,0.2924,0.280915
r_work,refmac,torchref,3K7M,phenix,0.2911,0.286154
r_work,refmac,torchref,3K7M,refmac,0.284,0.279905
r_work,refmac,torchref,3KFW,phenix,0.3305,0.324188
r_work,refmac,torchref,3KFW,refmac,0.3176,0.315998
r_work,refmac,torchref,3KFW,torchref,0.3234,0.317085
r_work,refmac,torchref,3KGR,phenix,0.2702,0.262312
r_work,refmac,torchref,3KGR,refmac,0.2749,0.267638
r_work,refmac,torchref,3KGR,torchref,0.2676,0.258411
r_work,refmac,torchref,3KKD,phenix,0.3433,0.340472
r_work,refmac,torchref,3KKD,refmac,0.3189,0.318115
r_work,refmac,torchref,3KKD,torchref,0.3435,0.33927
r_work,refmac,torchref,3KKE,phenix,0.2493,0.24121
r_work,refmac,torchref,3KKE,refmac,0.24,0.236118
r_work,refmac,torchref,3KKE,torchref,0.2425,0.234228
r_work,refmac,torchref,3KOL,phenix,0.317,0.313663
r_work,refmac,torchref,3KOL,refmac,0.3091,0.306851
r_work,refmac,torchref,3KOL,torchref,0.3064,0.303357
r_work,refmac,torchref,3KXR,phenix,0.3764,0.368208
r_work,refmac,torchref,3KXR,refmac,0.3698,0.361605
r_work,refmac,torchref,3KXR,torchref,0.375,0.367895
r_work,refmac,torchref,3KZP,phenix,0.3515,0.343998
r_work,refmac,torchref,3KZP,refmac,0.3543,0.349874
r_work,refmac,torchref,3KZP,torchref,0.3454,0.336553
r_work,refmac,torchref,3L1W,phenix,0.2586,0.246904
r_work,refmac,torchref,3L1W,refmac,0.2567,0.245322
r_work,refmac,torchref,3L1W,torchref,0.252,0.239834
r_work,refmac,torchref,3L2H,phenix,0.3007,0.294028
r_work,refmac,torchref,3L2H,refmac,0.3003,0.293744
r_work,refmac,torchref,3L2H,torchref,0.2935,0.286504
r_work,refmac,torchref,3L6F,phenix,0.3186,0.30955
r_work,refmac,torchref,3L6F,refmac,0.3016,0.293865
r_work,refmac,torchref,3L6F,torchref,0.3071,0.297143
r_work,refmac,torchref,3LLI,phenix,0.3188,0.317823
r_work,refmac,torchref,3LLI,refmac,0.3051,0.306773
r_work,refmac,torchref,3LLI,torchref,0.3047,0.301691
r_work,refmac,torchref,3LOC,phenix,0.2944,0.287875
r_work,refmac,torchref,3LOC,refmac,0.2759,0.275075
r_work,refmac,torchref,3LOC,torchref,0.2906,0.283405
r_work,refmac,torchref,3LS0,phenix,0.238,0.233083
r_work,refmac,torchref,3LS0,refmac,0.2337,0.230575
r_work,refmac,torchref,3LS0,torchref,0.2328,0.227732
r_work,refmac,torchref,3LW3,phenix,0.2671,0.255054
r_work,refmac,torchref,3LW3,refmac,0.2654,0.25361
r_work,refmac,torchref,3LW3,torchref,0.2569,0.243117
r_work,refmac,torchref,3M1G,phenix,0.2667,0.259789
r_work,refmac,torchref,3M1G,refmac,0.2592,0.25453
r_work,refmac,torchref,3M1T,phenix,0.3728,0.369078
r_work,refmac,torchref,3M1T,refmac,0.3604,0.357478
r_work,refmac,torchref,3M1T,torchref,0.3552,0.350174
r_work,refmac,torchref,3M91,phenix,0.5296,0.495785
r_work,refmac,torchref,3M91,refmac,0.5056,0.495722
r_work,refmac,torchref,3M91,torchref,0.4961,0.483314
r_work,refmac,torchref,3MB2,phenix,0.4197,0.42594
r_work,refmac,torchref,3MB2,refmac,0.3924,0.407051
r_work,refmac,torchref,3MB2,torchref,0.4206,0.426032
r_work,refmac,torchref,3MKR,phenix,0.2395,0.231715
r_work,refmac,torchref,3MKR,refmac,0.224,0.220233
r_work,refmac,torchref,3MKR,torchref,0.2367,0.228412
r_work,refmac,torchref,3ML3,phenix,0.2996,0.287694
r_work,refmac,torchref,3ML3,refmac,0.2844,0.274333
r_work,refmac,torchref,3ML3,torchref,0.2789,0.265835
r_work,refmac,torchref,3MML,phenix,0.2771,0.269405
r_work,refmac,torchref,3MML,refmac,0.266,0.260628
r_work,refmac,torchref,3MML,torchref,0.2827,0.271842
r_work,refmac,torchref,3MQ2,phenix,0.306,0.302018
r_work,refmac,torchref,3MQ2,refmac,0.2969,0.2935
r_work,refmac,torchref,3MQ2,torchref,0.2997,0.295811
r_work,refmac,torchref,3MV2,phenix,0.2782,0.261215
r_work,refmac,torchref,3MV2,refmac,0.2912,0.299815
r_work,refmac,torchref,3MV2,torchref,0.291,0.262054
r_work,refmac,torchref,3MYU,phenix,0.2626,0.25639
r_work,refmac,torchref,3MYU,refmac,0.2541,0.251288
r_work,refmac,torchref,3MYU,torchref,0.2554,0.248564
r_work,refmac,torchref,3N39,phenix,0.2344,0.227336
r_work,refmac,torchref,3N39,refmac,0.2184,0.219675
r_work,refmac,torchref,3N39,torchref,0.2323,0.221171
r_work,refmac,torchref,3N55,phenix,0.3058,0.299958
r_work,refmac,torchref,3N55,refmac,0.2982,0.294123
r_work,refmac,torchref,3N55,torchref,0.2945,0.288744
r_work,refmac,torchref,3N5L,phenix,0.2843,0.276838
r_work,refmac,torchref,3N5L,refmac,0.2809,0.273435
r_work,refmac,torchref,3N5L,torchref,0.2791,0.270044
r_work,refmac,torchref,3N74,phenix,0.2288,0.219122
r_work,refmac,torchref,3N74,refmac,0.2294,0.224096
r_work,refmac,torchref,3N74,torchref,0.2311,0.220903
r_work,refmac,torchref,3N9U,phenix,0.2887,0.258814
r_work,refmac,torchref,3N9U,refmac,0.2901,0.264948
r_work,refmac,torchref,3N9U,torchref,0.2826,0.251902
r_work,refmac,torchref,3NJB,phenix,0.2683,0.266638
r_work,refmac,torchref,3NJB,refmac,0.2615,0.259961
r_work,refmac,torchref,3NJE,phenix,0.2983,0.290217
r_work,refmac,torchref,3NJE,refmac,0.2794,0.272507
r_work,refmac,torchref,3NJE,torchref,0.2719,0.262353
r_work,refmac,torchref,3NO8,phenix,0.2702,0.260797
r_work,refmac,torchref,3NO8,refmac,0.2653,0.258
r_work,refmac,torchref,3NO8,torchref,0.2692,0.255832
r_work,refmac,torchref,3NYY,refmac,0.2929,0.287748
r_work,refmac,torchref,3NYY,torchref,0.2877,0.281355
r_work,refmac,torchref,3OAP,phenix,0.2652,0.262455
r_work,refmac,torchref,3OAP,refmac,0.2478,0.246735
r_work,refmac,torchref,3OAP,torchref,0.2504,0.247121
r_work,refmac,torchref,3OC7,phenix,0.2395,0.234156
r_work,refmac,torchref,3OC7,refmac,0.2326,0.227769
r_work,refmac,torchref,3OC7,torchref,0.2261,0.221008
r_work,refmac,torchref,3OEC,phenix,0.2611,0.256135
r_work,refmac,torchref,3OEC,refmac,0.2632,0.259385
r_work,refmac,torchref,3OEC,torchref,0.2538,0.248356
r_work,refmac,torchref,3OFJ,phenix,0.2388,0.230019
r_work,refmac,torchref,3OFJ,refmac,0.2828,0.279972
r_work,refmac,torchref,3OFJ,torchref,0.2761,0.263039
r_work,refmac,torchref,3OOQ,phenix,0.2575,0.253359
r_work,refmac,torchref,3OOQ,refmac,0.2561,0.253456
r_work,refmac,torchref,3OOQ,torchref,0.2563,0.251402
r_work,refmac,torchref,3P86,phenix,0.2546,0.243099
r_work,refmac,torchref,3P86,refmac,0.2338,0.229993
r_work,refmac,torchref,3P86,torchref,0.2502,0.235931
r_work,refmac,torchref,3PFY,phenix,0.37,0.364176
r_work,refmac,torchref,3PFY,refmac,0.3556,0.349029
r_work,refmac,torchref,3PFY,torchref,0.3506,0.343386
r_work,refmac,torchref,3PPU,phenix,0.2342,0.223083
r_work,refmac,torchref,3PPU,refmac,0.228,0.222476
r_work,refmac,torchref,3PPU,torchref,0.2337,0.222233
r_work,refmac,torchref,3PZ8,phenix,0.2811,0.283358
r_work,refmac,torchref,3PZ8,refmac,0.2512,0.261067
r_work,refmac,torchref,3PZ8,torchref,0.2797,0.277587
r_work,refmac,torchref,3QC1,phenix,0.3687,0.362642
r_work,refmac,torchref,3QC1,refmac,0.3028,0.302193
r_work,refmac,torchref,3QC1,torchref,0.3495,0.340595
r_work,refmac,torchref,3QDO,refmac,0.3429,0.339512
r_work,refmac,torchref,3QDO,torchref,0.3304,0.322764
r_work,refmac,torchref,3QKL,phenix,0.3021,0.291988
r_work,refmac,torchref,3QKL,refmac,0.2974,0.287703
r_work,refmac,torchref,3QKL,torchref,0.2701,0.257568
r_work,refmac,torchref,3QLA,phenix,0.37,0.361102
r_work,refmac,torchref,3QLA,refmac,0.3839,0.37372
r_work,refmac,torchref,3QLA,torchref,0.3576,0.346571
r_work,refmac,torchref,3QNM,phenix,0.2963,0.284539
r_work,refmac,torchref,3QNM,refmac,0.2915,0.281002
r_work,refmac,torchref,3QNM,torchref,0.289,0.276949
r_work,refmac,torchref,3QTA,phenix,0.3416,0.33947
r_work,refmac,torchref,3QTA,refmac,0.3388,0.337
r_work,refmac,torchref,3QTA,torchref,0.3339,0.330893
r_work,refmac,torchref,3QVJ,phenix,0.2747,0.265422
r_work,refmac,torchref,3QVJ,refmac,0.2715,0.264243
r_work,refmac,torchref,3QVJ,torchref,0.2731,0.262378
r_work,refmac,torchref,3R0Q,phenix,0.2545,0.236276
r_work,refmac,torchref,3R0Q,refmac,0.2614,0.260026
r_work,refmac,torchref,3R0Q,torchref,0.2807,0.263474
r_work,refmac,torchref,3R6B,phenix,0.4908,0.482656
r_work,refmac,torchref,3R6B,refmac,0.5512,0.554289
r_work,refmac,torchref,3R6B,torchref,0.5053,0.49337
r_work,refmac,torchref,3RAZ,phenix,0.2847,0.277448
r_work,refmac,torchref,3RAZ,refmac,0.3013,0.296645
r_work,refmac,torchref,3RAZ,torchref,0.2705,0.263038
r_work,refmac,torchref,3RLE,phenix,0.4561,0.45817
r_work,refmac,torchref,3RLE,refmac,0.456,0.457497
r_work,refmac,torchref,3RLE,torchref,0.454,0.455229
r_work,refmac,torchref,3RQ4,phenix,0.3013,0.292121
r_work,refmac,torchref,3RQ4,refmac,0.2916,0.28295
r_work,refmac,torchref,3RQ4,torchref,0.2913,0.281801
r_work,refmac,torchref,3RST,phenix,0.2232,0.215964
r_work,refmac,torchref,3RST,refmac,0.2131,0.210006
r_work,refmac,torchref,3RST,torchref,0.2175,0.209571
r_work,refmac,torchref,3SF5,phenix,0.2146,0.206866
r_work,refmac,torchref,3SF5,refmac,0.217,0.214532
r_work,refmac,torchref,3SF5,torchref,0.2231,0.213965
r_work,refmac,torchref,3SHW,phenix,0.242,0.252188
r_work,refmac,torchref,3SHW,refmac,0.235,0.261621
r_work,refmac,torchref,3SHW,torchref,0.2646,0.271178
r_work,refmac,torchref,3SOL,phenix,0.3009,0.298255
r_work,refmac,torchref,3SOL,refmac,0.2955,0.291683
r_work,refmac,torchref,3SOL,torchref,0.301,0.295871
r_work,refmac,torchref,3SUZ,phenix,0.4091,0.403743
r_work,refmac,torchref,3SUZ,refmac,0.3971,0.394751
r_work,refmac,torchref,3SUZ,torchref,0.4178,0.402441
r_work,refmac,torchref,3T0Q,phenix,0.3019,0.292928
r_work,refmac,torchref,3T0Q,refmac,0.2967,0.28999
r_work,refmac,torchref,3T0Q,torchref,0.301,0.289171
r_work,refmac,torchref,3T9O,phenix,0.2512,0.245941
r_work,refmac,torchref,3T9O,refmac,0.2431,0.243259
r_work,refmac,torchref,3T9O,torchref,0.2554,0.249789
r_work,refmac,torchref,3TCO,phenix,0.2481,0.243008
r_work,refmac,torchref,3TCO,refmac,0.2466,0.242093
r_work,refmac,torchref,3TCO,torchref,0.2382,0.232939
r_work,refmac,torchref,3THF,phenix,0.2881,0.277314
r_work,refmac,torchref,3THF,refmac,0.2508,0.251568
r_work,refmac,torchref,3THF,torchref,0.2744,0.263144
r_work,refmac,torchref,3TIX,phenix,0.3263,0.332617
r_work,refmac,torchref,3TIX,refmac,0.3135,0.325934
r_work,refmac,torchref,3TIX,torchref,0.3347,0.339522
r_work,refmac,torchref,3TSZ,phenix,0.2735,0.26163
r_work,refmac,torchref,3TSZ,refmac,0.2608,0.252194
r_work,refmac,torchref,3TSZ,torchref,0.2737,0.25886
r_work,refmac,torchref,3TU7,phenix,0.3464,0.343084
r_work,refmac,torchref,3TU7,refmac,0.3528,0.348909
r_work,refmac,torchref,3TU7,torchref,0.4518,0.427245
r_work,refmac,torchref,3TVA,phenix,0.269,0.264169
r_work,refmac,torchref,3TVA,refmac,0.2571,0.253992
r_work,refmac,torchref,3TVA,torchref,0.2566,0.250036
r_work,refmac,torchref,3U1D,phenix,0.3233,0.315817
r_work,refmac,torchref,3U1D,refmac,0.3105,0.305291
r_work,refmac,torchref,3U1D,torchref,0.312,0.304667
r_work,refmac,torchref,3U2A,phenix,0.3492,0.342435
r_work,refmac,torchref,3U2A,refmac,0.3438,0.338412
r_work,refmac,torchref,3U2A,torchref,0.3359,0.327349
r_work,refmac,torchref,3U66,phenix,0.3132,0.308629
r_work,refmac,torchref,3U66,refmac,0.3201,0.320018
r_work,refmac,torchref,3U66,torchref,0.3394,0.331459
r_work,refmac,torchref,3U9L,phenix,0.2772,0.261185
r_work,refmac,torchref,3U9L,refmac,0.2699,0.258292
r_work,refmac,torchref,3U9L,torchref,0.2729,0.25683
r_work,refmac,torchref,3UJ6,refmac,0.2483,0.24236
r_work,refmac,torchref,3UJ6,torchref,0.2446,0.237883
r_work,refmac,torchref,3UN9,phenix,0.3382,0.330633
r_work,refmac,torchref,3UN9,refmac,0.3081,0.305561
r_work,refmac,torchref,3UN9,torchref,0.3482,0.338607
r_work,refmac,torchref,3UNG,phenix,0.3102,0.297636
r_work,refmac,torchref,3UNG,refmac,0.2638,0.259555
r_work,refmac,torchref,3UNG,torchref,0.3023,0.288116
r_work,refmac,torchref,3UTN,phenix,0.2506,0.240008
r_work,refmac,torchref,3UTN,refmac,0.2467,0.236937
r_work,refmac,torchref,3UTN,torchref,0.242,0.232038
r_work,refmac,torchref,3UVO,phenix,0.2589,0.25073
r_work,refmac,torchref,3UVO,refmac,0.2444,0.24027
r_work,refmac,torchref,3UVO,torchref,0.2533,0.243874
r_work,refmac,torchref,3V70,phenix,0.2441,0.239483
r_work,refmac,torchref,3V70,refmac,0.2339,0.232038
r_work,refmac,torchref,3V70,torchref,0.2433,0.236916
r_work,refmac,torchref,3VD8,phenix,0.5217,0.517263
r_work,refmac,torchref,3VD8,refmac,0.5322,0.53065
r_work,refmac,torchref,3VD8,torchref,0.5231,0.518304
r_work,refmac,torchref,3VEP,phenix,0.5284,0.526245
r_work,refmac,torchref,3VEP,refmac,0.5153,0.518014
r_work,refmac,torchref,3VEP,torchref,0.5151,0.512035
r_work,refmac,torchref,3VFO,phenix,0.4337,0.325005
r_work,refmac,torchref,3VFO,refmac,0.4961,0.416679
r_work,refmac,torchref,3VFO,torchref,0.432,0.323992
r_work,refmac,torchref,3VFP,phenix,0.5432,0.294785
r_work,refmac,torchref,3VFP,refmac,0.6056,0.427921
r_work,refmac,torchref,3VFP,torchref,0.579,0.339669
r_work,refmac,torchref,3VHL,phenix,0.31,0.307279
r_work,refmac,torchref,3VHL,refmac,0.2851,0.282018
r_work,refmac,torchref,3VHL,torchref,0.3201,0.315069
r_work,refmac,torchref,3VPB,phenix,0.2815,0.273882
r_work,refmac,torchref,3VPB,refmac,0.2755,0.268637
r_work,refmac,torchref,3VPB,torchref,0.2707,0.262402
r_work,refmac,torchref,3VRJ,phenix,0.355,0.351345
r_work,refmac,torchref,3VRJ,refmac,0.3514,0.347819
r_work,refmac,torchref,3VRJ,torchref,0.3566,0.352556
r_work,refmac,torchref,3VSM,phenix,0.2433,0.238956
r_work,refmac,torchref,3VSM,refmac,0.2411,0.237248
r_work,refmac,torchref,3VSM,torchref,0.2353,0.229219
r_work,refmac,torchref,3VST,phenix,0.2391,0.23186
r_work,refmac,torchref,3VST,refmac,0.2347,0.227824
r_work,refmac,torchref,3VST,torchref,0.2286,0.22069
r_work,refmac,torchref,3VUQ,phenix,0.2932,0.291205
r_work,refmac,torchref,3VUQ,refmac,0.2912,0.291485
r_work,refmac,torchref,3VUQ,torchref,0.2946,0.291754
r_work,refmac,torchref,3VYN,phenix,0.2046,0.195457
r_work,refmac,torchref,3VYN,refmac,0.205,0.201256
r_work,refmac,torchref,3VYN,torchref,0.2174,0.206011
r_work,refmac,torchref,3W0L,phenix,0.3039,0.298281
r_work,refmac,torchref,3W0L,refmac,0.2864,0.297642
r_work,refmac,torchref,3W0L,torchref,0.3466,0.33275
r_work,refmac,torchref,3W3T,phenix,0.2801,0.276652
r_work,refmac,torchref,3W3T,refmac,0.2381,0.254139
r_work,refmac,torchref,3W3T,torchref,0.301,0.294081
r_work,refmac,torchref,3W3W,phenix,0.2879,0.249147
r_work,refmac,torchref,3W3W,refmac,0.2829,0.25304
r_work,refmac,torchref,3W3W,torchref,0.2862,0.247256
r_work,refmac,torchref,3W56,phenix,0.3078,0.277357
r_work,refmac,torchref,3W56,refmac,0.3079,0.284177
r_work,refmac,torchref,3W56,torchref,0.2961,0.264923
r_work,refmac,torchref,3W8W,phenix,0.28,0.275629
r_work,refmac,torchref,3W8W,refmac,0.2775,0.273879
r_work,refmac,torchref,3W8W,torchref,0.2678,0.262921
r_work,refmac,torchref,3WNV,phenix,0.2736,0.265223
r_work,refmac,torchref,3WNV,refmac,0.2736,0.266666
r_work,refmac,torchref,3WNV,torchref,0.264,0.255376
r_work,refmac,torchref,3WTQ,phenix,0.2996,0.29722
r_work,refmac,torchref,3WTQ,refmac,0.2836,0.282844
r_work,refmac,torchref,3WTQ,torchref,0.2783,0.273663
r_work,refmac,torchref,3WW1,phenix,0.2302,0.222622
r_work,refmac,torchref,3WW1,refmac,0.2261,0.221008
r_work,refmac,torchref,3WW1,torchref,0.2245,0.215506
r_work,refmac,torchref,3X0X,phenix,0.2271,0.222246
r_work,refmac,torchref,3X0X,refmac,0.218,0.216599
r_work,refmac,torchref,3X0X,torchref,0.224,0.218154
r_work,refmac,torchref,3ZH9,phenix,0.2804,0.258394
r_work,refmac,torchref,3ZH9,refmac,0.2684,0.251365
r_work,refmac,torchref,3ZH9,torchref,0.2653,0.240495
r_work,refmac,torchref,3ZIE,phenix,0.2592,0.257723
r_work,refmac,torchref,3ZIE,refmac,0.262,0.260551
r_work,refmac,torchref,3ZIE,torchref,0.2558,0.253532
r_work,refmac,torchref,4AK1,phenix,0.4399,0.416052
r_work,refmac,torchref,4AK1,refmac,0.4621,0.448515
r_work,refmac,torchref,4AK1,torchref,0.4392,0.414805
r_work,refmac,torchref,4ALY,phenix,0.2361,0.224491
r_work,refmac,torchref,4ALY,refmac,0.2336,0.226464
r_work,refmac,torchref,4ALY,torchref,0.2357,0.223669
r_work,refmac,torchref,4AOM,phenix,0.2663,0.260718
r_work,refmac,torchref,4AOM,refmac,0.2802,0.274957
r_work,refmac,torchref,4AOM,torchref,0.269,0.261207
r_work,refmac,torchref,4AUP,phenix,0.2813,0.271873
r_work,refmac,torchref,4AUP,refmac,0.2766,0.268841
r_work,refmac,torchref,4AUP,torchref,0.2723,0.262135
r_work,refmac,torchref,4B18,phenix,0.2433,0.234463
r_work,refmac,torchref,4B18,refmac,0.2625,0.25844
r_work,refmac,torchref,4B18,torchref,0.2286,0.219697
r_work,refmac,torchref,4BU1,phenix,0.4286,0.3672
r_work,refmac,torchref,4BU1,refmac,0.4213,0.376589
r_work,refmac,torchref,4BU1,torchref,0.4463,0.376833
r_work,refmac,torchref,4BVE,phenix,0.2883,0.282344
r_work,refmac,torchref,4BVE,refmac,0.2842,0.280503
r_work,refmac,torchref,4BVE,torchref,0.2834,0.276453
r_work,refmac,torchref,4BX9,phenix,0.2663,0.248235
r_work,refmac,torchref,4BX9,refmac,0.2484,0.239454
r_work,refmac,torchref,4BX9,torchref,0.2687,0.250931
r_work,refmac,torchref,4C1S,phenix,0.2524,0.241877
r_work,refmac,torchref,4C1S,refmac,0.2532,0.243923
r_work,refmac,torchref,4C1S,torchref,0.2498,0.237807
r_work,refmac,torchref,4C6R,phenix,0.2907,0.284751
r_work,refmac,torchref,4C6R,refmac,0.297,0.293347
r_work,refmac,torchref,4C6R,torchref,0.2832,0.277316
r_work,refmac,torchref,4CE5,phenix,0.2528,0.240905
r_work,refmac,torchref,4CE5,refmac,0.2489,0.240134
r_work,refmac,torchref,4CE5,torchref,0.2454,0.232838
r_work,refmac,torchref,4CGB,phenix,0.5421,0.544524
r_work,refmac,torchref,4CGB,refmac,0.537,0.538244
r_work,refmac,torchref,4CGB,torchref,0.5339,0.533231
r_work,refmac,torchref,4CH9,phenix,0.263,0.255133
r_work,refmac,torchref,4CH9,refmac,0.2618,0.253602
r_work,refmac,torchref,4CH9,torchref,0.2468,0.237885
r_work,refmac,torchref,4CKT,phenix,0.3518,0.287597
r_work,refmac,torchref,4CKT,refmac,0.3838,0.349159
r_work,refmac,torchref,4CKT,torchref,0.4424,0.374983
r_work,refmac,torchref,4CLF,phenix,0.3221,0.319414
r_work,refmac,torchref,4CLF,refmac,0.3127,0.310277
r_work,refmac,torchref,4CLF,torchref,0.3053,0.301774
r_work,refmac,torchref,4CSO,phenix,0.2196,0.21723
r_work,refmac,torchref,4CSO,refmac,0.2114,0.214334
r_work,refmac,torchref,4CSO,torchref,0.2292,0.225651
r_work,refmac,torchref,4D51,phenix,0.2953,0.277825
r_work,refmac,torchref,4D51,refmac,0.2933,0.276732
r_work,refmac,torchref,4D51,torchref,0.2798,0.258464
r_work,refmac,torchref,4DA2,phenix,0.2619,0.257816
r_work,refmac,torchref,4DA2,refmac,0.2615,0.257857
r_work,refmac,torchref,4DA2,torchref,0.2562,0.251602
r_work,refmac,torchref,4DOV,phenix,0.3474,0.342481
r_work,refmac,torchref,4DOV,refmac,0.3328,0.328723
r_work,refmac,torchref,4DOV,torchref,0.3331,0.327885
r_work,refmac,torchref,4EOY,phenix,0.3814,0.379481
r_work,refmac,torchref,4EOY,refmac,0.3796,0.38156
r_work,refmac,torchref,4EOY,torchref,0.3861,0.386439
r_work,refmac,torchref,4EWI,phenix,0.3791,0.368737
r_work,refmac,torchref,4EWI,refmac,0.3509,0.349295
r_work,refmac,torchref,4EWI,torchref,0.3657,0.359232
r_work,refmac,torchref,4EX5,phenix,0.2629,0.254171
r_work,refmac,torchref,4EX5,refmac,0.2499,0.244501
r_work,refmac,torchref,4EX5,torchref,0.2481,0.23827
r_work,refmac,torchref,4F0F,phenix,0.3162,0.311922
r_work,refmac,torchref,4F0F,refmac,0.3038,0.300548
r_work,refmac,torchref,4F0F,torchref,0.301,0.296117
r_work,refmac,torchref,4F27,phenix,0.3218,0.316152
r_work,refmac,torchref,4F27,refmac,0.2915,0.284683
r_work,refmac,torchref,4F27,torchref,0.2859,0.275143
r_work,refmac,torchref,4FC4,phenix,0.2183,0.214066
r_work,refmac,torchref,4FC4,refmac,0.2101,0.209801
r_work,refmac,torchref,4FC4,torchref,0.2148,0.210141
r_work,refmac,torchref,4FE9,phenix,0.2582,0.250568
r_work,refmac,torchref,4FE9,refmac,0.2578,0.251481
r_work,refmac,torchref,4FE9,torchref,0.2528,0.245054
r_work,refmac,torchref,4FIX,phenix,0.2582,0.229801
r_work,refmac,torchref,4FIX,refmac,0.2537,0.240645
r_work,refmac,torchref,4FIX,torchref,0.2547,0.225099
r_work,refmac,torchref,4FYU,phenix,0.2706,0.260857
r_work,refmac,torchref,4FYU,refmac,0.2757,0.268309
r_work,refmac,torchref,4FYU,torchref,0.2708,0.260569
r_work,refmac,torchref,4G3H,phenix,0.3386,0.335441
r_work,refmac,torchref,4G3H,refmac,0.3235,0.322937
r_work,refmac,torchref,4G3H,torchref,0.3357,0.330227
r_work,refmac,torchref,4GMV,phenix,0.2613,0.24735
r_work,refmac,torchref,4GMV,refmac,0.255,0.245556
r_work,refmac,torchref,4GMV,torchref,0.2737,0.25721
r_work,refmac,torchref,4H9D,phenix,0.335,0.329192
r_work,refmac,torchref,4H9D,refmac,0.2961,0.294297
r_work,refmac,torchref,4H9D,torchref,0.324,0.313551
r_work,refmac,torchref,4HIA,phenix,0.2896,0.282077
r_work,refmac,torchref,4HIA,refmac,0.284,0.278215
r_work,refmac,torchref,4HIA,torchref,0.2916,0.282907
r_work,refmac,torchref,4HJW,phenix,0.2568,0.248495
r_work,refmac,torchref,4HJW,refmac,0.2331,0.232625
r_work,refmac,torchref,4HJW,torchref,0.2551,0.246173
r_work,refmac,torchref,4HKA,phenix,0.2766,0.274718
r_work,refmac,torchref,4HKA,refmac,0.2444,0.252236
r_work,refmac,torchref,4HKA,torchref,0.2606,0.255286
r_work,refmac,torchref,4HUJ,phenix,0.28,0.272326
r_work,refmac,torchref,4HUJ,refmac,0.2788,0.271801
r_work,refmac,torchref,4HUJ,torchref,0.2715,0.262877
r_work,refmac,torchref,4ICH,phenix,0.2764,0.27516
r_work,refmac,torchref,4ICH,refmac,0.2659,0.266812
r_work,refmac,torchref,4ICH,torchref,0.2649,0.263674
r_work,refmac,torchref,4IDI,phenix,0.2937,0.287182
r_work,refmac,torchref,4IDI,refmac,0.2965,0.291484
r_work,refmac,torchref,4IDI,torchref,0.2863,0.279623
r_work,refmac,torchref,4JGX,phenix,0.2577,0.253073
r_work,refmac,torchref,4JGX,refmac,0.2431,0.240453
r_work,refmac,torchref,4JGX,torchref,0.2524,0.246602
r_work,refmac,torchref,4JHN,phenix,0.2277,0.220903
r_work,refmac,torchref,4JHN,refmac,0.2216,0.215597
r_work,refmac,torchref,4JHN,torchref,0.2187,0.209929
r_work,refmac,torchref,4JLX,refmac,0.2626,0.262106
r_work,refmac,torchref,4JLX,torchref,0.2671,0.264071
r_work,refmac,torchref,4JX2,phenix,0.3139,0.307016
r_work,refmac,torchref,4JX2,refmac,0.288,0.283999
r_work,refmac,torchref,4JX2,torchref,0.3757,0.370863
r_work,refmac,torchref,4K36,phenix,0.3158,0.309278
r_work,refmac,torchref,4K36,refmac,0.3106,0.305044
r_work,refmac,torchref,4K36,torchref,0.3071,0.3001
r_work,refmac,torchref,4KH9,phenix,0.276,0.26733
r_work,refmac,torchref,4KH9,refmac,0.2623,0.256276
r_work,refmac,torchref,4KH9,torchref,0.2697,0.260543
r_work,refmac,torchref,4KYQ,phenix,0.2773,0.271848
r_work,refmac,torchref,4KYQ,refmac,0.2621,0.256124
r_work,refmac,torchref,4KYQ,torchref,0.2729,0.267008
r_work,refmac,torchref,4L7Z,phenix,0.3002,0.290542
r_work,refmac,torchref,4L7Z,refmac,0.2805,0.278651
r_work,refmac,torchref,4L7Z,torchref,0.2923,0.282657
r_work,refmac,torchref,4L9U,phenix,0.4968,0.484023
r_work,refmac,torchref,4L9U,refmac,0.4709,0.461174
r_work,refmac,torchref,4L9U,torchref,0.4821,0.467426
r_work,refmac,torchref,4LD7,phenix,0.2464,0.244823
r_work,refmac,torchref,4LD7,refmac,0.2451,0.250362
r_work,refmac,torchref,4LD7,torchref,0.2782,0.274664
r_work,refmac,torchref,4LZ2,phenix,0.2994,0.288761
r_work,refmac,torchref,4LZ2,refmac,0.2997,0.290397
r_work,refmac,torchref,4LZ2,torchref,0.2866,0.275206
r_work,refmac,torchref,4MAA,phenix,0.2521,0.245132
r_work,refmac,torchref,4MAA,refmac,0.2449,0.239103
r_work,refmac,torchref,4MAA,torchref,0.2447,0.237787
r_work,refmac,torchref,4ME9,phenix,0.2683,0.262291
r_work,refmac,torchref,4ME9,refmac,0.2547,0.252095
r_work,refmac,torchref,4ME9,torchref,0.2833,0.274919
r_work,refmac,torchref,4MG5,phenix,0.2847,0.282834
r_work,refmac,torchref,4MG5,refmac,0.265,0.262683
r_work,refmac,torchref,4MG5,torchref,0.2601,0.255097
r_work,refmac,torchref,4MG6,phenix,0.2774,0.273744
r_work,refmac,torchref,4MG6,refmac,0.271,0.267213
r_work,refmac,torchref,4MG6,torchref,0.2507,0.244432
r_work,refmac,torchref,4MJG,phenix,0.2553,0.244598
r_work,refmac,torchref,4MJG,refmac,0.2467,0.244005
r_work,refmac,torchref,4MJG,torchref,0.2594,0.247665
r_work,refmac,torchref,4N39,phenix,0.3476,0.344487
r_work,refmac,torchref,4N39,refmac,0.3321,0.329493
r_work,refmac,torchref,4N39,torchref,0.3111,0.307001
r_work,refmac,torchref,4N5X,phenix,0.3368,0.336244
r_work,refmac,torchref,4N5X,refmac,0.3413,0.342898
r_work,refmac,torchref,4N5X,torchref,0.3715,0.365059
r_work,refmac,torchref,4NPJ,phenix,0.3289,0.322283
r_work,refmac,torchref,4NPJ,refmac,0.316,0.314491
r_work,refmac,torchref,4NPJ,torchref,0.3265,0.319556
r_work,refmac,torchref,4NUF,phenix,0.3777,0.371882
r_work,refmac,torchref,4NUF,refmac,0.3763,0.371633
r_work,refmac,torchref,4NUF,torchref,0.3906,0.381485
r_work,refmac,torchref,4NWZ,phenix,0.2836,0.257422
r_work,refmac,torchref,4NWZ,refmac,0.2705,0.259286
r_work,refmac,torchref,4NWZ,torchref,0.2887,0.26141
r_work,refmac,torchref,4O62,phenix,0.4142,0.410932
r_work,refmac,torchref,4O62,refmac,0.4055,0.401772
r_work,refmac,torchref,4O62,torchref,0.4041,0.40062
r_work,refmac,torchref,4O92,phenix,0.4259,0.413514
r_work,refmac,torchref,4O92,refmac,0.4042,0.404037
r_work,refmac,torchref,4O92,torchref,0.4409,0.434016
r_work,refmac,torchref,4OC8,phenix,0.3978,0.399539
r_work,refmac,torchref,4OC8,refmac,0.376,0.394624
r_work,refmac,torchref,4OC8,torchref,0.4225,0.424015
r_work,refmac,torchref,4OF8,phenix,0.2784,0.268737
r_work,refmac,torchref,4OF8,refmac,0.2724,0.264733
r_work,refmac,torchref,4OF8,torchref,0.2664,0.255546
r_work,refmac,torchref,4OFF,phenix,0.4453,0.440857
r_work,refmac,torchref,4OFF,refmac,0.4432,0.442887
r_work,refmac,torchref,4OFF,torchref,0.4908,0.481688
r_work,refmac,torchref,4OX3,phenix,0.2865,0.274762
r_work,refmac,torchref,4OX3,refmac,0.287,0.276305
r_work,refmac,torchref,4OX3,torchref,0.2764,0.262966
r_work,refmac,torchref,4PDE,phenix,0.2238,0.22379
r_work,refmac,torchref,4PDE,refmac,0.2189,0.229292
r_work,refmac,torchref,4PDE,torchref,0.249,0.243962
r_work,refmac,torchref,4PFS,phenix,0.247,0.244535
r_work,refmac,torchref,4PFS,refmac,0.24,0.239437
r_work,refmac,torchref,4PFS,torchref,0.2554,0.251156
r_work,refmac,torchref,4PQZ,phenix,0.2768,0.264918
r_work,refmac,torchref,4PQZ,refmac,0.27,0.266287
r_work,refmac,torchref,4PQZ,torchref,0.2667,0.252975
r_work,refmac,torchref,4PRA,phenix,0.3922,0.294992
r_work,refmac,torchref,4PRA,refmac,0.4421,0.372051
r_work,refmac,torchref,4PRA,torchref,0.3717,0.268158
r_work,refmac,torchref,4PSI,phenix,0.402,0.398067
r_work,refmac,torchref,4PSI,refmac,0.3687,0.372605
r_work,refmac,torchref,4PSI,torchref,0.3938,0.386031
r_work,refmac,torchref,4PV4,phenix,0.2952,0.251753
r_work,refmac,torchref,4PV4,refmac,0.2932,0.263072
r_work,refmac,torchref,4PV4,torchref,0.2893,0.244476
r_work,refmac,torchref,4Q13,phenix,0.2562,0.251563
r_work,refmac,torchref,4Q13,refmac,0.2479,0.246856
r_work,refmac,torchref,4Q13,torchref,0.2721,0.261481
r_work,refmac,torchref,4Q63,phenix,0.3487,0.34463
r_work,refmac,torchref,4Q63,refmac,0.3507,0.35211
r_work,refmac,torchref,4Q63,torchref,0.3327,0.325724
r_work,refmac,torchref,4QH8,phenix,0.2459,0.241009
r_work,refmac,torchref,4QH8,refmac,0.2546,0.250797
r_work,refmac,torchref,4QH8,torchref,0.2461,0.240257
r_work,refmac,torchref,4QKO,phenix,0.3017,0.29003
r_work,refmac,torchref,4QKO,refmac,0.3044,0.29542
r_work,refmac,torchref,4QKO,torchref,0.2979,0.285622
r_work,refmac,torchref,4QN8,phenix,0.297,0.28721
r_work,refmac,torchref,4QN8,refmac,0.2898,0.283009
r_work,refmac,torchref,4QN8,torchref,0.2934,0.283642
r_work,refmac,torchref,4QQR,phenix,0.2546,0.247976
r_work,refmac,torchref,4QQR,refmac,0.2324,0.233684
r_work,refmac,torchref,4QQR,torchref,0.2545,0.247051
r_work,refmac,torchref,4QTP,phenix,0.2585,0.25324
r_work,refmac,torchref,4QTP,refmac,0.2571,0.252645
r_work,refmac,torchref,4QTP,torchref,0.2531,0.247164
r_work,refmac,torchref,4QXA,phenix,0.2918,0.284361
r_work,refmac,torchref,4QXA,refmac,0.2784,0.274344
r_work,refmac,torchref,4QXA,torchref,0.2849,0.277139
r_work,refmac,torchref,4R10,phenix,0.256,0.249532
r_work,refmac,torchref,4R10,refmac,0.2411,0.237998
r_work,refmac,torchref,4R10,torchref,0.234,0.225641
r_work,refmac,torchref,4REV,refmac,0.3593,0.353857
r_work,refmac,torchref,4REV,torchref,0.3498,0.33882
r_work,refmac,torchref,4RHO,phenix,0.3351,0.331329
r_work,refmac,torchref,4RHO,refmac,0.3212,0.320531
r_work,refmac,torchref,4RHO,torchref,0.3456,0.334242
r_work,refmac,torchref,4RK2,phenix,0.4391,0.431586
r_work,refmac,torchref,4RK2,refmac,0.4277,0.424757
r_work,refmac,torchref,4RK2,torchref,0.4397,0.434296
r_work,refmac,torchref,4RO5,phenix,0.3858,0.382454
r_work,refmac,torchref,4RO5,refmac,0.3956,0.392682
r_work,refmac,torchref,4RO5,torchref,0.3849,0.381519
r_work,refmac,torchref,4RQM,phenix,0.3351,0.332023
r_work,refmac,torchref,4RQM,refmac,0.3224,0.320367
r_work,refmac,torchref,4RQM,torchref,0.316,0.311694
r_work,refmac,torchref,4TWL,phenix,0.2514,0.243325
r_work,refmac,torchref,4TWL,refmac,0.2439,0.23885
r_work,refmac,torchref,4TWL,torchref,0.2487,0.23696
r_work,refmac,torchref,4U7A,phenix,0.2535,0.240119
r_work,refmac,torchref,4U7A,refmac,0.2418,0.231071
r_work,refmac,torchref,4U7A,torchref,0.2412,0.228542
r_work,refmac,torchref,4UCI,phenix,0.4629,0.445626
r_work,refmac,torchref,4UCI,refmac,0.4623,0.45382
r_work,refmac,torchref,4UCI,torchref,0.4877,0.47361
r_work,refmac,torchref,4UDA,phenix,0.2875,0.274864
r_work,refmac,torchref,4UDA,refmac,0.2941,0.28752
r_work,refmac,torchref,4UDA,torchref,0.2676,0.252611
r_work,refmac,torchref,4UDP,phenix,0.2304,0.226452
r_work,refmac,torchref,4UDP,refmac,0.2327,0.230317
r_work,refmac,torchref,4UDP,torchref,0.2277,0.223347
r_work,refmac,torchref,4UWX,phenix,0.3362,0.333628
r_work,refmac,torchref,4UWX,refmac,0.3024,0.298774
r_work,refmac,torchref,4UWX,torchref,0.2886,0.284447
r_work,refmac,torchref,4UYI,phenix,0.3082,0.301196
r_work,refmac,torchref,4UYI,refmac,0.3112,0.305365
r_work,refmac,torchref,4UYI,torchref,0.2924,0.284401
r_work,refmac,torchref,4V15,phenix,0.2507,0.244394
r_work,refmac,torchref,4V15,refmac,0.2447,0.23878
r_work,refmac,torchref,4V15,torchref,0.2392,0.232787
r_work,refmac,torchref,4W2R,phenix,0.2505,0.262953
r_work,refmac,torchref,4W2R,refmac,0.2305,0.249157
r_work,refmac,torchref,4W2R,torchref,0.2551,0.261238
r_work,refmac,torchref,4WAL,phenix,0.3579,0.354658
r_work,refmac,torchref,4WAL,refmac,0.3518,0.350505
r_work,refmac,torchref,4WAL,torchref,0.348,0.341529
r_work,refmac,torchref,4WIP,phenix,0.3365,0.253128
r_work,refmac,torchref,4WIP,refmac,0.3538,0.299397
r_work,refmac,torchref,4WIP,torchref,0.3512,0.265608
r_work,refmac,torchref,4WWM,phenix,0.2856,0.270215
r_work,refmac,torchref,4WWM,refmac,0.2838,0.276632
r_work,refmac,torchref,4WWM,torchref,0.2779,0.260808
r_work,refmac,torchref,4X3E,phenix,0.2457,0.22891
r_work,refmac,torchref,4X3E,refmac,0.2486,0.242643
r_work,refmac,torchref,4X3E,torchref,0.2555,0.237484
r_work,refmac,torchref,4XLG,phenix,0.2791,0.271369
r_work,refmac,torchref,4XLG,refmac,0.2683,0.261333
r_work,refmac,torchref,4XLG,torchref,0.2637,0.256151
r_work,refmac,torchref,4ZSF,phenix,0.426,0.427407
r_work,refmac,torchref,4ZSF,refmac,0.4154,0.418057
r_work,refmac,torchref,4ZSF,torchref,0.4253,0.424448
r_work,refmac,torchref,4ZV9,phenix,0.2814,0.253963
r_work,refmac,torchref,4ZV9,refmac,0.2879,0.269974
r_work,refmac,torchref,4ZV9,torchref,0.2782,0.249234
r_work,refmac,torchref,5A0T,phenix,0.2773,0.267437
r_work,refmac,torchref,5A0T,refmac,0.2418,0.235029
r_work,refmac,torchref,5A0T,torchref,0.2426,0.230767
r_work,refmac,torchref,5AA5,phenix,0.2673,0.261355
r_work,refmac,torchref,5AA5,refmac,0.271,0.267536
r_work,refmac,torchref,5AA5,torchref,0.2916,0.280402
r_work,refmac,torchref,5AD0,phenix,0.2606,0.247895
r_work,refmac,torchref,5AD0,refmac,0.2793,0.287828
r_work,refmac,torchref,5AD0,torchref,0.4156,0.405148
r_work,refmac,torchref,5B5I,phenix,0.4699,0.468869
r_work,refmac,torchref,5B5I,refmac,0.4559,0.454597
r_work,refmac,torchref,5B5I,torchref,0.4577,0.456504
r_work,refmac,torchref,5B5Q,phenix,0.2597,0.248925
r_work,refmac,torchref,5B5Q,refmac,0.262,0.252153
r_work,refmac,torchref,5B5Q,torchref,0.2555,0.243868
r_work,refmac,torchref,5BOV,phenix,0.2518,0.244618
r_work,refmac,torchref,5BOV,refmac,0.2505,0.244117
r_work,refmac,torchref,5BOV,torchref,0.245,0.237345
r_work,refmac,torchref,5BV6,phenix,0.3994,0.395067
r_work,refmac,torchref,5BV6,refmac,0.441,0.442546
r_work,refmac,torchref,5BV6,torchref,0.4116,0.407176
r_work,refmac,torchref,5C5V,phenix,0.3802,0.387772
r_work,refmac,torchref,5C5V,refmac,0.3629,0.370176
r_work,refmac,torchref,5C5V,torchref,0.3724,0.374565
r_work,refmac,torchref,5C7F,phenix,0.3106,0.291962
r_work,refmac,torchref,5C7F,refmac,0.2798,0.269219
r_work,refmac,torchref,5C7F,torchref,0.3054,0.280687
r_work,refmac,torchref,5C8H,phenix,0.323,0.315687
r_work,refmac,torchref,5C8H,refmac,0.3163,0.310377
r_work,refmac,torchref,5C8H,torchref,0.3092,0.301586
r_work,refmac,torchref,5CVR,phenix,0.2611,0.253559
r_work,refmac,torchref,5CVR,refmac,0.2567,0.258595
r_work,refmac,torchref,5CVR,torchref,0.3182,0.311549
r_work,refmac,torchref,5CX2,refmac,0.4966,0.492628
r_work,refmac,torchref,5CX2,torchref,0.51,0.508417
r_work,refmac,torchref,5D5H,phenix,0.226,0.208079
r_work,refmac,torchref,5D5H,refmac,0.2233,0.214115
r_work,refmac,torchref,5D5H,torchref,0.2359,0.215482
r_work,refmac,torchref,5DAY,phenix,0.3436,0.339002
r_work,refmac,torchref,5DAY,refmac,0.3161,0.313871
r_work,refmac,torchref,5DAY,torchref,0.3456,0.338663
r_work,refmac,torchref,5DBE,phenix,0.2405,0.236096
r_work,refmac,torchref,5DBE,refmac,0.2314,0.232221
r_work,refmac,torchref,5DBE,torchref,0.2526,0.241268
r_work,refmac,torchref,5DRM,phenix,0.2601,0.252621
r_work,refmac,torchref,5DRM,refmac,0.2528,0.248863
r_work,refmac,torchref,5DRM,torchref,0.2469,0.240602
r_work,refmac,torchref,5E15,phenix,0.2894,0.288342
r_work,refmac,torchref,5E15,refmac,0.2693,0.267414
r_work,refmac,torchref,5E15,torchref,0.2699,0.264504
r_work,refmac,torchref,5EBB,phenix,0.3048,0.314139
r_work,refmac,torchref,5EBB,refmac,0.3017,0.31701
r_work,refmac,torchref,5EBB,torchref,0.3358,0.315378
r_work,refmac,torchref,5EG2,phenix,0.2642,0.25583
r_work,refmac,torchref,5EG2,refmac,0.2556,0.248051
r_work,refmac,torchref,5EG2,torchref,0.2529,0.243962
r_work,refmac,torchref,5EGE,phenix,0.2486,0.238606
r_work,refmac,torchref,5EGE,refmac,0.252,0.243561
r_work,refmac,torchref,5EGE,torchref,0.2481,0.237081
r_work,refmac,torchref,5ETA,phenix,0.2848,0.276274
r_work,refmac,torchref,5ETA,refmac,0.2698,0.269519
r_work,refmac,torchref,5ETA,torchref,0.3043,0.294406
r_work,refmac,torchref,5G09,phenix,0.2494,0.243316
r_work,refmac,torchref,5G09,refmac,0.2456,0.24091
r_work,refmac,torchref,5G09,torchref,0.2393,0.232595
r_work,refmac,torchref,5G23,phenix,0.2689,0.260754
r_work,refmac,torchref,5G23,refmac,0.2605,0.252809
r_work,refmac,torchref,5G23,torchref,0.2543,0.244885
r_work,refmac,torchref,5G4I,phenix,0.2641,0.258396
r_work,refmac,torchref,5G4I,refmac,0.2546,0.249237
r_work,refmac,torchref,5G4I,torchref,0.2471,0.24101
r_work,refmac,torchref,5GHR,phenix,0.3031,0.293081
r_work,refmac,torchref,5GHR,refmac,0.2888,0.282231
r_work,refmac,torchref,5GHR,torchref,0.3095,0.298642
r_work,refmac,torchref,5GJM,phenix,0.2037,0.223059
r_work,refmac,torchref,5GJM,refmac,0.2049,0.216897
r_work,refmac,torchref,5GJM,torchref,0.3519,0.353876
r_work,refmac,torchref,5GKV,phenix,0.2392,0.23503
r_work,refmac,torchref,5GKV,refmac,0.2356,0.23435
r_work,refmac,torchref,5GKV,torchref,0.2287,0.224996
r_work,refmac,torchref,5GOX,phenix,0.4836,0.480032
r_work,refmac,torchref,5GOX,refmac,0.5496,0.488908
r_work,refmac,torchref,5GOX,torchref,0.4792,0.47259
r_work,refmac,torchref,5GZI,phenix,0.2565,0.249875
r_work,refmac,torchref,5GZI,refmac,0.2549,0.251292
r_work,refmac,torchref,5GZI,torchref,0.257,0.25002
r_work,refmac,torchref,5H5Y,phenix,0.3167,0.310797
r_work,refmac,torchref,5H5Y,refmac,0.306,0.303733
r_work,refmac,torchref,5H5Y,torchref,0.3165,0.310301
r_work,refmac,torchref,5HRJ,phenix,0.3047,0.297372
r_work,refmac,torchref,5HRJ,refmac,0.3093,0.304543
r_work,refmac,torchref,5HRJ,torchref,0.2978,0.290051
r_work,refmac,torchref,5I2H,phenix,0.2914,0.275708
r_work,refmac,torchref,5I2H,refmac,0.2944,0.282556
r_work,refmac,torchref,5I2H,torchref,0.2819,0.265522
r_work,refmac,torchref,5I47,phenix,0.3024,0.25868
r_work,refmac,torchref,5I47,refmac,0.3261,0.298993
r_work,refmac,torchref,5I47,torchref,0.3172,0.272195
r_work,refmac,torchref,5I9E,phenix,0.3324,0.306829
r_work,refmac,torchref,5I9E,refmac,0.332,0.325639
r_work,refmac,torchref,5I9E,torchref,0.3549,0.325451
r_work,refmac,torchref,5IAW,phenix,0.2864,0.282349
r_work,refmac,torchref,5IAW,refmac,0.2986,0.294813
r_work,refmac,torchref,5IAW,torchref,0.3106,0.302992
r_work,refmac,torchref,5IQM,phenix,0.3123,0.306989
r_work,refmac,torchref,5IQM,refmac,0.3089,0.303598
r_work,refmac,torchref,5IQM,torchref,0.3036,0.296708
r_work,refmac,torchref,5IY4,phenix,0.3357,0.332459
r_work,refmac,torchref,5IY4,refmac,0.2603,0.262221
r_work,refmac,torchref,5IY4,torchref,0.3508,0.307708
r_work,refmac,torchref,5IYX,phenix,0.2614,0.255037
r_work,refmac,torchref,5IYX,refmac,0.2413,0.242026
r_work,refmac,torchref,5IYX,torchref,0.2563,0.250595
r_work,refmac,torchref,5J0A,phenix,0.3864,0.391827
r_work,refmac,torchref,5J0A,refmac,0.3624,0.374084
r_work,refmac,torchref,5J0A,torchref,0.3931,0.396359
r_work,refmac,torchref,5J4A,phenix,0.2614,0.255358
r_work,refmac,torchref,5J4A,refmac,0.2553,0.25347
r_work,refmac,torchref,5J4A,torchref,0.2539,0.24575
r_work,refmac,torchref,5J9K,phenix,0.3303,0.321706
r_work,refmac,torchref,5J9K,refmac,0.3162,0.314196
r_work,refmac,torchref,5J9K,torchref,0.3302,0.321803
r_work,refmac,torchref,5JD9,phenix,0.2744,0.266584
r_work,refmac,torchref,5JD9,refmac,0.2724,0.264408
r_work,refmac,torchref,5JD9,torchref,0.2589,0.250463
r_work,refmac,torchref,5JHO,phenix,0.274,0.274062
r_work,refmac,torchref,5JHO,refmac,0.2387,0.246971
r_work,refmac,torchref,5JHO,torchref,0.2552,0.255607
r_work,refmac,torchref,5JI5,phenix,0.2441,0.236451
r_work,refmac,torchref,5JI5,refmac,0.2479,0.243408
r_work,refmac,torchref,5JI5,torchref,0.2485,0.23813
r_work,refmac,torchref,5JTA,phenix,0.2205,0.213848
r_work,refmac,torchref,5JTA,refmac,0.2067,0.206838
r_work,refmac,torchref,5JTA,torchref,0.2148,0.204935
r_work,refmac,torchref,5K2X,phenix,0.3824,0.379025
r_work,refmac,torchref,5K2X,refmac,0.3825,0.378956
r_work,refmac,torchref,5K2X,torchref,0.3747,0.371184
r_work,refmac,torchref,5K6S,phenix,0.3109,0.307744
r_work,refmac,torchref,5K6S,refmac,0.2642,0.261758
r_work,refmac,torchref,5K6S,torchref,0.2717,0.264419
r_work,refmac,torchref,5KSU,refmac,0.2537,0.252977
r_work,refmac,torchref,5KSU,torchref,0.2713,0.261084
r_work,refmac,torchref,5LTD,phenix,0.2678,0.251354
r_work,refmac,torchref,5LTD,refmac,0.2617,0.250364
r_work,refmac,torchref,5LTD,torchref,0.2771,0.257406
r_work,refmac,torchref,5LU2,phenix,0.2883,0.277109
r_work,refmac,torchref,5LU2,refmac,0.2569,0.248716
r_work,refmac,torchref,5LU2,torchref,0.2725,0.259759
r_work,refmac,torchref,5LW0,phenix,0.2588,0.250678
r_work,refmac,torchref,5LW0,refmac,0.2501,0.242505
r_work,refmac,torchref,5LW0,torchref,0.2467,0.238005
r_work,refmac,torchref,5ME9,phenix,0.2763,0.266293
r_work,refmac,torchref,5ME9,refmac,0.2455,0.243234
r_work,refmac,torchref,5ME9,torchref,0.2844,0.272874
r_work,refmac,torchref,5MLK,phenix,0.2703,0.261078
r_work,refmac,torchref,5MLK,refmac,0.2484,0.241823
r_work,refmac,torchref,5MLK,torchref,0.2462,0.237183
r_work,refmac,torchref,5MLZ,phenix,0.3211,0.314345
r_work,refmac,torchref,5MLZ,refmac,0.3049,0.30165
r_work,refmac,torchref,5MLZ,torchref,0.3015,0.295767
r_work,refmac,torchref,5MXY,phenix,0.3488,0.341724
r_work,refmac,torchref,5MXY,refmac,0.3543,0.354524
r_work,refmac,torchref,5MXY,torchref,0.3495,0.346593
r_work,refmac,torchref,5N6H,phenix,0.2458,0.256689
r_work,refmac,torchref,5N6H,refmac,0.2216,0.245675
r_work,refmac,torchref,5N6H,torchref,0.2488,0.253629
r_work,refmac,torchref,5N8R,phenix,0.3334,0.327985
r_work,refmac,torchref,5N8R,refmac,0.3017,0.297172
r_work,refmac,torchref,5N8R,torchref,0.3244,0.318323
r_work,refmac,torchref,5NTB,phenix,0.2361,0.230857
r_work,refmac,torchref,5NTB,refmac,0.2308,0.226115
r_work,refmac,torchref,5NTB,torchref,0.2263,0.220992
r_work,refmac,torchref,5O51,refmac,0.2823,0.272778
r_work,refmac,torchref,5O51,torchref,0.2857,0.271676
r_work,refmac,torchref,5O6B,phenix,0.4227,0.419197
r_work,refmac,torchref,5O6B,refmac,0.4117,0.408154
r_work,refmac,torchref,5O6B,torchref,0.4287,0.423241
r_work,refmac,torchref,5OF1,phenix,0.3366,0.339848
r_work,refmac,torchref,5OF1,refmac,0.3019,0.303723
r_work,refmac,torchref,5OF1,torchref,0.3021,0.303411
r_work,refmac,torchref,5OF9,phenix,0.2944,0.285081
r_work,refmac,torchref,5OF9,refmac,0.2794,0.272192
r_work,refmac,torchref,5OF9,torchref,0.2805,0.271256
r_work,refmac,torchref,5OMB,phenix,0.4022,0.399061
r_work,refmac,torchref,5OMB,refmac,0.3978,0.396487
r_work,refmac,torchref,5OMB,torchref,0.4045,0.401804
r_work,refmac,torchref,5OU8,phenix,0.3909,0.37788
r_work,refmac,torchref,5OU8,refmac,0.353,0.342494
r_work,refmac,torchref,5OU8,torchref,0.3545,0.339489
r_work,refmac,torchref,5Q1D,phenix,0.3983,0.39257
r_work,refmac,torchref,5Q1D,refmac,0.3791,0.374935
r_work,refmac,torchref,5Q1D,torchref,0.3612,0.353705
r_work,refmac,torchref,5Q1H,phenix,0.3506,0.347695
r_work,refmac,torchref,5Q1H,refmac,0.3417,0.340703
r_work,refmac,torchref,5Q1H,torchref,0.3472,0.343105
r_work,refmac,torchref,5SVE,phenix,0.2986,0.28504
r_work,refmac,torchref,5SVE,refmac,0.2739,0.2655
r_work,refmac,torchref,5SVE,torchref,0.327,0.309767
r_work,refmac,torchref,5T0K,phenix,0.3355,0.337918
r_work,refmac,torchref,5T0K,refmac,0.3197,0.322403
r_work,refmac,torchref,5T0K,torchref,0.3278,0.325831
r_work,refmac,torchref,5T0M,phenix,0.3149,0.320391
r_work,refmac,torchref,5T0M,refmac,0.2994,0.306294
r_work,refmac,torchref,5T0M,torchref,0.3048,0.304938
r_work,refmac,torchref,5T1G,phenix,0.3221,0.300177
r_work,refmac,torchref,5T1G,refmac,0.3132,0.296462
r_work,refmac,torchref,5T1G,torchref,0.302,0.280484
r_work,refmac,torchref,5T6J,refmac,0.3139,0.306243
r_work,refmac,torchref,5T6J,torchref,0.3141,0.305207
r_work,refmac,torchref,5TDY,phenix,0.4487,0.438525
r_work,refmac,torchref,5TDY,refmac,0.4411,0.43737
r_work,refmac,torchref,5TDY,torchref,0.4443,0.437459
r_work,refmac,torchref,5TJA,phenix,0.2854,0.253416
r_work,refmac,torchref,5TJA,refmac,0.2916,0.271181
r_work,refmac,torchref,5TJA,torchref,0.2853,0.251324
r_work,refmac,torchref,5TLD,phenix,0.254,0.248097
r_work,refmac,torchref,5TLD,refmac,0.2559,0.252168
r_work,refmac,torchref,5TLD,torchref,0.2504,0.243258
r_work,refmac,torchref,5TM9,phenix,0.2704,0.263265
r_work,refmac,torchref,5TM9,refmac,0.2566,0.25293
r_work,refmac,torchref,5TM9,torchref,0.2614,0.25351
r_work,refmac,torchref,5TTA,phenix,0.2986,0.288289
r_work,refmac,torchref,5TTA,refmac,0.2831,0.275764
r_work,refmac,torchref,5TTA,torchref,0.2852,0.276079
r_work,refmac,torchref,5TV7,phenix,0.2639,0.260768
r_work,refmac,torchref,5TV7,refmac,0.2467,0.245904
r_work,refmac,torchref,5TV7,torchref,0.2518,0.247554
r_work,refmac,torchref,5U6K,phenix,0.3093,0.257369
r_work,refmac,torchref,5U6K,refmac,0.3182,0.286369
r_work,refmac,torchref,5U6K,torchref,0.2836,0.228011
r_work,refmac,torchref,5UQP,phenix,0.4566,0.4575
r_work,refmac,torchref,5UQP,refmac,0.4559,0.455524
r_work,refmac,torchref,5UQP,torchref,0.4681,0.467315
r_work,refmac,torchref,5UV4,phenix,0.2553,0.248948
r_work,refmac,torchref,5UV4,refmac,0.233,0.232526
r_work,refmac,torchref,5UV4,torchref,0.2449,0.234837
r_work,refmac,torchref,5UX5,phenix,0.2445,0.23983
r_work,refmac,torchref,5UX5,refmac,0.2347,0.235974
r_work,refmac,torchref,5UX5,torchref,0.2448,0.238756
r_work,refmac,torchref,5UXG,phenix,0.2537,0.243963
r_work,refmac,torchref,5UXG,refmac,0.2547,0.245954
r_work,refmac,torchref,5UXG,torchref,0.2454,0.2357
r_work,refmac,torchref,5UZU,phenix,0.2626,0.247386
r_work,refmac,torchref,5UZU,refmac,0.2507,0.239059
r_work,refmac,torchref,5UZU,torchref,0.2544,0.238434
r_work,refmac,torchref,5V8W,phenix,0.3225,0.316094
r_work,refmac,torchref,5V8W,refmac,0.3273,0.322687
r_work,refmac,torchref,5V8W,torchref,0.322,0.315272
r_work,refmac,torchref,5VIA,phenix,0.3259,0.265923
r_work,refmac,torchref,5VIA,refmac,0.3243,0.269382
r_work,refmac,torchref,5VIA,torchref,0.3195,0.256952
r_work,refmac,torchref,5VLB,phenix,0.243,0.236646
r_work,refmac,torchref,5VLB,refmac,0.2304,0.227054
r_work,refmac,torchref,5VLB,torchref,0.2388,0.23251
r_work,refmac,torchref,5VQG,phenix,0.3256,0.269856
r_work,refmac,torchref,5VQG,refmac,0.3635,0.369301
r_work,refmac,torchref,5VQG,torchref,0.3993,0.347852
r_work,refmac,torchref,5WB4,phenix,0.2951,0.288354
r_work,refmac,torchref,5WB4,refmac,0.2944,0.288775
r_work,refmac,torchref,5WB4,torchref,0.2946,0.286529
r_work,refmac,torchref,5WJQ,phenix,0.5245,0.521783
r_work,refmac,torchref,5WJQ,refmac,0.5489,0.550518
r_work,refmac,torchref,5WJQ,torchref,0.5732,0.537167
r_work,refmac,torchref,5WRR,phenix,0.3316,0.323077
r_work,refmac,torchref,5WRR,refmac,0.2912,0.285427
r_work,refmac,torchref,5WRR,torchref,0.3081,0.296455
r_work,refmac,torchref,5WWW,phenix,0.3733,0.367178
r_work,refmac,torchref,5WWW,refmac,0.3718,0.367829
r_work,refmac,torchref,5WWW,torchref,0.3579,0.353301
r_work,refmac,torchref,5X6S,phenix,0.2245,0.220515
r_work,refmac,torchref,5X6S,refmac,0.2231,0.219969
r_work,refmac,torchref,5X6S,torchref,0.2197,0.215221
r_work,refmac,torchref,5XB7,phenix,0.24,0.232896
r_work,refmac,torchref,5XB7,refmac,0.2348,0.228573
r_work,refmac,torchref,5XG9,phenix,0.2901,0.280555
r_work,refmac,torchref,5XG9,refmac,0.2892,0.279802
r_work,refmac,torchref,5XG9,torchref,0.2808,0.271084
r_work,refmac,torchref,5XHW,phenix,0.2897,0.264247
r_work,refmac,torchref,5XHW,refmac,0.2853,0.262757
r_work,refmac,torchref,5XHW,torchref,0.2802,0.253488
r_work,refmac,torchref,5XMZ,phenix,0.2886,0.285807
r_work,refmac,torchref,5XMZ,refmac,0.2993,0.296491
r_work,refmac,torchref,5XMZ,torchref,0.2761,0.271502
r_work,refmac,torchref,5XRW,phenix,0.3063,0.288293
r_work,refmac,torchref,5XRW,refmac,0.3599,0.351184
r_work,refmac,torchref,5XRW,torchref,0.4121,0.384382
r_work,refmac,torchref,5XUK,phenix,0.3735,0.276465
r_work,refmac,torchref,5XUK,refmac,0.3838,0.309355
r_work,refmac,torchref,5XUK,torchref,0.363,0.263726
r_work,refmac,torchref,5XUQ,phenix,0.2472,0.241725
r_work,refmac,torchref,5XUQ,refmac,0.2809,0.28056
r_work,refmac,torchref,5XUQ,torchref,0.2719,0.264897
r_work,refmac,torchref,5XVW,phenix,0.266,0.256718
r_work,refmac,torchref,5XVW,refmac,0.2673,0.258772
r_work,refmac,torchref,5XVW,torchref,0.2545,0.244634
r_work,refmac,torchref,5Y9I,phenix,0.2927,0.286416
r_work,refmac,torchref,5Y9I,refmac,0.2977,0.291881
r_work,refmac,torchref,5Y9I,torchref,0.2888,0.281736
r_work,refmac,torchref,5YAY,phenix,0.3041,0.296752
r_work,refmac,torchref,5YAY,refmac,0.2983,0.292863
r_work,refmac,torchref,5YAY,torchref,0.2936,0.286625
r_work,refmac,torchref,5Z6D,phenix,0.2604,0.248586
r_work,refmac,torchref,5Z6D,refmac,0.2582,0.249574
r_work,refmac,torchref,5Z6D,torchref,0.247,0.232478
r_work,refmac,torchref,5Z6V,phenix,0.2592,0.255271
r_work,refmac,torchref,5Z6V,refmac,0.273,0.270385
r_work,refmac,torchref,5Z6V,torchref,0.2593,0.254298
r_work,refmac,torchref,5Z8L,phenix,0.3811,0.376612
r_work,refmac,torchref,5Z8L,refmac,0.2912,0.288322
r_work,refmac,torchref,5Z8L,torchref,0.2889,0.282775
r_work,refmac,torchref,5ZOO,phenix,0.2442,0.238073
r_work,refmac,torchref,5ZOO,refmac,0.2484,0.244183
r_work,refmac,torchref,5ZOO,torchref,0.2427,0.234195
r_work,refmac,torchref,6A0E,phenix,0.2516,0.243649
r_work,refmac,torchref,6A0E,refmac,0.2412,0.235082
r_work,refmac,torchref,6A0E,torchref,0.2408,0.232138
r_work,refmac,torchref,6A93,phenix,0.4521,0.451024
r_work,refmac,torchref,6A93,refmac,0.4766,0.496358
r_work,refmac,torchref,6A93,torchref,0.481,0.453677
r_work,refmac,torchref,6AF3,phenix,0.438,0.426299
r_work,refmac,torchref,6AF3,refmac,0.3931,0.382088
r_work,refmac,torchref,6AF3,torchref,0.4482,0.436404
r_work,refmac,torchref,6AGI,phenix,0.2455,0.245883
r_work,refmac,torchref,6AGI,refmac,0.2457,0.247668
r_work,refmac,torchref,6AGI,torchref,0.2762,0.262576
r_work,refmac,torchref,6AL9,refmac,0.2398,0.236433
r_work,refmac,torchref,6AL9,torchref,0.2445,0.236141
r_work,refmac,torchref,6B8Q,phenix,0.4193,0.409301
r_work,refmac,torchref,6B8Q,refmac,0.4078,0.402322
r_work,refmac,torchref,6B8Q,torchref,0.4339,0.424209
r_work,refmac,torchref,6CGO,phenix,0.372,0.357322
r_work,refmac,torchref,6CGO,refmac,0.3651,0.354338
r_work,refmac,torchref,6CGO,torchref,0.3749,0.360781
r_work,refmac,torchref,6COK,phenix,0.2438,0.238691
r_work,refmac,torchref,6COK,refmac,0.2392,0.234861
r_work,refmac,torchref,6COK,torchref,0.2337,0.228751
r_work,refmac,torchref,6CQL,phenix,0.3685,0.363501
r_work,refmac,torchref,6CQL,refmac,0.3721,0.368567
r_work,refmac,torchref,6CQL,torchref,0.3746,0.368447
r_work,refmac,torchref,6CW5,phenix,0.3295,0.323939
r_work,refmac,torchref,6CW5,refmac,0.3166,0.312087
r_work,refmac,torchref,6CW5,torchref,0.3182,0.312709
r_work,refmac,torchref,6D2V,phenix,0.2706,0.259885
r_work,refmac,torchref,6D2V,refmac,0.2615,0.253792
r_work,refmac,torchref,6D2V,torchref,0.26,0.249839
r_work,refmac,torchref,6D97,phenix,0.208,0.200474
r_work,refmac,torchref,6D97,refmac,0.1999,0.197441
r_work,refmac,torchref,6D97,torchref,0.2045,0.196782
r_work,refmac,torchref,6DDT,phenix,0.2491,0.240651
r_work,refmac,torchref,6DDT,refmac,0.2537,0.248533
r_work,refmac,torchref,6DDT,torchref,0.2504,0.238228
r_work,refmac,torchref,6DF3,phenix,0.2641,0.258105
r_work,refmac,torchref,6DF3,refmac,0.2488,0.245413
r_work,refmac,torchref,6DF3,torchref,0.2531,0.246663
r_work,refmac,torchref,6E0M,phenix,0.3051,0.29525
r_work,refmac,torchref,6E0M,refmac,0.2983,0.289461
r_work,refmac,torchref,6E0M,torchref,0.2855,0.27541
r_work,refmac,torchref,6EC7,phenix,0.32,0.307813
r_work,refmac,torchref,6EC7,refmac,0.29,0.282927
r_work,refmac,torchref,6EC7,torchref,0.3138,0.301208
r_work,refmac,torchref,6EUS,phenix,0.275,0.258521
r_work,refmac,torchref,6EUS,refmac,0.2696,0.25712
r_work,refmac,torchref,6EUS,torchref,0.2742,0.256486
r_work,refmac,torchref,6EWJ,phenix,0.2685,0.26163
r_work,refmac,torchref,6EWJ,refmac,0.2678,0.262669
r_work,refmac,torchref,6EWJ,torchref,0.2669,0.259413
r_work,refmac,torchref,6EYS,phenix,0.2651,0.233818
r_work,refmac,torchref,6EYS,refmac,0.2583,0.242446
r_work,refmac,torchref,6EYS,torchref,0.2638,0.231027
r_work,refmac,torchref,6F1S,phenix,0.2564,0.254231
r_work,refmac,torchref,6F1S,refmac,0.2619,0.262291
r_work,refmac,torchref,6F1S,torchref,0.2601,0.254828
r_work,refmac,torchref,6FJU,phenix,0.3599,0.355586
r_work,refmac,torchref,6FJU,refmac,0.3547,0.350708
r_work,refmac,torchref,6FJU,torchref,0.3507,0.345608
r_work,refmac,torchref,6FOK,phenix,0.283,0.27035
r_work,refmac,torchref,6FOK,refmac,0.2618,0.251672
r_work,refmac,torchref,6FOK,torchref,0.2663,0.251286
r_work,refmac,torchref,6FX6,phenix,0.3038,0.293623
r_work,refmac,torchref,6FX6,refmac,0.2999,0.297762
r_work,refmac,torchref,6FX6,torchref,0.2992,0.284339
r_work,refmac,torchref,6G9X,refmac,0.319,0.312935
r_work,refmac,torchref,6G9X,torchref,0.3254,0.306698
r_work,refmac,torchref,6GBS,phenix,0.3813,0.374836
r_work,refmac,torchref,6GBS,refmac,0.3655,0.361447
r_work,refmac,torchref,6GBS,torchref,0.3717,0.365704
r_work,refmac,torchref,6GP7,phenix,0.3219,0.303006
r_work,refmac,torchref,6GP7,refmac,0.3247,0.310584
r_work,refmac,torchref,6GP7,torchref,0.3083,0.288136
r_work,refmac,torchref,6GXS,phenix,0.263,0.258041
r_work,refmac,torchref,6GXS,refmac,0.2678,0.262981
r_work,refmac,torchref,6GXS,torchref,0.2575,0.251615
r_work,refmac,torchref,6HFG,phenix,0.2839,0.266203
r_work,refmac,torchref,6HFG,refmac,0.261,0.251867
r_work,refmac,torchref,6HFG,torchref,0.2784,0.262177
r_work,refmac,torchref,6HR7,refmac,0.2135,0.206766
r_work,refmac,torchref,6HR7,torchref,0.2275,0.212432
r_work,refmac,torchref,6I1R,phenix,0.251,0.24429
r_work,refmac,torchref,6I1R,refmac,0.221,0.21685
r_work,refmac,torchref,6I1R,torchref,0.2413,0.230805
r_work,refmac,torchref,6I50,phenix,0.2359,0.22192
r_work,refmac,torchref,6I50,refmac,0.2285,0.215663
r_work,refmac,torchref,6I50,torchref,0.2266,0.212203
r_work,refmac,torchref,6IIW,phenix,0.4326,0.428867
r_work,refmac,torchref,6IIW,refmac,0.426,0.422522
r_work,refmac,torchref,6IIW,torchref,0.4283,0.422145
r_work,refmac,torchref,6ILR,refmac,0.2516,0.248385
r_work,refmac,torchref,6ILR,torchref,0.2597,0.250858
r_work,refmac,torchref,6IQJ,phenix,0.2653,0.253365
r_work,refmac,torchref,6IQJ,refmac,0.274,0.26227
r_work,refmac,torchref,6IQJ,torchref,0.2655,0.253049
r_work,refmac,torchref,6IR8,phenix,0.4327,0.42756
r_work,refmac,torchref,6IR8,refmac,0.4486,0.449219
r_work,refmac,torchref,6IR8,torchref,0.4778,0.473023
r_work,refmac,torchref,6J17,phenix,0.3038,0.285605
r_work,refmac,torchref,6J17,refmac,0.2858,0.270867
r_work,refmac,torchref,6J17,torchref,0.2936,0.27582
r_work,refmac,torchref,6J72,phenix,0.337,0.324847
r_work,refmac,torchref,6J72,refmac,0.3349,0.326844
r_work,refmac,torchref,6J72,torchref,0.3371,0.325375
r_work,refmac,torchref,6J7Y,phenix,0.2589,0.2558
r_work,refmac,torchref,6J7Y,refmac,0.2415,0.240623
r_work,refmac,torchref,6J7Y,torchref,0.2447,0.239984
r_work,refmac,torchref,6JC4,phenix,0.2515,0.242845
r_work,refmac,torchref,6JC4,refmac,0.2505,0.245776
r_work,refmac,torchref,6JC4,torchref,0.2487,0.240437
r_work,refmac,torchref,6JJW,phenix,0.502,0.480835
r_work,refmac,torchref,6JJW,refmac,0.5522,0.55403
r_work,refmac,torchref,6JJW,torchref,0.505,0.491657
r_work,refmac,torchref,6JZA,phenix,0.2918,0.281824
r_work,refmac,torchref,6JZA,refmac,0.2746,0.269139
r_work,refmac,torchref,6JZA,torchref,0.3002,0.287901
r_work,refmac,torchref,6K6R,phenix,0.2674,0.257202
r_work,refmac,torchref,6K6R,refmac,0.2666,0.263876
r_work,refmac,torchref,6K6R,torchref,0.2637,0.251069
r_work,refmac,torchref,6L8E,phenix,0.4591,0.45824
r_work,refmac,torchref,6L8E,refmac,0.4489,0.450319
r_work,refmac,torchref,6L8E,torchref,0.4605,0.459482
r_work,refmac,torchref,6L9F,phenix,0.3152,0.30318
r_work,refmac,torchref,6L9F,refmac,0.3162,0.308063
r_work,refmac,torchref,6L9F,torchref,0.3353,0.323794
r_work,refmac,torchref,6LKG,phenix,0.2605,0.248403
r_work,refmac,torchref,6LKG,refmac,0.2516,0.241189
r_work,refmac,torchref,6LKG,torchref,0.2519,0.239387
r_work,refmac,torchref,6M20,phenix,0.4187,0.414001
r_work,refmac,torchref,6M20,refmac,0.3963,0.391848
r_work,refmac,torchref,6M20,torchref,0.4259,0.420501
r_work,refmac,torchref,6N5U,phenix,0.2303,0.223952
r_work,refmac,torchref,6N5U,refmac,0.2343,0.237325
r_work,refmac,torchref,6N5U,torchref,0.2429,0.232039
r_work,refmac,torchref,6O6N,phenix,0.2764,0.272559
r_work,refmac,torchref,6O6N,refmac,0.2692,0.265548
r_work,refmac,torchref,6O6N,torchref,0.2621,0.257404
r_work,refmac,torchref,6OAE,refmac,0.2884,0.281288
r_work,refmac,torchref,6OAE,torchref,0.2837,0.276479
r_work,refmac,torchref,6OHI,phenix,0.4478,0.44608
r_work,refmac,torchref,6OHI,refmac,0.429,0.426144
r_work,refmac,torchref,6OHI,torchref,0.4959,0.486557
r_work,refmac,torchref,6PEU,phenix,0.2981,0.284212
r_work,refmac,torchref,6PEU,refmac,0.2913,0.279644
r_work,refmac,torchref,6PEU,torchref,0.3139,0.295967
r_work,refmac,torchref,6PJQ,phenix,0.2969,0.279245
r_work,refmac,torchref,6PJQ,refmac,0.2972,0.286487
r_work,refmac,torchref,6PJQ,torchref,0.3209,0.299037
r_work,refmac,torchref,6PNP,phenix,0.3033,0.297543
r_work,refmac,torchref,6PNP,refmac,0.2779,0.27201
r_work,refmac,torchref,6PNP,torchref,0.2738,0.26565
r_work,refmac,torchref,6PUP,phenix,0.3155,0.292676
r_work,refmac,torchref,6PUP,refmac,0.3137,0.296539
r_work,refmac,torchref,6PUP,torchref,0.3012,0.274518
r_work,refmac,torchref,6R0L,phenix,0.2382,0.263125
r_work,refmac,torchref,6R0L,refmac,0.2774,0.286526
r_work,refmac,torchref,6R0L,torchref,0.405,0.471384
r_work,refmac,torchref,6R6T,phenix,0.2381,0.224511
r_work,refmac,torchref,6R6T,refmac,0.2276,0.223112
r_work,refmac,torchref,6R6T,torchref,0.2431,0.228493
r_work,refmac,torchref,6RFT,phenix,0.275,0.271687
r_work,refmac,torchref,6RFT,refmac,0.2717,0.270719
r_work,refmac,torchref,6RFT,torchref,0.2812,0.275749
r_work,refmac,torchref,6RPT,phenix,0.3648,0.34504
r_work,refmac,torchref,6RPT,refmac,0.3452,0.330189
r_work,refmac,torchref,6RPT,torchref,0.3622,0.343171
r_work,refmac,torchref,6RR0,phenix,0.6199,0.385227
r_work,refmac,torchref,6RR0,refmac,0.6504,0.453779
r_work,refmac,torchref,6RR0,torchref,0.6355,0.414323
r_work,refmac,torchref,6RSN,phenix,0.2826,0.273855
r_work,refmac,torchref,6RSN,refmac,0.2768,0.271231
r_work,refmac,torchref,6RSN,torchref,0.2631,0.254429
r_work,refmac,torchref,6S2P,phenix,0.3369,0.331296
r_work,refmac,torchref,6S2P,refmac,0.3311,0.32878
r_work,refmac,torchref,6S2P,torchref,0.3189,0.31336
r_work,refmac,torchref,6SRB,phenix,0.3887,0.298304
r_work,refmac,torchref,6SRB,refmac,0.4555,0.378715
r_work,refmac,torchref,6SRB,torchref,0.3745,0.281725
r_work,refmac,torchref,6SXW,phenix,0.3021,0.285176
r_work,refmac,torchref,6SXW,refmac,0.2926,0.290239
r_work,refmac,torchref,6SXW,torchref,0.2931,0.281177
r_work,refmac,torchref,6T80,phenix,0.2785,0.289052
r_work,refmac,torchref,6T80,refmac,0.2543,0.276007
r_work,refmac,torchref,6T80,torchref,0.3109,0.309982
r_work,refmac,torchref,6TCT,phenix,0.3338,0.3305
r_work,refmac,torchref,6TCT,refmac,0.3166,0.312716
r_work,refmac,torchref,6TCT,torchref,0.3241,0.31863
r_work,refmac,torchref,6TT5,phenix,0.2813,0.273474
r_work,refmac,torchref,6TT5,refmac,0.272,0.263638
r_work,refmac,torchref,6TT5,torchref,0.2663,0.257266
r_work,refmac,torchref,6TWJ,phenix,0.2622,0.250249
r_work,refmac,torchref,6TWJ,refmac,0.2554,0.246399
r_work,refmac,torchref,6TWJ,torchref,0.2553,0.242673
r_work,refmac,torchref,6U2D,phenix,0.3193,0.300585
r_work,refmac,torchref,6U2D,refmac,0.321,0.307946
r_work,refmac,torchref,6U2D,torchref,0.3077,0.284485
r_work,refmac,torchref,6U75,phenix,0.2536,0.23724
r_work,refmac,torchref,6U75,refmac,0.245,0.234787
r_work,refmac,torchref,6U75,torchref,0.2605,0.243201
r_work,refmac,torchref,6UB7,phenix,0.2624,0.255205
r_work,refmac,torchref,6UB7,refmac,0.2479,0.243452
r_work,refmac,torchref,6UB7,torchref,0.2439,0.23647
r_work,refmac,torchref,6V7M,phenix,0.4011,0.406599
r_work,refmac,torchref,6V7M,refmac,0.3971,0.406469
r_work,refmac,torchref,6V7M,torchref,0.3999,0.403944
r_work,refmac,torchref,6VD8,phenix,0.2916,0.273809
r_work,refmac,torchref,6VD8,refmac,0.4047,0.404869
r_work,refmac,torchref,6VD8,torchref,0.3086,0.29351
r_work,refmac,torchref,6VHI,phenix,0.2223,0.205051
r_work,refmac,torchref,6VHI,refmac,0.2059,0.213479
r_work,refmac,torchref,6VHI,torchref,0.215,0.205076
r_work,refmac,torchref,6VPT,phenix,0.2481,0.225818
r_work,refmac,torchref,6VPT,refmac,0.2513,0.249167
r_work,refmac,torchref,6VPT,torchref,0.2726,0.25248
r_work,refmac,torchref,6VS7,phenix,0.4538,0.442323
r_work,refmac,torchref,6VS7,refmac,0.5006,0.504846
r_work,refmac,torchref,6VS7,torchref,0.5012,0.491713
r_work,refmac,torchref,6W9K,phenix,0.2761,0.271241
r_work,refmac,torchref,6W9K,refmac,0.2633,0.25772
r_work,refmac,torchref,6W9K,torchref,0.2528,0.247295
r_work,refmac,torchref,6WT6,phenix,0.2981,0.234015
r_work,refmac,torchref,6WT6,refmac,0.3157,0.272836
r_work,refmac,torchref,6WT6,torchref,0.3252,0.259107
r_work,refmac,torchref,6XZ6,phenix,0.25,0.235967
r_work,refmac,torchref,6XZ6,refmac,0.2483,0.239781
r_work,refmac,torchref,6XZ6,torchref,0.2557,0.240893
r_work,refmac,torchref,6YFV,phenix,0.4152,0.403945
r_work,refmac,torchref,6YFV,refmac,0.3797,0.372086
r_work,refmac,torchref,6YFV,torchref,0.4217,0.410838
r_work,refmac,torchref,6Z1S,phenix,0.2818,0.276471
r_work,refmac,torchref,6Z1S,refmac,0.2894,0.287398
r_work,refmac,torchref,6Z1S,torchref,0.2697,0.264093
r_work,refmac,torchref,6Z3U,phenix,0.4527,0.36195
r_work,refmac,torchref,6Z3U,refmac,0.4936,0.488365
r_work,refmac,torchref,6Z3U,torchref,0.5025,0.404016
r_work,refmac,torchref,6ZH1,phenix,0.3488,0.332647
r_work,refmac,torchref,6ZH1,refmac,0.3182,0.305362
r_work,refmac,torchref,6ZH1,torchref,0.3425,0.321597
r_work,refmac,torchref,6ZUW,phenix,0.3773,0.373009
r_work,refmac,torchref,6ZUW,refmac,0.3621,0.357192
r_work,refmac,torchref,6ZUW,torchref,0.3613,0.35329
r_work,refmac,torchref,7AUI,phenix,0.2969,0.292212
r_work,refmac,torchref,7AUI,refmac,0.272,0.270371
r_work,refmac,torchref,7AUI,torchref,0.2778,0.273261
r_work,refmac,torchref,7BV5,phenix,0.3058,0.309925
r_work,refmac,torchref,7BV5,refmac,0.29,0.296836
r_work,refmac,torchref,7BV5,torchref,0.3263,0.327575
r_work,refmac,torchref,7BW1,phenix,0.29,0.27631
r_work,refmac,torchref,7BW1,refmac,0.2881,0.284001
r_work,refmac,torchref,7BW1,torchref,0.2901,0.278293
r_work,refmac,torchref,7C7E,phenix,0.411,0.408343
r_work,refmac,torchref,7C7E,refmac,0.4086,0.409682
r_work,refmac,torchref,7C7E,torchref,0.4093,0.405792
r_work,refmac,torchref,7CFD,phenix,0.4305,0.416102
r_work,refmac,torchref,7CFD,refmac,0.3183,0.30419
r_work,refmac,torchref,7CFD,torchref,0.4011,0.376129
r_work,refmac,torchref,7CWW,phenix,0.3149,0.306323
r_work,refmac,torchref,7CWW,refmac,0.2826,0.273485
r_work,refmac,torchref,7CWW,torchref,0.2864,0.277428
r_work,refmac,torchref,7D86,phenix,0.3381,0.334136
r_work,refmac,torchref,7D86,refmac,0.3151,0.315198
r_work,refmac,torchref,7D86,torchref,0.3146,0.311275
r_work,refmac,torchref,7DUF,phenix,0.4444,0.429105
r_work,refmac,torchref,7DUF,refmac,0.5065,0.499713
r_work,refmac,torchref,7DUF,torchref,0.45,0.432154
r_work,refmac,torchref,7DVN,refmac,0.5514,0.545971
r_work,refmac,torchref,7DVN,torchref,0.5678,0.535209
r_work,refmac,torchref,7E2E,phenix,0.3706,0.36326
r_work,refmac,torchref,7E2E,refmac,0.3866,0.383057
r_work,refmac,torchref,7E2E,torchref,0.427,0.401358
r_work,refmac,torchref,7EWF,phenix,0.3352,0.340048
r_work,refmac,torchref,7EWF,refmac,0.313,0.318465
r_work,refmac,torchref,7EWF,torchref,0.3485,0.346889
r_work,refmac,torchref,7F9K,phenix,0.3623,0.358397
r_work,refmac,torchref,7F9K,refmac,0.379,0.377598
r_work,refmac,torchref,7F9K,torchref,0.387,0.380298
r_work,refmac,torchref,7F9M,phenix,0.3176,0.337149
r_work,refmac,torchref,7F9M,refmac,0.2898,0.316778
r_work,refmac,torchref,7F9M,torchref,0.3054,0.327993
r_work,refmac,torchref,7FHR,phenix,0.2764,0.269357
r_work,refmac,torchref,7FHR,refmac,0.2661,0.261003
r_work,refmac,torchref,7FHR,torchref,0.2659,0.257059
r_work,refmac,torchref,7JI4,phenix,0.3615,0.349786
r_work,refmac,torchref,7JI4,refmac,0.3558,0.350922
r_work,refmac,torchref,7JI4,torchref,0.3426,0.330593
r_work,refmac,torchref,7JN9,phenix,0.558,0.535911
r_work,refmac,torchref,7JN9,refmac,0.5623,0.540665
r_work,refmac,torchref,7JN9,torchref,0.5698,0.544329
r_work,refmac,torchref,7K3J,phenix,0.4349,0.407787
r_work,refmac,torchref,7K3J,refmac,0.2967,0.295811
r_work,refmac,torchref,7K3J,torchref,0.297,0.287871
r_work,refmac,torchref,7KQ0,phenix,0.2801,0.274423
r_work,refmac,torchref,7KQ0,refmac,0.2836,0.28091
r_work,refmac,torchref,7KQ0,torchref,0.2907,0.283882
r_work,refmac,torchref,7LF4,phenix,0.2775,0.282537
r_work,refmac,torchref,7LF4,refmac,0.2711,0.285105
r_work,refmac,torchref,7LF4,torchref,0.2765,0.273635
