metric,scorer_x,scorer_y,code,model_engine,value_x,value_y
r_free,refmac,torchref,1A0F,phenix,0.2521,0.259426
r_free,refmac,torchref,1A0F,refmac,0.2485,0.25481
r_free,refmac,torchref,1A0F,torchref,0.2518,0.258994
r_free,refmac,torchref,1A46,phenix,0.3499,0.373515
r_free,refmac,torchref,1A46,refmac,0.3516,0.374232
r_free,refmac,torchref,1A46,torchref,0.3705,0.39654
r_free,refmac,torchref,1A4E,phenix,0.2308,0.248972
r_free,refmac,torchref,1A4E,refmac,0.2276,0.242809
r_free,refmac,torchref,1A4I,phenix,0.3569,0.384147
r_free,refmac,torchref,1A4I,refmac,0.3285,0.355623
r_free,refmac,torchref,1A4I,torchref,0.349,0.375466
r_free,refmac,torchref,1A7V,phenix,0.3095,0.320025
r_free,refmac,torchref,1A7V,refmac,0.2924,0.308206
r_free,refmac,torchref,1A7V,torchref,0.3162,0.326956
r_free,refmac,torchref,1AJ6,phenix,0.3378,0.336535
r_free,refmac,torchref,1AJ6,refmac,0.3295,0.336219
r_free,refmac,torchref,1AJ6,torchref,0.3228,0.314955
r_free,refmac,torchref,1AK5,phenix,0.2347,0.239458
r_free,refmac,torchref,1AK5,refmac,0.2287,0.234418
r_free,refmac,torchref,1AK5,torchref,0.2316,0.233849
r_free,refmac,torchref,1ANU,phenix,0.2669,0.281943
r_free,refmac,torchref,1ANU,refmac,0.239,0.247886
r_free,refmac,torchref,1ANU,torchref,0.2707,0.282539
r_free,refmac,torchref,1APX,phenix,0.2947,0.307356
r_free,refmac,torchref,1APX,refmac,0.301,0.312265
r_free,refmac,torchref,1APX,torchref,0.3042,0.315724
r_free,refmac,torchref,1AQZ,phenix,0.2698,0.301088
r_free,refmac,torchref,1AQZ,refmac,0.2727,0.273918
r_free,refmac,torchref,1AQZ,torchref,0.2728,0.276471
r_free,refmac,torchref,1AT0,refmac,0.3312,0.328274
r_free,refmac,torchref,1AT0,torchref,0.3477,0.350511
r_free,refmac,torchref,1B37,phenix,0.2783,0.293196
r_free,refmac,torchref,1B37,refmac,0.2799,0.293762
r_free,refmac,torchref,1B9K,phenix,0.2812,0.28542
r_free,refmac,torchref,1B9K,refmac,0.2796,0.291482
r_free,refmac,torchref,1B9K,torchref,0.2946,0.297643
r_free,refmac,torchref,1BIA,phenix,0.3574,0.366057
r_free,refmac,torchref,1BIA,refmac,0.3484,0.360021
r_free,refmac,torchref,1BIA,torchref,0.3587,0.374231
r_free,refmac,torchref,1BM7,phenix,0.2535,0.252208
r_free,refmac,torchref,1BM7,refmac,0.2456,0.24897
r_free,refmac,torchref,1BM7,torchref,0.244,0.250866
r_free,refmac,torchref,1BQG,refmac,0.2372,0.243645
r_free,refmac,torchref,1BQG,torchref,0.245,0.246919
r_free,refmac,torchref,1BX0,phenix,0.2854,0.289009
r_free,refmac,torchref,1BX0,refmac,0.2871,0.286437
r_free,refmac,torchref,1BX0,torchref,0.2794,0.282189
r_free,refmac,torchref,1BXE,phenix,0.3467,0.326348
r_free,refmac,torchref,1BXE,refmac,0.354,0.340424
r_free,refmac,torchref,1BXE,torchref,0.349,0.332461
r_free,refmac,torchref,1BYW,phenix,0.2515,0.279863
r_free,refmac,torchref,1BYW,refmac,0.2161,0.226291
r_free,refmac,torchref,1BYW,torchref,0.2557,0.26685
r_free,refmac,torchref,1C3F,phenix,0.3241,0.322528
r_free,refmac,torchref,1C3F,refmac,0.3158,0.316387
r_free,refmac,torchref,1C3F,torchref,0.3154,0.32152
r_free,refmac,torchref,1CI0,phenix,0.294,0.288901
r_free,refmac,torchref,1CI0,refmac,0.303,0.283583
r_free,refmac,torchref,1CI0,torchref,0.2989,0.291311
r_free,refmac,torchref,1CSM,phenix,0.2549,0.259867
r_free,refmac,torchref,1CSM,refmac,0.2499,0.254346
r_free,refmac,torchref,1CSM,torchref,0.2558,0.257881
r_free,refmac,torchref,1D9E,phenix,0.269,0.271331
r_free,refmac,torchref,1D9E,refmac,0.258,0.261912
r_free,refmac,torchref,1DAW,phenix,0.3169,0.309283
r_free,refmac,torchref,1DAW,refmac,0.3225,0.313865
r_free,refmac,torchref,1DAW,torchref,0.3214,0.314942
r_free,refmac,torchref,1DLM,phenix,0.2656,0.276722
r_free,refmac,torchref,1DLM,refmac,0.2741,0.31112
r_free,refmac,torchref,1DLM,torchref,0.2719,0.277796
r_free,refmac,torchref,1DQ3,phenix,0.377,0.386917
r_free,refmac,torchref,1DQ3,refmac,0.3764,0.38135
r_free,refmac,torchref,1DQ3,torchref,0.3813,0.390005
r_free,refmac,torchref,1DQ8,phenix,0.2846,0.292055
r_free,refmac,torchref,1DQ8,refmac,0.285,0.29462
r_free,refmac,torchref,1DQ8,torchref,0.2906,0.297637
r_free,refmac,torchref,1E79,phenix,0.3707,0.372246
r_free,refmac,torchref,1E79,refmac,0.3537,0.355785
r_free,refmac,torchref,1E79,torchref,0.3843,0.392922
r_free,refmac,torchref,1EJ1,phenix,0.3067,0.321298
r_free,refmac,torchref,1EJ1,refmac,0.2942,0.304796
r_free,refmac,torchref,1EJ1,torchref,0.3074,0.320311
r_free,refmac,torchref,1EJH,phenix,0.3055,0.314262
r_free,refmac,torchref,1EJH,refmac,0.2994,0.311112
r_free,refmac,torchref,1EJH,torchref,0.3024,0.316092
r_free,refmac,torchref,1ETE,phenix,0.3523,0.382533
r_free,refmac,torchref,1ETE,refmac,0.3497,0.363004
r_free,refmac,torchref,1ETE,torchref,0.3595,0.380642
r_free,refmac,torchref,1EZW,phenix,0.2485,0.267055
r_free,refmac,torchref,1EZW,refmac,0.2444,0.263051
r_free,refmac,torchref,1EZW,torchref,0.2446,0.258602
r_free,refmac,torchref,1F97,phenix,0.2654,0.246804
r_free,refmac,torchref,1F97,refmac,0.2343,0.24253
r_free,refmac,torchref,1F97,torchref,0.2834,0.277086
r_free,refmac,torchref,1FG3,phenix,0.3063,0.315406
r_free,refmac,torchref,1FG3,refmac,0.3047,0.313213
r_free,refmac,torchref,1FG3,torchref,0.3144,0.324457
r_free,refmac,torchref,1FIO,phenix,0.3905,0.461961
r_free,refmac,torchref,1FIO,refmac,0.3994,0.471811
r_free,refmac,torchref,1FIO,torchref,0.4185,0.469675
r_free,refmac,torchref,1FKM,phenix,0.3097,0.320157
r_free,refmac,torchref,1FKM,refmac,0.3159,0.317938
r_free,refmac,torchref,1FKM,torchref,0.3096,0.316406
r_free,refmac,torchref,1FSI,phenix,0.3323,0.339572
r_free,refmac,torchref,1FSI,refmac,0.3051,0.317909
r_free,refmac,torchref,1FSI,torchref,0.3257,0.341154
r_free,refmac,torchref,1GHW,phenix,0.4264,0.431092
r_free,refmac,torchref,1GHW,refmac,0.4061,0.460377
r_free,refmac,torchref,1GHW,torchref,0.412,0.424268
r_free,refmac,torchref,1GPQ,phenix,0.3077,0.307603
r_free,refmac,torchref,1GPQ,refmac,0.3069,0.308628
r_free,refmac,torchref,1GPQ,torchref,0.2974,0.299486
r_free,refmac,torchref,1GQ8,phenix,0.2576,0.261327
r_free,refmac,torchref,1GQ8,refmac,0.2622,0.267335
r_free,refmac,torchref,1GQ8,torchref,0.2571,0.260075
r_free,refmac,torchref,1GQ9,phenix,0.3502,0.348796
r_free,refmac,torchref,1GQ9,refmac,0.3225,0.309841
r_free,refmac,torchref,1GQ9,torchref,0.4019,0.409221
r_free,refmac,torchref,1GUI,phenix,0.323,0.337484
r_free,refmac,torchref,1GUI,refmac,0.324,0.33024
r_free,refmac,torchref,1GUI,torchref,0.3199,0.336056
r_free,refmac,torchref,1GYJ,phenix,0.3181,0.313564
r_free,refmac,torchref,1GYJ,refmac,0.3356,0.336704
r_free,refmac,torchref,1GYJ,torchref,0.3224,0.320845
r_free,refmac,torchref,1H8V,phenix,0.2849,0.285684
r_free,refmac,torchref,1H8V,refmac,0.2846,0.28796
r_free,refmac,torchref,1H8V,torchref,0.2858,0.288794
r_free,refmac,torchref,1HN0,phenix,0.286,0.290809
r_free,refmac,torchref,1HN0,refmac,0.2791,0.283403
r_free,refmac,torchref,1HN0,torchref,0.284,0.290077
r_free,refmac,torchref,1HNO,phenix,0.2743,0.278704
r_free,refmac,torchref,1HNO,refmac,0.2688,0.27289
r_free,refmac,torchref,1HNO,torchref,0.2666,0.264861
r_free,refmac,torchref,1HTN,phenix,0.2318,0.215007
r_free,refmac,torchref,1HTN,refmac,0.2363,0.227857
r_free,refmac,torchref,1HTN,torchref,0.2253,0.214257
r_free,refmac,torchref,1I1N,phenix,0.2982,0.297752
r_free,refmac,torchref,1I1N,refmac,0.3056,0.304925
r_free,refmac,torchref,1I1N,torchref,0.2974,0.29734
r_free,refmac,torchref,1I3A,phenix,0.3373,0.34428
r_free,refmac,torchref,1I3A,refmac,0.3352,0.33632
r_free,refmac,torchref,1I3A,torchref,0.3369,0.345949
r_free,refmac,torchref,1IDQ,phenix,0.2382,0.235232
r_free,refmac,torchref,1IDQ,refmac,0.2344,0.231293
r_free,refmac,torchref,1IDQ,torchref,0.2382,0.235454
r_free,refmac,torchref,1IKN,phenix,0.4175,0.435553
r_free,refmac,torchref,1IKN,refmac,0.392,0.423215
r_free,refmac,torchref,1IKN,torchref,0.3802,0.405874
r_free,refmac,torchref,1ITK,phenix,0.296,0.300429
r_free,refmac,torchref,1ITK,refmac,0.2909,0.295264
r_free,refmac,torchref,1ITK,torchref,0.3011,0.305791
r_free,refmac,torchref,1J3P,phenix,0.2881,0.28667
r_free,refmac,torchref,1J3P,refmac,0.2952,0.290716
r_free,refmac,torchref,1J3P,torchref,0.2906,0.291025
r_free,refmac,torchref,1J53,phenix,0.3148,0.334141
r_free,refmac,torchref,1J53,refmac,0.3115,0.329557
r_free,refmac,torchref,1J53,torchref,0.3192,0.340288
r_free,refmac,torchref,1J5W,phenix,0.3187,0.322804
r_free,refmac,torchref,1J5W,refmac,0.3214,0.320421
r_free,refmac,torchref,1J5W,torchref,0.3254,0.327312
r_free,refmac,torchref,1J8B,phenix,0.4224,0.44598
r_free,refmac,torchref,1J8B,refmac,0.4511,0.462418
r_free,refmac,torchref,1J8B,torchref,0.4132,0.438732
r_free,refmac,torchref,1JAC,phenix,0.3072,0.319302
r_free,refmac,torchref,1JAC,refmac,0.3007,0.317321
r_free,refmac,torchref,1JAC,torchref,0.314,0.326184
r_free,refmac,torchref,1JAD,phenix,0.3658,0.367191
r_free,refmac,torchref,1JAD,refmac,0.3739,0.372014
r_free,refmac,torchref,1JAD,torchref,0.3945,0.39793
r_free,refmac,torchref,1JN9,phenix,0.5086,0.518382
r_free,refmac,torchref,1JN9,refmac,0.501,0.513258
r_free,refmac,torchref,1JN9,torchref,0.5319,0.555374
r_free,refmac,torchref,1JU3,phenix,0.282,0.291148
r_free,refmac,torchref,1JU3,refmac,0.2856,0.294435
r_free,refmac,torchref,1JU3,torchref,0.2854,0.294597
r_free,refmac,torchref,1K6D,phenix,0.2926,0.29616
r_free,refmac,torchref,1K6D,refmac,0.2834,0.285127
r_free,refmac,torchref,1K6D,torchref,0.2911,0.297295
r_free,refmac,torchref,1K7T,phenix,0.334,0.349586
r_free,refmac,torchref,1K7T,refmac,0.3196,0.32306
r_free,refmac,torchref,1K7T,torchref,0.308,0.323977
r_free,refmac,torchref,1L9X,phenix,0.2547,0.263639
r_free,refmac,torchref,1L9X,refmac,0.2528,0.261133
r_free,refmac,torchref,1L9X,torchref,0.2538,0.262464
r_free,refmac,torchref,1LNZ,phenix,0.4734,0.487124
r_free,refmac,torchref,1LNZ,refmac,0.463,0.472136
r_free,refmac,torchref,1LNZ,torchref,0.4836,0.479182
r_free,refmac,torchref,1M6E,phenix,0.2382,0.240652
r_free,refmac,torchref,1M6E,refmac,0.2358,0.237763
r_free,refmac,torchref,1M6E,torchref,0.23,0.229451
r_free,refmac,torchref,1N0L,phenix,0.3625,0.380919
r_free,refmac,torchref,1N0L,refmac,0.359,0.387886
r_free,refmac,torchref,1N0L,torchref,0.3638,0.392342
r_free,refmac,torchref,1N6J,phenix,0.4432,0.442254
r_free,refmac,torchref,1N6J,refmac,0.4273,0.429654
r_free,refmac,torchref,1N6J,torchref,0.4194,0.430205
r_free,refmac,torchref,1O4V,phenix,0.2518,0.252133
r_free,refmac,torchref,1O4V,refmac,0.2475,0.247088
r_free,refmac,torchref,1O4V,torchref,0.2519,0.250331
r_free,refmac,torchref,1O5T,phenix,0.363,0.370659
r_free,refmac,torchref,1O5T,refmac,0.3719,0.378797
r_free,refmac,torchref,1O5T,torchref,0.396,0.403474
r_free,refmac,torchref,1O6D,phenix,0.2931,0.323269
r_free,refmac,torchref,1O6D,refmac,0.2931,0.326968
r_free,refmac,torchref,1O6D,torchref,0.3054,0.332948
r_free,refmac,torchref,1OBR,phenix,0.2131,0.223154
r_free,refmac,torchref,1OBR,refmac,0.2163,0.225603
r_free,refmac,torchref,1OBR,torchref,0.236,0.236258
r_free,refmac,torchref,1OC0,phenix,0.3527,0.3509
r_free,refmac,torchref,1OC0,refmac,0.3402,0.336755
r_free,refmac,torchref,1OC0,torchref,0.3518,0.344988
r_free,refmac,torchref,1OE4,phenix,0.2999,0.31759
r_free,refmac,torchref,1OE4,refmac,0.299,0.316612
r_free,refmac,torchref,1OE4,torchref,0.3005,0.319766
r_free,refmac,torchref,1OMW,phenix,0.3675,0.368397
r_free,refmac,torchref,1OMW,refmac,0.3311,0.344972
r_free,refmac,torchref,1OMW,torchref,0.337,0.342472
r_free,refmac,torchref,1OQE,phenix,0.2713,0.282793
r_free,refmac,torchref,1OQE,refmac,0.2492,0.263395
r_free,refmac,torchref,1OSC,phenix,0.261,0.277342
r_free,refmac,torchref,1OSC,refmac,0.2545,0.270219
r_free,refmac,torchref,1OSC,torchref,0.2556,0.271359
r_free,refmac,torchref,1OY5,phenix,0.3779,0.376996
r_free,refmac,torchref,1OY5,refmac,0.3586,0.370809
r_free,refmac,torchref,1OY5,torchref,0.3603,0.371515
r_free,refmac,torchref,1P3C,phenix,0.2276,0.234634
r_free,refmac,torchref,1P3C,refmac,0.2282,0.23803
r_free,refmac,torchref,1P3C,torchref,0.2283,0.235783
r_free,refmac,torchref,1P4X,phenix,0.3662,0.393723
r_free,refmac,torchref,1P4X,refmac,0.341,0.371082
r_free,refmac,torchref,1P4X,torchref,0.3774,0.40799
r_free,refmac,torchref,1PG3,phenix,0.285,0.280587
r_free,refmac,torchref,1PG3,refmac,0.2851,0.280982
r_free,refmac,torchref,1PG3,torchref,0.2829,0.282218
r_free,refmac,torchref,1PJR,phenix,0.3568,0.360933
r_free,refmac,torchref,1PJR,refmac,0.3361,0.340435
r_free,refmac,torchref,1PJR,torchref,0.365,0.367849
r_free,refmac,torchref,1PXZ,phenix,0.2687,0.257357
r_free,refmac,torchref,1PXZ,refmac,0.2721,0.257208
r_free,refmac,torchref,1PXZ,torchref,0.2684,0.255946
r_free,refmac,torchref,1Q15,phenix,0.3019,0.300089
r_free,refmac,torchref,1Q15,refmac,0.2983,0.295236
r_free,refmac,torchref,1Q15,torchref,0.3128,0.310757
r_free,refmac,torchref,1QB5,phenix,0.243,0.245629
r_free,refmac,torchref,1QB5,refmac,0.2439,0.244889
r_free,refmac,torchref,1QB5,torchref,0.2492,0.249653
r_free,refmac,torchref,1QD9,phenix,0.3067,0.323795
r_free,refmac,torchref,1QD9,refmac,0.3297,0.342526
r_free,refmac,torchref,1QD9,torchref,0.3362,0.345377
r_free,refmac,torchref,1QJV,phenix,0.2723,0.281264
r_free,refmac,torchref,1QJV,refmac,0.2727,0.278684
r_free,refmac,torchref,1QJV,torchref,0.2768,0.293072
r_free,refmac,torchref,1QZN,phenix,0.2945,0.315983
r_free,refmac,torchref,1QZN,refmac,0.294,0.310766
r_free,refmac,torchref,1QZN,torchref,0.3066,0.326237
r_free,refmac,torchref,1R1K,phenix,0.3345,0.348241
r_free,refmac,torchref,1R1K,refmac,0.3156,0.321987
r_free,refmac,torchref,1R1K,torchref,0.3153,0.328514
r_free,refmac,torchref,1R3U,phenix,0.2679,0.283152
r_free,refmac,torchref,1R3U,refmac,0.2743,0.280024
r_free,refmac,torchref,1R3U,torchref,0.2689,0.275669
r_free,refmac,torchref,1RFX,phenix,0.4087,0.43317
r_free,refmac,torchref,1RFX,refmac,0.3775,0.40782
r_free,refmac,torchref,1RFX,torchref,0.384,0.421025
r_free,refmac,torchref,1RHC,phenix,0.2515,0.254377
r_free,refmac,torchref,1RHC,refmac,0.24,0.243323
r_free,refmac,torchref,1RHC,torchref,0.2508,0.253048
r_free,refmac,torchref,1RJ1,phenix,0.2895,0.292534
r_free,refmac,torchref,1RJ1,refmac,0.2736,0.275853
r_free,refmac,torchref,1RJ1,torchref,0.2833,0.280156
r_free,refmac,torchref,1RJD,phenix,0.2779,0.278165
r_free,refmac,torchref,1RJD,refmac,0.2801,0.281805
r_free,refmac,torchref,1RJD,torchref,0.2786,0.278621
r_free,refmac,torchref,1RKG,phenix,0.3353,0.34673
r_free,refmac,torchref,1RKG,refmac,0.3188,0.330307
r_free,refmac,torchref,1RKG,torchref,0.3314,0.346155
r_free,refmac,torchref,1RZN,phenix,0.2705,0.25515
r_free,refmac,torchref,1RZN,refmac,0.2841,0.273312
r_free,refmac,torchref,1RZN,torchref,0.2828,0.276214
r_free,refmac,torchref,1S1C,phenix,0.3895,0.408127
r_free,refmac,torchref,1S1C,refmac,0.3902,0.406695
r_free,refmac,torchref,1S1C,torchref,0.3991,0.427117
r_free,refmac,torchref,1SO2,phenix,0.2862,0.290966
r_free,refmac,torchref,1SO2,refmac,0.2832,0.288099
r_free,refmac,torchref,1SO2,torchref,0.2903,0.291758
r_free,refmac,torchref,1SOT,phenix,0.3724,0.377024
r_free,refmac,torchref,1SOT,refmac,0.351,0.355225
r_free,refmac,torchref,1SOT,torchref,0.3618,0.369872
r_free,refmac,torchref,1T3I,phenix,0.2703,0.279659
r_free,refmac,torchref,1T3I,refmac,0.2678,0.276328
r_free,refmac,torchref,1T3I,torchref,0.2729,0.279884
r_free,refmac,torchref,1TE5,phenix,0.3542,0.357627
r_free,refmac,torchref,1TE5,refmac,0.3387,0.337702
r_free,refmac,torchref,1TE5,torchref,0.3531,0.359655
r_free,refmac,torchref,1TGS,phenix,0.288,0.298972
r_free,refmac,torchref,1TGS,refmac,0.2933,0.305253
r_free,refmac,torchref,1TGS,torchref,0.2806,0.290254
r_free,refmac,torchref,1TML,phenix,0.2173,0.296455
r_free,refmac,torchref,1TML,refmac,0.229,0.242933
r_free,refmac,torchref,1TML,torchref,0.2722,0.2925
r_free,refmac,torchref,1TVL,phenix,0.2911,0.325968
r_free,refmac,torchref,1TVL,refmac,0.2793,0.312279
r_free,refmac,torchref,1TVL,torchref,0.2905,0.333247
r_free,refmac,torchref,1U1I,phenix,0.3388,0.336433
r_free,refmac,torchref,1U1I,refmac,0.3346,0.334247
r_free,refmac,torchref,1U1I,torchref,0.3425,0.343659
r_free,refmac,torchref,1U7B,refmac,0.3424,0.348541
r_free,refmac,torchref,1U7B,torchref,0.3705,0.364729
r_free,refmac,torchref,1UEF,phenix,0.4552,0.460512
r_free,refmac,torchref,1UEF,refmac,0.4206,0.439063
r_free,refmac,torchref,1UEF,torchref,0.4467,0.451862
r_free,refmac,torchref,1UJK,phenix,0.3246,0.33759
r_free,refmac,torchref,1UJK,refmac,0.3305,0.34645
r_free,refmac,torchref,1UJK,torchref,0.3304,0.339807
r_free,refmac,torchref,1UKV,phenix,0.3607,0.364168
r_free,refmac,torchref,1UKV,refmac,0.3555,0.361433
r_free,refmac,torchref,1UKV,torchref,0.3481,0.350246
r_free,refmac,torchref,1UTB,phenix,0.2784,0.282561
r_free,refmac,torchref,1UTB,refmac,0.258,0.267216
r_free,refmac,torchref,1UTB,torchref,0.2695,0.27627
r_free,refmac,torchref,1UVQ,phenix,0.3511,0.356154
r_free,refmac,torchref,1UVQ,refmac,0.3392,0.343105
r_free,refmac,torchref,1UVQ,torchref,0.3303,0.337351
r_free,refmac,torchref,1V8Q,phenix,0.2986,0.303527
r_free,refmac,torchref,1V8Q,refmac,0.2659,0.280266
r_free,refmac,torchref,1V8Q,torchref,0.3434,0.349559
r_free,refmac,torchref,1VB3,phenix,0.2673,0.273391
r_free,refmac,torchref,1VB3,refmac,0.2789,0.283962
r_free,refmac,torchref,1VB3,torchref,0.2844,0.289406
r_free,refmac,torchref,1VCE,phenix,0.2981,0.312211
r_free,refmac,torchref,1VCE,refmac,0.2919,0.304946
r_free,refmac,torchref,1VCE,torchref,0.2944,0.309877
r_free,refmac,torchref,1VDD,phenix,0.3171,0.323237
r_free,refmac,torchref,1VDD,refmac,0.2919,0.297968
r_free,refmac,torchref,1VDD,torchref,0.3211,0.325029
r_free,refmac,torchref,1VER,phenix,0.2518,0.274043
r_free,refmac,torchref,1VER,refmac,0.2377,0.27344
r_free,refmac,torchref,1VER,torchref,0.2738,0.274145
r_free,refmac,torchref,1VK0,phenix,0.2988,0.31353
r_free,refmac,torchref,1VK0,refmac,0.3076,0.32236
r_free,refmac,torchref,1VK0,torchref,0.3075,0.321537
r_free,refmac,torchref,1VLM,phenix,0.3352,0.337672
r_free,refmac,torchref,1VLM,refmac,0.3333,0.343181
r_free,refmac,torchref,1VLM,torchref,0.3374,0.346556
r_free,refmac,torchref,1VR4,phenix,0.3459,0.362699
r_free,refmac,torchref,1VR4,refmac,0.3341,0.351348
r_free,refmac,torchref,1VR4,torchref,0.3471,0.363356
r_free,refmac,torchref,1VRQ,phenix,0.2883,0.300334
r_free,refmac,torchref,1VRQ,refmac,0.2806,0.297318
r_free,refmac,torchref,1W2Y,phenix,0.2935,0.305828
r_free,refmac,torchref,1W2Y,refmac,0.2833,0.309793
r_free,refmac,torchref,1W2Y,torchref,0.2895,0.300124
r_free,refmac,torchref,1W8A,phenix,0.2807,0.252921
r_free,refmac,torchref,1W8A,refmac,0.2712,0.264976
r_free,refmac,torchref,1W8A,torchref,0.2773,0.275937
r_free,refmac,torchref,1WD8,phenix,0.297,0.299285
r_free,refmac,torchref,1WD8,refmac,0.2832,0.278342
r_free,refmac,torchref,1WD8,torchref,0.3004,0.290682
r_free,refmac,torchref,1WDV,phenix,0.3098,0.322031
r_free,refmac,torchref,1WDV,refmac,0.3067,0.321324
r_free,refmac,torchref,1WDV,torchref,0.3098,0.322695
r_free,refmac,torchref,1WLZ,phenix,0.3068,0.312511
r_free,refmac,torchref,1WLZ,refmac,0.3063,0.3085
r_free,refmac,torchref,1WLZ,torchref,0.305,0.311448
r_free,refmac,torchref,1WTJ,phenix,0.2948,0.303886
r_free,refmac,torchref,1WTJ,refmac,0.2772,0.286222
r_free,refmac,torchref,1WTJ,torchref,0.2796,0.288394
r_free,refmac,torchref,1WTY,phenix,0.3183,0.329582
r_free,refmac,torchref,1WTY,refmac,0.3175,0.326356
r_free,refmac,torchref,1WTY,torchref,0.3252,0.334565
r_free,refmac,torchref,1WU2,phenix,0.361,0.372899
r_free,refmac,torchref,1WU2,refmac,0.3606,0.367413
r_free,refmac,torchref,1WU2,torchref,0.3634,0.368898
r_free,refmac,torchref,1WV8,phenix,0.4437,0.44037
r_free,refmac,torchref,1WV8,refmac,0.4593,0.45296
r_free,refmac,torchref,1WV8,torchref,0.4598,0.461105
r_free,refmac,torchref,1WW9,phenix,0.3064,0.31024
r_free,refmac,torchref,1WW9,refmac,0.2991,0.302921
r_free,refmac,torchref,1WW9,torchref,0.3084,0.311009
r_free,refmac,torchref,1X1Q,phenix,0.3883,0.389737
r_free,refmac,torchref,1X1Q,refmac,0.3563,0.352326
r_free,refmac,torchref,1X1Q,torchref,0.4173,0.422377
r_free,refmac,torchref,1X6O,phenix,0.3182,0.324166
r_free,refmac,torchref,1X6O,refmac,0.3192,0.319864
r_free,refmac,torchref,1X6O,torchref,0.316,0.313103
r_free,refmac,torchref,1XHD,phenix,0.313,0.318182
r_free,refmac,torchref,1XHD,refmac,0.3014,0.305948
r_free,refmac,torchref,1XQZ,refmac,0.313,0.343195
r_free,refmac,torchref,1XQZ,torchref,0.3134,0.314784
r_free,refmac,torchref,1XVS,phenix,0.3287,0.356746
r_free,refmac,torchref,1XVS,refmac,0.3247,0.351566
r_free,refmac,torchref,1XVS,torchref,0.3335,0.352103
r_free,refmac,torchref,1XVW,refmac,0.2888,0.294994
r_free,refmac,torchref,1XVW,torchref,0.298,0.298409
r_free,refmac,torchref,1XX1,phenix,0.279,0.28685
r_free,refmac,torchref,1XX1,refmac,0.2775,0.284178
r_free,refmac,torchref,1XX1,torchref,0.2784,0.284664
r_free,refmac,torchref,1Y08,refmac,0.3028,0.307556
r_free,refmac,torchref,1Y08,torchref,0.299,0.307087
r_free,refmac,torchref,1Y7O,phenix,0.3532,0.362999
r_free,refmac,torchref,1Y7O,refmac,0.3419,0.35983
r_free,refmac,torchref,1Y7O,torchref,0.3407,0.356591
r_free,refmac,torchref,1Y8Q,phenix,0.267,0.27039
r_free,refmac,torchref,1Y8Q,refmac,0.2643,0.266504
r_free,refmac,torchref,1Y8Q,torchref,0.2687,0.273599
r_free,refmac,torchref,1Y98,refmac,0.3135,0.323707
r_free,refmac,torchref,1Y98,torchref,0.3327,0.332128
r_free,refmac,torchref,1YEM,phenix,0.2875,0.304008
r_free,refmac,torchref,1YEM,refmac,0.2773,0.290841
r_free,refmac,torchref,1YEM,torchref,0.289,0.29617
r_free,refmac,torchref,1YK3,phenix,0.3081,0.310287
r_free,refmac,torchref,1YK3,refmac,0.3042,0.306766
r_free,refmac,torchref,1YK3,torchref,0.3069,0.313429
r_free,refmac,torchref,1YMQ,phenix,0.2697,0.263679
r_free,refmac,torchref,1YMQ,refmac,0.2747,0.2654
r_free,refmac,torchref,1YMQ,torchref,0.27,0.258151
r_free,refmac,torchref,1YRX,refmac,0.5015,0.554541
r_free,refmac,torchref,1YRX,torchref,0.5175,0.564537
r_free,refmac,torchref,1Z05,phenix,0.3823,0.378678
r_free,refmac,torchref,1Z05,refmac,0.3197,0.311242
r_free,refmac,torchref,1Z05,torchref,0.3661,0.356969
r_free,refmac,torchref,1Z3X,phenix,0.2856,0.289959
r_free,refmac,torchref,1Z3X,refmac,0.2815,0.285535
r_free,refmac,torchref,1Z3X,torchref,0.2861,0.289622
r_free,refmac,torchref,1ZEJ,phenix,0.3263,0.34427
r_free,refmac,torchref,1ZEJ,refmac,0.3177,0.326935
r_free,refmac,torchref,1ZEJ,torchref,0.3822,0.396497
r_free,refmac,torchref,1ZJ8,phenix,0.3077,0.31506
r_free,refmac,torchref,1ZJ8,refmac,0.3375,0.335315
r_free,refmac,torchref,1ZJ8,torchref,0.3029,0.302523
r_free,refmac,torchref,1ZKL,phenix,0.2702,0.283207
r_free,refmac,torchref,1ZKL,refmac,0.2704,0.282166
r_free,refmac,torchref,1ZKL,torchref,0.2719,0.282681
r_free,refmac,torchref,1ZZ0,phenix,0.2562,0.263804
r_free,refmac,torchref,1ZZ0,refmac,0.2502,0.257421
r_free,refmac,torchref,1ZZ0,torchref,0.2536,0.259622
r_free,refmac,torchref,2A25,phenix,0.3713,0.400789
r_free,refmac,torchref,2A25,refmac,0.32,0.360888
r_free,refmac,torchref,2A25,torchref,0.3393,0.354422
r_free,refmac,torchref,2A3V,phenix,0.4559,0.466128
r_free,refmac,torchref,2A3V,refmac,0.4395,0.451596
r_free,refmac,torchref,2A3V,torchref,0.4674,0.485131
r_free,refmac,torchref,2A65,refmac,0.2637,0.271556
r_free,refmac,torchref,2A65,torchref,0.2627,0.27093
r_free,refmac,torchref,2A9S,phenix,0.2514,0.240439
r_free,refmac,torchref,2A9S,refmac,0.2556,0.241497
r_free,refmac,torchref,2A9S,torchref,0.2455,0.238704
r_free,refmac,torchref,2ACJ,phenix,0.5162,0.530577
r_free,refmac,torchref,2ACJ,refmac,0.5334,0.542656
r_free,refmac,torchref,2ACJ,torchref,0.5079,0.516891
r_free,refmac,torchref,2AE0,phenix,0.4967,0.510219
r_free,refmac,torchref,2AE0,refmac,0.4661,0.478459
r_free,refmac,torchref,2AE0,torchref,0.5043,0.510472
r_free,refmac,torchref,2AG0,phenix,0.2782,0.291414
r_free,refmac,torchref,2AG0,refmac,0.2748,0.289249
r_free,refmac,torchref,2AG0,torchref,0.2837,0.293413
r_free,refmac,torchref,2AHR,phenix,0.3396,0.344498
r_free,refmac,torchref,2AHR,refmac,0.3304,0.335676
r_free,refmac,torchref,2AHR,torchref,0.3397,0.348217
r_free,refmac,torchref,2AP2,phenix,0.5549,0.556314
r_free,refmac,torchref,2AP2,refmac,0.546,0.547034
r_free,refmac,torchref,2AP2,torchref,0.5514,0.551348
r_free,refmac,torchref,2AQ4,phenix,0.3556,0.359379
r_free,refmac,torchref,2AQ4,refmac,0.3547,0.36142
r_free,refmac,torchref,2AQ4,torchref,0.3508,0.350644
r_free,refmac,torchref,2B2N,phenix,0.3244,0.326507
r_free,refmac,torchref,2B2N,refmac,0.3068,0.305593
r_free,refmac,torchref,2B2N,torchref,0.3267,0.326954
r_free,refmac,torchref,2B3X,phenix,0.4035,0.396323
r_free,refmac,torchref,2B3X,refmac,0.3815,0.378874
r_free,refmac,torchref,2B3X,torchref,0.4238,0.42027
r_free,refmac,torchref,2B5E,phenix,0.4507,0.45417
r_free,refmac,torchref,2B5E,refmac,0.3854,0.389439
r_free,refmac,torchref,2B5E,torchref,0.4203,0.423361
r_free,refmac,torchref,2B7O,phenix,0.31,0.315937
r_free,refmac,torchref,2B7O,refmac,0.3075,0.313461
r_free,refmac,torchref,2B7O,torchref,0.3043,0.31108
r_free,refmac,torchref,2BON,phenix,0.3447,0.34445
r_free,refmac,torchref,2BON,refmac,0.3157,0.33538
r_free,refmac,torchref,2BON,torchref,0.4448,0.341
r_free,refmac,torchref,2BTY,phenix,0.3327,0.340627
r_free,refmac,torchref,2BTY,refmac,0.3169,0.318409
r_free,refmac,torchref,2BTY,torchref,0.3443,0.356954
r_free,refmac,torchref,2C8X,phenix,0.409,0.407202
r_free,refmac,torchref,2C8X,refmac,0.4107,0.409709
r_free,refmac,torchref,2C8X,torchref,0.4336,0.427354
r_free,refmac,torchref,2C90,phenix,0.4382,0.426362
r_free,refmac,torchref,2C90,refmac,0.42,0.416216
r_free,refmac,torchref,2C90,torchref,0.4477,0.43767
r_free,refmac,torchref,2CB4,phenix,0.3011,0.297494
r_free,refmac,torchref,2CB4,refmac,0.2976,0.29625
r_free,refmac,torchref,2CB4,torchref,0.3037,0.301908
r_free,refmac,torchref,2CCH,phenix,0.3736,0.402542
r_free,refmac,torchref,2CCH,refmac,0.3486,0.371346
r_free,refmac,torchref,2CCH,torchref,0.3461,0.366601
r_free,refmac,torchref,2CCM,phenix,0.2844,0.290438
r_free,refmac,torchref,2CCM,refmac,0.2839,0.287426
r_free,refmac,torchref,2CCM,torchref,0.2866,0.286688
r_free,refmac,torchref,2CKL,phenix,0.3321,0.334968
r_free,refmac,torchref,2CKL,refmac,0.3326,0.338964
r_free,refmac,torchref,2CKL,torchref,0.3461,0.356072
r_free,refmac,torchref,2CZV,phenix,0.2959,0.304854
r_free,refmac,torchref,2CZV,refmac,0.2894,0.297397
r_free,refmac,torchref,2CZV,torchref,0.2949,0.302468
r_free,refmac,torchref,2D0T,phenix,0.2814,0.289597
r_free,refmac,torchref,2D0T,refmac,0.2705,0.276071
r_free,refmac,torchref,2D0T,torchref,0.2792,0.285729
r_free,refmac,torchref,2D68,phenix,0.2822,0.288589
r_free,refmac,torchref,2D68,refmac,0.2897,0.304565
r_free,refmac,torchref,2D68,torchref,0.2775,0.294107
r_free,refmac,torchref,2DOB,phenix,0.5264,0.53757
r_free,refmac,torchref,2DOB,refmac,0.5481,0.567497
r_free,refmac,torchref,2DOB,torchref,0.6055,0.558024
r_free,refmac,torchref,2DQ6,phenix,0.2817,0.289648
r_free,refmac,torchref,2DQ6,refmac,0.2802,0.28794
r_free,refmac,torchref,2DQ6,torchref,0.2769,0.284686
r_free,refmac,torchref,2DRY,phenix,0.421,0.434222
r_free,refmac,torchref,2DRY,refmac,0.4239,0.441972
r_free,refmac,torchref,2DRY,torchref,0.4264,0.440599
r_free,refmac,torchref,2DX6,phenix,0.361,0.360404
r_free,refmac,torchref,2DX6,refmac,0.3665,0.368645
r_free,refmac,torchref,2DX6,torchref,0.3725,0.380801
r_free,refmac,torchref,2E1M,phenix,0.5324,0.557936
r_free,refmac,torchref,2E1M,refmac,0.5519,0.568108
r_free,refmac,torchref,2E1M,torchref,0.5518,0.576449
r_free,refmac,torchref,2EO4,phenix,0.3274,0.337582
r_free,refmac,torchref,2EO4,refmac,0.312,0.316876
r_free,refmac,torchref,2EO4,torchref,0.315,0.322024
r_free,refmac,torchref,2EU9,phenix,0.314,0.311608
r_free,refmac,torchref,2EU9,refmac,0.3041,0.302049
r_free,refmac,torchref,2EU9,torchref,0.3074,0.311006
r_free,refmac,torchref,2EXU,phenix,0.5255,0.503495
r_free,refmac,torchref,2EXU,refmac,0.5313,0.516292
r_free,refmac,torchref,2EXU,torchref,0.5292,0.517602
r_free,refmac,torchref,2F1F,phenix,0.3108,0.322167
r_free,refmac,torchref,2F1F,refmac,0.2981,0.309014
r_free,refmac,torchref,2F1F,torchref,0.2955,0.309332
r_free,refmac,torchref,2F2E,phenix,0.3197,0.335256
r_free,refmac,torchref,2F2E,refmac,0.3039,0.315717
r_free,refmac,torchref,2F2E,torchref,0.3217,0.338547
r_free,refmac,torchref,2F8L,phenix,0.2708,0.276143
r_free,refmac,torchref,2F8L,refmac,0.2723,0.272631
r_free,refmac,torchref,2F8L,torchref,0.2719,0.276479
r_free,refmac,torchref,2F9I,phenix,0.2741,0.291604
r_free,refmac,torchref,2F9I,refmac,0.2738,0.286951
r_free,refmac,torchref,2F9I,torchref,0.2745,0.289717
r_free,refmac,torchref,2F9Z,phenix,0.3387,0.338256
r_free,refmac,torchref,2F9Z,refmac,0.3378,0.338241
r_free,refmac,torchref,2F9Z,torchref,0.338,0.34122
r_free,refmac,torchref,2FEX,phenix,0.3391,0.340496
r_free,refmac,torchref,2FEX,refmac,0.3346,0.334166
r_free,refmac,torchref,2FEX,torchref,0.3434,0.345133
r_free,refmac,torchref,2FFF,phenix,0.3034,0.318776
r_free,refmac,torchref,2FFF,refmac,0.2959,0.310723
r_free,refmac,torchref,2FFF,torchref,0.2993,0.313719
r_free,refmac,torchref,2FH9,phenix,0.413,0.429626
r_free,refmac,torchref,2FH9,refmac,0.3806,0.396315
r_free,refmac,torchref,2FH9,torchref,0.3953,0.419672
r_free,refmac,torchref,2FTX,phenix,0.3807,0.386865
r_free,refmac,torchref,2FTX,refmac,0.3952,0.38746
r_free,refmac,torchref,2FTX,torchref,0.3714,0.365837
r_free,refmac,torchref,2G9W,phenix,0.4364,0.454806
r_free,refmac,torchref,2G9W,refmac,0.4243,0.424885
r_free,refmac,torchref,2G9W,torchref,0.4246,0.440793
r_free,refmac,torchref,2GA1,phenix,0.5004,0.49433
r_free,refmac,torchref,2GA1,refmac,0.484,0.478576
r_free,refmac,torchref,2GA1,torchref,0.5165,0.499834
r_free,refmac,torchref,2GA9,phenix,0.3182,0.324871
r_free,refmac,torchref,2GA9,refmac,0.3268,0.330983
r_free,refmac,torchref,2GA9,torchref,0.3237,0.332032
r_free,refmac,torchref,2GD9,phenix,0.3577,0.378203
r_free,refmac,torchref,2GD9,refmac,0.3572,0.367235
r_free,refmac,torchref,2GD9,torchref,0.3566,0.369574
r_free,refmac,torchref,2GT1,phenix,0.3444,0.352033
r_free,refmac,torchref,2GT1,refmac,0.3151,0.320192
r_free,refmac,torchref,2GT1,torchref,0.3384,0.344717
r_free,refmac,torchref,2GUH,phenix,0.3638,0.375146
r_free,refmac,torchref,2GUH,refmac,0.3639,0.370903
r_free,refmac,torchref,2GUH,torchref,0.3653,0.376413
r_free,refmac,torchref,2HXW,phenix,0.3049,0.311681
r_free,refmac,torchref,2HXW,refmac,0.3021,0.309095
r_free,refmac,torchref,2HXW,torchref,0.2979,0.30608
r_free,refmac,torchref,2I53,phenix,0.2568,0.284373
r_free,refmac,torchref,2I53,refmac,0.2559,0.283667
r_free,refmac,torchref,2I53,torchref,0.2603,0.283497
r_free,refmac,torchref,2I7H,phenix,0.304,0.309462
r_free,refmac,torchref,2I7H,refmac,0.293,0.296945
r_free,refmac,torchref,2I7H,torchref,0.3016,0.304297
r_free,refmac,torchref,2I88,refmac,0.1961,0.198611
r_free,refmac,torchref,2I88,torchref,0.1983,0.198221
r_free,refmac,torchref,2IJE,phenix,0.3116,0.305066
r_free,refmac,torchref,2IJE,refmac,0.2957,0.294532
r_free,refmac,torchref,2IJE,torchref,0.3127,0.30622
r_free,refmac,torchref,2IO7,phenix,0.2896,0.304314
r_free,refmac,torchref,2IO7,refmac,0.2878,0.294716
r_free,refmac,torchref,2IO7,torchref,0.2885,0.304452
r_free,refmac,torchref,2IUC,phenix,0.2756,0.278587
r_free,refmac,torchref,2IUC,refmac,0.2794,0.281247
r_free,refmac,torchref,2IUC,torchref,0.2824,0.283662
r_free,refmac,torchref,2IVF,phenix,0.326,0.333022
r_free,refmac,torchref,2IVF,refmac,0.318,0.323938
r_free,refmac,torchref,2IVF,torchref,0.3245,0.330589
r_free,refmac,torchref,2IVM,phenix,0.3048,0.245854
r_free,refmac,torchref,2IVM,refmac,0.384,0.332531
r_free,refmac,torchref,2IVM,torchref,0.303,0.238463
r_free,refmac,torchref,2JAC,phenix,0.3038,0.278883
r_free,refmac,torchref,2JAC,refmac,0.3013,0.275536
r_free,refmac,torchref,2JAC,torchref,0.316,0.273464
r_free,refmac,torchref,2JBV,refmac,0.2832,0.289609
r_free,refmac,torchref,2JBV,torchref,0.2936,0.295888
r_free,refmac,torchref,2JFN,phenix,0.2702,0.281329
r_free,refmac,torchref,2JFN,refmac,0.2692,0.278786
r_free,refmac,torchref,2JFN,torchref,0.27,0.271223
r_free,refmac,torchref,2JH3,phenix,0.3009,0.304875
r_free,refmac,torchref,2JH3,refmac,0.2952,0.297019
r_free,refmac,torchref,2JH3,torchref,0.3037,0.308684
r_free,refmac,torchref,2NLY,phenix,0.2539,0.253239
r_free,refmac,torchref,2NLY,refmac,0.2516,0.254384
r_free,refmac,torchref,2NLY,torchref,0.2553,0.250292
r_free,refmac,torchref,2NN4,phenix,0.3205,0.32632
r_free,refmac,torchref,2NN4,refmac,0.3044,0.313704
r_free,refmac,torchref,2NN4,torchref,0.3071,0.309496
r_free,refmac,torchref,2NTX,phenix,0.39,0.389791
r_free,refmac,torchref,2NTX,refmac,0.3698,0.36919
r_free,refmac,torchref,2NTX,torchref,0.3957,0.396337
r_free,refmac,torchref,2NVN,phenix,0.3325,0.342867
r_free,refmac,torchref,2NVN,refmac,0.3014,0.300301
r_free,refmac,torchref,2NVN,torchref,0.3469,0.348144
r_free,refmac,torchref,2OD8,phenix,0.3808,0.375265
r_free,refmac,torchref,2OD8,refmac,0.3454,0.361459
r_free,refmac,torchref,2OD8,torchref,0.3492,0.360641
r_free,refmac,torchref,2OO2,phenix,0.2771,0.290162
r_free,refmac,torchref,2OO2,refmac,0.3073,0.310053
r_free,refmac,torchref,2OO2,torchref,0.2779,0.288133
r_free,refmac,torchref,2OO3,phenix,0.2469,0.251483
r_free,refmac,torchref,2OO3,refmac,0.2552,0.254772
r_free,refmac,torchref,2OO3,torchref,0.2493,0.252351
r_free,refmac,torchref,2P0U,phenix,0.2731,0.267568
r_free,refmac,torchref,2P0U,refmac,0.2685,0.266721
r_free,refmac,torchref,2P0U,torchref,0.2718,0.269308
r_free,refmac,torchref,2P1L,phenix,0.3424,0.348482
r_free,refmac,torchref,2P1L,refmac,0.3173,0.326932
r_free,refmac,torchref,2P1L,torchref,0.3388,0.345708
r_free,refmac,torchref,2P38,phenix,0.3493,0.368419
r_free,refmac,torchref,2P38,refmac,0.3336,0.361665
r_free,refmac,torchref,2P38,torchref,0.3506,0.367935
r_free,refmac,torchref,2P62,phenix,0.3001,0.309749
r_free,refmac,torchref,2P62,refmac,0.2873,0.296979
r_free,refmac,torchref,2P62,torchref,0.2874,0.290874
r_free,refmac,torchref,2P8J,phenix,0.3202,0.333372
r_free,refmac,torchref,2P8J,refmac,0.311,0.330579
r_free,refmac,torchref,2P8J,torchref,0.3217,0.334458
r_free,refmac,torchref,2P8Q,phenix,0.3602,0.361852
r_free,refmac,torchref,2P8Q,refmac,0.3327,0.3449
r_free,refmac,torchref,2P8Q,torchref,0.3728,0.379789
r_free,refmac,torchref,2PAV,phenix,0.3095,0.312114
r_free,refmac,torchref,2PAV,refmac,0.3066,0.310116
r_free,refmac,torchref,2PAV,torchref,0.3088,0.312946
r_free,refmac,torchref,2PJS,phenix,0.3184,0.316012
r_free,refmac,torchref,2PJS,refmac,0.309,0.3132
r_free,refmac,torchref,2PJS,torchref,0.3144,0.314678
r_free,refmac,torchref,2PK9,phenix,0.3718,0.372651
r_free,refmac,torchref,2PK9,refmac,0.363,0.363608
r_free,refmac,torchref,2PK9,torchref,0.3728,0.372864
r_free,refmac,torchref,2PN0,phenix,0.4196,0.426412
r_free,refmac,torchref,2PN0,refmac,0.4029,0.412554
r_free,refmac,torchref,2PN0,torchref,0.4132,0.422349
r_free,refmac,torchref,2PQN,phenix,0.4259,0.437123
r_free,refmac,torchref,2PQN,refmac,0.3687,0.334325
r_free,refmac,torchref,2PQN,torchref,0.3624,0.356785
r_free,refmac,torchref,2PQV,phenix,0.3107,0.317317
r_free,refmac,torchref,2PQV,refmac,0.3019,0.313034
r_free,refmac,torchref,2PQV,torchref,0.3056,0.311752
r_free,refmac,torchref,2PY2,phenix,0.302,0.302161
r_free,refmac,torchref,2PY2,refmac,0.3028,0.307588
r_free,refmac,torchref,2PY2,torchref,0.2965,0.299518
r_free,refmac,torchref,2Q1Z,phenix,0.4812,0.501337
r_free,refmac,torchref,2Q1Z,refmac,0.4276,0.439611
r_free,refmac,torchref,2Q1Z,torchref,0.4595,0.473104
r_free,refmac,torchref,2QCO,phenix,0.3307,0.343809
r_free,refmac,torchref,2QCO,refmac,0.3295,0.340673
r_free,refmac,torchref,2QCO,torchref,0.3256,0.326747
r_free,refmac,torchref,2QE9,phenix,0.3692,0.384011
r_free,refmac,torchref,2QE9,refmac,0.3612,0.372748
r_free,refmac,torchref,2QE9,torchref,0.3737,0.374669
r_free,refmac,torchref,2QH9,phenix,0.3336,0.345485
r_free,refmac,torchref,2QH9,refmac,0.3367,0.345559
r_free,refmac,torchref,2QH9,torchref,0.3312,0.338346
r_free,refmac,torchref,2QHL,phenix,0.2809,0.290986
r_free,refmac,torchref,2QHL,refmac,0.302,0.311092
r_free,refmac,torchref,2QHL,torchref,0.2872,0.292009
r_free,refmac,torchref,2QKL,phenix,0.439,0.42993
r_free,refmac,torchref,2QKL,refmac,0.4358,0.424033
r_free,refmac,torchref,2QKL,torchref,0.4206,0.401325
r_free,refmac,torchref,2QL3,phenix,0.3055,0.317096
r_free,refmac,torchref,2QL3,refmac,0.3037,0.318158
r_free,refmac,torchref,2QL3,torchref,0.3061,0.31721
r_free,refmac,torchref,2QM7,phenix,0.3328,0.346201
r_free,refmac,torchref,2QM7,refmac,0.3267,0.334357
r_free,refmac,torchref,2QM7,torchref,0.3345,0.343423
r_free,refmac,torchref,2QML,phenix,0.3665,0.374146
r_free,refmac,torchref,2QML,refmac,0.358,0.36479
r_free,refmac,torchref,2QML,torchref,0.3687,0.373366
r_free,refmac,torchref,2QOS,phenix,0.3672,0.367271
r_free,refmac,torchref,2QOS,refmac,0.3815,0.385317
r_free,refmac,torchref,2QOS,torchref,0.358,0.362471
r_free,refmac,torchref,2QSV,phenix,0.3459,0.360868
r_free,refmac,torchref,2QSV,refmac,0.3331,0.352043
r_free,refmac,torchref,2QSV,torchref,0.3398,0.354713
r_free,refmac,torchref,2QYA,phenix,0.3734,0.372045
r_free,refmac,torchref,2QYA,refmac,0.3651,0.37134
r_free,refmac,torchref,2QYA,torchref,0.3765,0.381131
r_free,refmac,torchref,2R5F,phenix,0.3051,0.315381
r_free,refmac,torchref,2R5F,refmac,0.3063,0.30796
r_free,refmac,torchref,2R5F,torchref,0.328,0.34341
r_free,refmac,torchref,2R6R,phenix,0.2993,0.312286
r_free,refmac,torchref,2R6R,refmac,0.2946,0.304519
r_free,refmac,torchref,2R6R,torchref,0.3044,0.314402
r_free,refmac,torchref,2RCC,phenix,0.3352,0.342564
r_free,refmac,torchref,2RCC,refmac,0.3327,0.340454
r_free,refmac,torchref,2RCC,torchref,0.3364,0.342855
r_free,refmac,torchref,2RH3,phenix,0.2514,0.279397
r_free,refmac,torchref,2RH3,refmac,0.2612,0.282328
r_free,refmac,torchref,2RH3,torchref,0.249,0.26817
r_free,refmac,torchref,2UZ8,refmac,0.3249,0.326706
r_free,refmac,torchref,2UZ8,torchref,0.3346,0.335879
r_free,refmac,torchref,2V62,phenix,0.285,0.281194
r_free,refmac,torchref,2V62,refmac,0.2812,0.301445
r_free,refmac,torchref,2V62,torchref,0.2803,0.278114
r_free,refmac,torchref,2VEF,phenix,0.3243,0.330004
r_free,refmac,torchref,2VEF,refmac,0.3246,0.329859
r_free,refmac,torchref,2VEF,torchref,0.3244,0.331165
r_free,refmac,torchref,2VUN,phenix,0.257,0.255058
r_free,refmac,torchref,2VUN,refmac,0.2557,0.254336
r_free,refmac,torchref,2VUN,torchref,0.2569,0.255736
r_free,refmac,torchref,2VZB,phenix,0.2828,0.292309
r_free,refmac,torchref,2VZB,refmac,0.2877,0.298523
r_free,refmac,torchref,2VZB,torchref,0.2926,0.30099
r_free,refmac,torchref,2W3X,phenix,0.2849,0.292626
r_free,refmac,torchref,2W3X,refmac,0.2773,0.28561
r_free,refmac,torchref,2W3X,torchref,0.2759,0.284185
r_free,refmac,torchref,2W9Y,phenix,0.3112,0.315532
r_free,refmac,torchref,2W9Y,refmac,0.3004,0.308587
r_free,refmac,torchref,2W9Y,torchref,0.3144,0.312741
r_free,refmac,torchref,2WDZ,phenix,0.297,0.282413
r_free,refmac,torchref,2WDZ,refmac,0.2932,0.279089
r_free,refmac,torchref,2WDZ,torchref,0.2962,0.279875
r_free,refmac,torchref,2WNH,phenix,0.2663,0.269327
r_free,refmac,torchref,2WNH,refmac,0.2655,0.268379
r_free,refmac,torchref,2WNH,torchref,0.2663,0.268048
r_free,refmac,torchref,2WP1,phenix,0.5258,0.556356
r_free,refmac,torchref,2WP1,refmac,0.4616,0.534302
r_free,refmac,torchref,2WP1,torchref,0.4799,0.541957
r_free,refmac,torchref,2X1C,phenix,0.2496,0.266157
r_free,refmac,torchref,2X1C,refmac,0.2459,0.264414
r_free,refmac,torchref,2X1C,torchref,0.2497,0.268007
r_free,refmac,torchref,2X26,phenix,0.4793,0.477186
r_free,refmac,torchref,2X26,refmac,0.4838,0.4747
r_free,refmac,torchref,2X26,torchref,0.4965,0.501699
r_free,refmac,torchref,2XD0,phenix,0.4728,0.463819
r_free,refmac,torchref,2XD0,refmac,0.4568,0.452539
r_free,refmac,torchref,2XD0,torchref,0.4625,0.467074
r_free,refmac,torchref,2XDO,phenix,0.2998,0.312251
r_free,refmac,torchref,2XDO,refmac,0.314,0.318625
r_free,refmac,torchref,2XDO,torchref,0.3047,0.316588
r_free,refmac,torchref,2XN4,phenix,0.333,0.333691
r_free,refmac,torchref,2XN4,refmac,0.3493,0.348278
r_free,refmac,torchref,2XN4,torchref,0.3884,0.400687
r_free,refmac,torchref,2XPI,phenix,0.2974,0.280341
r_free,refmac,torchref,2XPI,refmac,0.3101,0.289439
r_free,refmac,torchref,2XPI,torchref,0.3115,0.298654
r_free,refmac,torchref,2XPL,phenix,0.3255,0.349912
r_free,refmac,torchref,2XPL,refmac,0.322,0.333478
r_free,refmac,torchref,2XPL,torchref,0.3409,0.34542
r_free,refmac,torchref,2XVS,phenix,0.4544,0.455074
r_free,refmac,torchref,2XVS,refmac,0.434,0.440245
r_free,refmac,torchref,2XVS,torchref,0.435,0.435352
r_free,refmac,torchref,2Y9W,phenix,0.3332,0.338411
r_free,refmac,torchref,2Y9W,refmac,0.3337,0.333257
r_free,refmac,torchref,2Y9W,torchref,0.3347,0.337951
r_free,refmac,torchref,2YEU,phenix,0.3915,0.398075
r_free,refmac,torchref,2YEU,refmac,0.3822,0.387711
r_free,refmac,torchref,2YEU,torchref,0.3948,0.402175
r_free,refmac,torchref,2YFA,phenix,0.3744,0.385795
r_free,refmac,torchref,2YFA,refmac,0.3823,0.389795
r_free,refmac,torchref,2YFA,torchref,0.3785,0.391517
r_free,refmac,torchref,2YGB,phenix,0.3284,0.316169
r_free,refmac,torchref,2YGB,refmac,0.3767,0.373792
r_free,refmac,torchref,2YGB,torchref,0.3538,0.338831
r_free,refmac,torchref,2YGK,phenix,0.3966,0.389862
r_free,refmac,torchref,2YGK,refmac,0.3773,0.366501
r_free,refmac,torchref,2YGK,torchref,0.3865,0.368312
r_free,refmac,torchref,2YJT,phenix,0.2712,0.259186
r_free,refmac,torchref,2YJT,refmac,0.2881,0.272172
r_free,refmac,torchref,2YJT,torchref,0.3413,0.356337
r_free,refmac,torchref,2YN0,phenix,0.2879,0.276108
r_free,refmac,torchref,2YN0,refmac,0.285,0.274574
r_free,refmac,torchref,2YN0,torchref,0.2877,0.28018
r_free,refmac,torchref,2Z1D,phenix,0.2859,0.284958
r_free,refmac,torchref,2Z1D,refmac,0.2852,0.285883
r_free,refmac,torchref,2Z1D,torchref,0.2861,0.28794
r_free,refmac,torchref,2Z1Z,phenix,0.2568,0.27084
r_free,refmac,torchref,2Z1Z,refmac,0.2508,0.267072
r_free,refmac,torchref,2Z1Z,torchref,0.2602,0.271974
r_free,refmac,torchref,2Z7E,phenix,0.3894,0.399831
r_free,refmac,torchref,2Z7E,refmac,0.3633,0.36861
r_free,refmac,torchref,2Z7E,torchref,0.3928,0.420266
r_free,refmac,torchref,2ZIU,phenix,0.5165,0.541288
r_free,refmac,torchref,2ZIU,refmac,0.5152,0.527703
r_free,refmac,torchref,2ZIU,torchref,0.5038,0.522529
r_free,refmac,torchref,2ZME,phenix,0.377,0.399329
r_free,refmac,torchref,2ZME,refmac,0.3583,0.37051
r_free,refmac,torchref,2ZME,torchref,0.3519,0.374631
r_free,refmac,torchref,2ZON,phenix,0.2676,0.271767
r_free,refmac,torchref,2ZON,refmac,0.2634,0.269262
r_free,refmac,torchref,2ZON,torchref,0.2696,0.274086
r_free,refmac,torchref,2ZUL,phenix,0.2839,0.290735
r_free,refmac,torchref,2ZUL,refmac,0.2908,0.294041
r_free,refmac,torchref,2ZUL,torchref,0.2839,0.289102
r_free,refmac,torchref,3A58,phenix,0.3647,0.371505
r_free,refmac,torchref,3A58,refmac,0.3536,0.361266
r_free,refmac,torchref,3A58,torchref,0.3601,0.371961
r_free,refmac,torchref,3ADO,phenix,0.2578,0.265982
r_free,refmac,torchref,3ADO,refmac,0.2598,0.268733
r_free,refmac,torchref,3ADO,torchref,0.2621,0.270707
r_free,refmac,torchref,3AJW,refmac,0.4001,0.408447
r_free,refmac,torchref,3AJW,torchref,0.4307,0.452768
r_free,refmac,torchref,3AMH,phenix,0.248,0.246959
r_free,refmac,torchref,3AMH,refmac,0.2531,0.249123
r_free,refmac,torchref,3AMH,torchref,0.2562,0.250735
r_free,refmac,torchref,3AQG,phenix,0.2937,0.301784
r_free,refmac,torchref,3AQG,refmac,0.3041,0.290769
r_free,refmac,torchref,3AQG,torchref,0.3153,0.317615
r_free,refmac,torchref,3ATQ,phenix,0.2918,0.310874
r_free,refmac,torchref,3ATQ,refmac,0.2827,0.301152
r_free,refmac,torchref,3ATQ,torchref,0.2831,0.301607
r_free,refmac,torchref,3AV4,phenix,0.3541,0.374733
r_free,refmac,torchref,3AV4,refmac,0.3404,0.367772
r_free,refmac,torchref,3AV4,torchref,0.37,0.395551
r_free,refmac,torchref,3B23,refmac,0.5001,0.531149
r_free,refmac,torchref,3B23,torchref,0.5226,0.558871
r_free,refmac,torchref,3B2D,phenix,0.3308,0.32451
r_free,refmac,torchref,3B2D,refmac,0.3237,0.323872
r_free,refmac,torchref,3B2D,torchref,0.3598,0.367842
r_free,refmac,torchref,3B8I,phenix,0.3126,0.315341
r_free,refmac,torchref,3B8I,refmac,0.3041,0.307963
r_free,refmac,torchref,3B8I,torchref,0.3091,0.312241
r_free,refmac,torchref,3BCI,phenix,0.2981,0.295043
r_free,refmac,torchref,3BCI,refmac,0.2988,0.291693
r_free,refmac,torchref,3BCI,torchref,0.3105,0.301753
r_free,refmac,torchref,3BGU,phenix,0.3737,0.377916
r_free,refmac,torchref,3BGU,refmac,0.3679,0.373281
r_free,refmac,torchref,3BGU,torchref,0.3665,0.37345
r_free,refmac,torchref,3BJ6,phenix,0.3671,0.365107
r_free,refmac,torchref,3BJ6,refmac,0.3652,0.362888
r_free,refmac,torchref,3BJ6,torchref,0.3705,0.37044
r_free,refmac,torchref,3BNK,phenix,0.2896,0.29854
r_free,refmac,torchref,3BNK,refmac,0.2855,0.292241
r_free,refmac,torchref,3BNK,torchref,0.2932,0.294397
r_free,refmac,torchref,3BSD,phenix,0.3984,0.411441
r_free,refmac,torchref,3BSD,refmac,0.4061,0.401927
r_free,refmac,torchref,3BVQ,phenix,0.3699,0.377505
r_free,refmac,torchref,3BVQ,refmac,0.3463,0.366082
r_free,refmac,torchref,3BVQ,torchref,0.3752,0.398132
r_free,refmac,torchref,3C7J,phenix,0.5739,0.592133
r_free,refmac,torchref,3C7J,refmac,0.5872,0.601807
r_free,refmac,torchref,3C7J,torchref,0.5521,0.57097
r_free,refmac,torchref,3CAX,phenix,0.2433,0.248251
r_free,refmac,torchref,3CAX,refmac,0.2466,0.249294
r_free,refmac,torchref,3CAX,torchref,0.2389,0.24014
r_free,refmac,torchref,3CB0,phenix,0.2925,0.28985
r_free,refmac,torchref,3CB0,refmac,0.2936,0.29261
r_free,refmac,torchref,3CB0,torchref,0.2877,0.286133
r_free,refmac,torchref,3CB5,phenix,0.3176,0.30532
r_free,refmac,torchref,3CB5,refmac,0.324,0.310804
r_free,refmac,torchref,3CB5,torchref,0.3153,0.306705
r_free,refmac,torchref,3CBM,phenix,0.3146,0.320241
r_free,refmac,torchref,3CBM,refmac,0.3028,0.309223
r_free,refmac,torchref,3CBM,torchref,0.2945,0.305826
r_free,refmac,torchref,3CGG,phenix,0.3364,0.332048
r_free,refmac,torchref,3CGG,refmac,0.335,0.336243
r_free,refmac,torchref,3CGG,torchref,0.3433,0.344592
r_free,refmac,torchref,3CMQ,phenix,0.2561,0.276138
r_free,refmac,torchref,3CMQ,refmac,0.2501,0.270407
r_free,refmac,torchref,3CMQ,torchref,0.2619,0.275543
r_free,refmac,torchref,3CQO,phenix,0.2857,0.280874
r_free,refmac,torchref,3CQO,refmac,0.2832,0.279659
r_free,refmac,torchref,3CQO,torchref,0.2879,0.283065
r_free,refmac,torchref,3CU3,phenix,0.4025,0.409363
r_free,refmac,torchref,3CU3,refmac,0.394,0.409333
r_free,refmac,torchref,3CU3,torchref,0.4369,0.489247
r_free,refmac,torchref,3CXM,phenix,0.2705,0.279786
r_free,refmac,torchref,3CXM,refmac,0.2713,0.277098
r_free,refmac,torchref,3CXM,torchref,0.2746,0.279951
r_free,refmac,torchref,3D1M,phenix,0.311,0.308334
r_free,refmac,torchref,3D1M,refmac,0.3085,0.306423
r_free,refmac,torchref,3D1M,torchref,0.2968,0.295801
r_free,refmac,torchref,3D49,phenix,0.4,0.420931
r_free,refmac,torchref,3D49,refmac,0.3832,0.407279
r_free,refmac,torchref,3D49,torchref,0.3673,0.391397
r_free,refmac,torchref,3DEE,phenix,0.4431,0.454082
r_free,refmac,torchref,3DEE,refmac,0.435,0.440685
r_free,refmac,torchref,3DEE,torchref,0.4399,0.451575
r_free,refmac,torchref,3DIW,phenix,0.4995,0.50767
r_free,refmac,torchref,3DIW,refmac,0.3834,0.378765
r_free,refmac,torchref,3DIW,torchref,0.4565,0.44502
r_free,refmac,torchref,3DJD,phenix,0.298,0.302878
r_free,refmac,torchref,3DJD,refmac,0.2994,0.304143
r_free,refmac,torchref,3DJD,torchref,0.3006,0.303988
r_free,refmac,torchref,3DJN,phenix,0.2369,0.270258
r_free,refmac,torchref,3DJN,refmac,0.2451,0.249425
r_free,refmac,torchref,3DJN,torchref,0.2182,0.244568
r_free,refmac,torchref,3DLA,phenix,0.2681,0.296103
r_free,refmac,torchref,3DLA,refmac,0.2641,0.29168
r_free,refmac,torchref,3DLA,torchref,0.275,0.30269
r_free,refmac,torchref,3DOH,refmac,0.2736,0.278431
r_free,refmac,torchref,3DOH,torchref,0.2829,0.291087
r_free,refmac,torchref,3DXI,phenix,0.3444,0.347799
r_free,refmac,torchref,3DXI,refmac,0.3359,0.341649
r_free,refmac,torchref,3DXI,torchref,0.348,0.354552
r_free,refmac,torchref,3E7P,phenix,0.2975,0.305438
r_free,refmac,torchref,3E7P,refmac,0.2913,0.295256
r_free,refmac,torchref,3E7P,torchref,0.2846,0.296162
r_free,refmac,torchref,3E8S,phenix,0.2976,0.319833
r_free,refmac,torchref,3E8S,refmac,0.2945,0.31268
r_free,refmac,torchref,3E8S,torchref,0.2994,0.318507
r_free,refmac,torchref,3E8V,phenix,0.2503,0.282113
r_free,refmac,torchref,3E8V,refmac,0.3512,0.385607
r_free,refmac,torchref,3E8V,torchref,0.2796,0.300745
r_free,refmac,torchref,3E98,phenix,0.4012,0.404202
r_free,refmac,torchref,3E98,refmac,0.3892,0.398503
r_free,refmac,torchref,3E98,torchref,0.4151,0.426091
r_free,refmac,torchref,3E99,phenix,0.3356,0.359522
r_free,refmac,torchref,3E99,refmac,0.3231,0.330742
r_free,refmac,torchref,3E99,torchref,0.3225,0.342742
r_free,refmac,torchref,3EC1,phenix,0.3829,0.421639
r_free,refmac,torchref,3EC1,refmac,0.3778,0.419149
r_free,refmac,torchref,3EC1,torchref,0.3914,0.435629
r_free,refmac,torchref,3ED4,phenix,0.3363,0.339488
r_free,refmac,torchref,3ED4,refmac,0.3331,0.348159
r_free,refmac,torchref,3ED4,torchref,0.3344,0.338484
r_free,refmac,torchref,3EFY,phenix,0.3165,0.333308
r_free,refmac,torchref,3EFY,refmac,0.3117,0.327542
r_free,refmac,torchref,3EFY,torchref,0.3079,0.320161
r_free,refmac,torchref,3ER7,refmac,0.3302,0.337026
r_free,refmac,torchref,3ER7,torchref,0.33,0.340797
r_free,refmac,torchref,3EUS,phenix,0.3228,0.324111
r_free,refmac,torchref,3EUS,refmac,0.3073,0.30967
r_free,refmac,torchref,3EUS,torchref,0.3075,0.310643
r_free,refmac,torchref,3FBI,phenix,0.3632,0.381853
r_free,refmac,torchref,3FBI,refmac,0.3361,0.349703
r_free,refmac,torchref,3FBI,torchref,0.3442,0.345569
r_free,refmac,torchref,3FJU,phenix,0.3122,0.312173
r_free,refmac,torchref,3FJU,refmac,0.3218,0.319674
r_free,refmac,torchref,3FJU,torchref,0.316,0.319527
r_free,refmac,torchref,3FKK,phenix,0.2564,0.260447
r_free,refmac,torchref,3FKK,refmac,0.2582,0.263656
r_free,refmac,torchref,3FKK,torchref,0.2616,0.265961
r_free,refmac,torchref,3FPR,phenix,0.3212,0.342553
r_free,refmac,torchref,3FPR,refmac,0.3002,0.31915
r_free,refmac,torchref,3FPR,torchref,0.2977,0.322821
r_free,refmac,torchref,3FVE,phenix,0.3039,0.284966
r_free,refmac,torchref,3FVE,refmac,0.3004,0.283519
r_free,refmac,torchref,3FVE,torchref,0.2918,0.282615
r_free,refmac,torchref,3FVV,refmac,0.2882,0.305449
r_free,refmac,torchref,3FVV,torchref,0.3078,0.319395
r_free,refmac,torchref,3G39,phenix,0.2545,0.270285
r_free,refmac,torchref,3G39,refmac,0.2587,0.26915
r_free,refmac,torchref,3G39,torchref,0.2546,0.266185
r_free,refmac,torchref,3G3O,phenix,0.2976,0.29959
r_free,refmac,torchref,3G3O,refmac,0.2845,0.284487
r_free,refmac,torchref,3G3O,torchref,0.2968,0.298951
r_free,refmac,torchref,3G6L,phenix,0.3119,0.302324
r_free,refmac,torchref,3G6L,refmac,0.3163,0.314335
r_free,refmac,torchref,3G6L,torchref,0.3213,0.313284
r_free,refmac,torchref,3G85,phenix,0.3471,0.363996
r_free,refmac,torchref,3G85,refmac,0.3522,0.366132
r_free,refmac,torchref,3G85,torchref,0.3419,0.357343
r_free,refmac,torchref,3GEB,refmac,0.3104,0.31527
r_free,refmac,torchref,3GEB,torchref,0.3089,0.316527
r_free,refmac,torchref,3GF6,phenix,0.3384,0.350205
r_free,refmac,torchref,3GF6,refmac,0.3405,0.352461
r_free,refmac,torchref,3GF6,torchref,0.3434,0.355805
r_free,refmac,torchref,3GLR,phenix,0.3444,0.388986
r_free,refmac,torchref,3GLR,refmac,0.3203,0.366897
r_free,refmac,torchref,3GLR,torchref,0.3274,0.380255
r_free,refmac,torchref,3GM5,phenix,0.3653,0.389067
r_free,refmac,torchref,3GM5,refmac,0.3828,0.406919
r_free,refmac,torchref,3GM5,torchref,0.3916,0.419006
r_free,refmac,torchref,3GMV,phenix,0.3172,0.403859
r_free,refmac,torchref,3GMV,refmac,0.3499,0.462949
r_free,refmac,torchref,3GMV,torchref,0.4017,0.433551
r_free,refmac,torchref,3GQU,phenix,0.3579,0.343637
r_free,refmac,torchref,3GQU,refmac,0.3756,0.365356
r_free,refmac,torchref,3GQU,torchref,0.3789,0.355855
r_free,refmac,torchref,3GR5,phenix,0.3318,0.338209
r_free,refmac,torchref,3GR5,refmac,0.3303,0.331905
r_free,refmac,torchref,3GR5,torchref,0.3311,0.336232
r_free,refmac,torchref,3GXQ,phenix,0.3966,0.41941
r_free,refmac,torchref,3GXQ,refmac,0.402,0.413749
r_free,refmac,torchref,3GXQ,torchref,0.4295,0.434899
r_free,refmac,torchref,3H1T,phenix,0.3197,0.325296
r_free,refmac,torchref,3H1T,refmac,0.3117,0.313987
r_free,refmac,torchref,3H1T,torchref,0.3193,0.325131
r_free,refmac,torchref,3H6E,phenix,0.31,0.323616
r_free,refmac,torchref,3H6E,refmac,0.3081,0.318177
r_free,refmac,torchref,3H6E,torchref,0.3223,0.33348
r_free,refmac,torchref,3H6R,phenix,0.2904,0.295625
r_free,refmac,torchref,3H6R,refmac,0.2772,0.280554
r_free,refmac,torchref,3H6R,torchref,0.2923,0.291728
r_free,refmac,torchref,3H7O,phenix,0.2732,0.271475
r_free,refmac,torchref,3H7O,refmac,0.273,0.273838
r_free,refmac,torchref,3H7O,torchref,0.2694,0.267813
r_free,refmac,torchref,3HBC,phenix,0.3477,0.364021
r_free,refmac,torchref,3HBC,refmac,0.3193,0.329901
r_free,refmac,torchref,3HBC,torchref,0.3358,0.348997
r_free,refmac,torchref,3HHC,phenix,0.4509,0.45423
r_free,refmac,torchref,3HHC,refmac,0.4302,0.457614
r_free,refmac,torchref,3HHC,torchref,0.4358,0.450526
r_free,refmac,torchref,3HL0,phenix,0.3658,0.378107
r_free,refmac,torchref,3HL0,refmac,0.3458,0.35685
r_free,refmac,torchref,3HL0,torchref,0.3616,0.372117
r_free,refmac,torchref,3HST,phenix,0.3018,0.297031
r_free,refmac,torchref,3HST,refmac,0.3117,0.30544
r_free,refmac,torchref,3HST,torchref,0.3087,0.304635
r_free,refmac,torchref,3HTK,phenix,0.4434,0.461346
r_free,refmac,torchref,3HTK,refmac,0.4574,0.459413
r_free,refmac,torchref,3HTK,torchref,0.4106,0.433541
r_free,refmac,torchref,3HTV,phenix,0.3538,0.367761
r_free,refmac,torchref,3HTV,refmac,0.335,0.34186
r_free,refmac,torchref,3HTV,torchref,0.3561,0.365535
r_free,refmac,torchref,3I38,phenix,0.378,0.387846
r_free,refmac,torchref,3I38,refmac,0.3572,0.361674
r_free,refmac,torchref,3I38,torchref,0.3725,0.378886
r_free,refmac,torchref,3IC8,phenix,0.3427,0.350076
r_free,refmac,torchref,3IC8,refmac,0.3299,0.338468
r_free,refmac,torchref,3IC8,torchref,0.3544,0.360145
r_free,refmac,torchref,3IHU,phenix,0.4017,0.413947
r_free,refmac,torchref,3IHU,refmac,0.4084,0.416116
r_free,refmac,torchref,3IHU,torchref,0.4188,0.431762
r_free,refmac,torchref,3IUG,phenix,0.3197,0.308403
r_free,refmac,torchref,3IUG,refmac,0.3164,0.310728
r_free,refmac,torchref,3IUG,torchref,0.312,0.304231
r_free,refmac,torchref,3IVB,phenix,0.5145,0.513788
r_free,refmac,torchref,3IVB,refmac,0.4612,0.469094
r_free,refmac,torchref,3IVB,torchref,0.4902,0.486979
r_free,refmac,torchref,3JST,phenix,0.2975,0.2886
r_free,refmac,torchref,3JST,refmac,0.2907,0.284883
r_free,refmac,torchref,3JST,torchref,0.2925,0.286716
r_free,refmac,torchref,3JWH,phenix,0.3524,0.347387
r_free,refmac,torchref,3JWH,refmac,0.3293,0.331706
r_free,refmac,torchref,3JWH,torchref,0.3494,0.346112
r_free,refmac,torchref,3K7M,phenix,0.3222,0.333805
r_free,refmac,torchref,3K7M,refmac,0.3141,0.323212
r_free,refmac,torchref,3KFW,phenix,0.4069,0.413885
r_free,refmac,torchref,3KFW,refmac,0.376,0.400194
r_free,refmac,torchref,3KFW,torchref,0.3905,0.414778
r_free,refmac,torchref,3KGR,phenix,0.31,0.300192
r_free,refmac,torchref,3KGR,refmac,0.3229,0.311642
r_free,refmac,torchref,3KGR,torchref,0.3183,0.303045
r_free,refmac,torchref,3KKD,phenix,0.4141,0.410329
r_free,refmac,torchref,3KKD,refmac,0.3869,0.393339
r_free,refmac,torchref,3KKD,torchref,0.4113,0.413342
r_free,refmac,torchref,3KKE,phenix,0.3001,0.306713
r_free,refmac,torchref,3KKE,refmac,0.2967,0.294868
r_free,refmac,torchref,3KKE,torchref,0.2986,0.300889
r_free,refmac,torchref,3KOL,phenix,0.3593,0.38673
r_free,refmac,torchref,3KOL,refmac,0.3269,0.350047
r_free,refmac,torchref,3KOL,torchref,0.3676,0.38203
r_free,refmac,torchref,3KXR,phenix,0.4824,0.47065
r_free,refmac,torchref,3KXR,refmac,0.4655,0.462617
r_free,refmac,torchref,3KXR,torchref,0.4333,0.463902
r_free,refmac,torchref,3KZP,phenix,0.4079,0.402619
r_free,refmac,torchref,3KZP,refmac,0.4158,0.411394
r_free,refmac,torchref,3KZP,torchref,0.3913,0.388104
r_free,refmac,torchref,3L1W,phenix,0.2795,0.287144
r_free,refmac,torchref,3L1W,refmac,0.279,0.2872
r_free,refmac,torchref,3L1W,torchref,0.2813,0.288277
r_free,refmac,torchref,3L2H,phenix,0.3305,0.331014
r_free,refmac,torchref,3L2H,refmac,0.3244,0.329525
r_free,refmac,torchref,3L2H,torchref,0.3278,0.333603
r_free,refmac,torchref,3L6F,phenix,0.3402,0.353129
r_free,refmac,torchref,3L6F,refmac,0.3213,0.331696
r_free,refmac,torchref,3L6F,torchref,0.3376,0.350338
r_free,refmac,torchref,3LLI,phenix,0.3298,0.346316
r_free,refmac,torchref,3LLI,refmac,0.3227,0.332781
r_free,refmac,torchref,3LLI,torchref,0.309,0.321279
r_free,refmac,torchref,3LOC,phenix,0.3446,0.353095
r_free,refmac,torchref,3LOC,refmac,0.3216,0.331539
r_free,refmac,torchref,3LOC,torchref,0.3442,0.355963
r_free,refmac,torchref,3LS0,phenix,0.2337,0.252036
r_free,refmac,torchref,3LS0,refmac,0.2421,0.256211
r_free,refmac,torchref,3LS0,torchref,0.2369,0.254392
r_free,refmac,torchref,3LW3,phenix,0.2706,0.278322
r_free,refmac,torchref,3LW3,refmac,0.2746,0.282104
r_free,refmac,torchref,3LW3,torchref,0.2689,0.276184
r_free,refmac,torchref,3M1G,phenix,0.289,0.294268
r_free,refmac,torchref,3M1G,refmac,0.2884,0.293845
r_free,refmac,torchref,3M1T,phenix,0.3773,0.401822
r_free,refmac,torchref,3M1T,refmac,0.3722,0.396399
r_free,refmac,torchref,3M1T,torchref,0.3723,0.39638
r_free,refmac,torchref,3M91,phenix,0.5545,0.578954
r_free,refmac,torchref,3M91,refmac,0.5169,0.538356
r_free,refmac,torchref,3M91,torchref,0.5178,0.534836
r_free,refmac,torchref,3MB2,phenix,0.4527,0.495747
r_free,refmac,torchref,3MB2,refmac,0.4165,0.472294
r_free,refmac,torchref,3MB2,torchref,0.4369,0.491663
r_free,refmac,torchref,3MKR,phenix,0.2765,0.282215
r_free,refmac,torchref,3MKR,refmac,0.2672,0.270537
r_free,refmac,torchref,3MKR,torchref,0.2722,0.278566
r_free,refmac,torchref,3ML3,phenix,0.3199,0.331532
r_free,refmac,torchref,3ML3,refmac,0.3143,0.325228
r_free,refmac,torchref,3ML3,torchref,0.3077,0.320509
r_free,refmac,torchref,3MML,phenix,0.3159,0.326042
r_free,refmac,torchref,3MML,refmac,0.3057,0.311122
r_free,refmac,torchref,3MML,torchref,0.3271,0.336851
r_free,refmac,torchref,3MQ2,phenix,0.3349,0.348849
r_free,refmac,torchref,3MQ2,refmac,0.3281,0.344394
r_free,refmac,torchref,3MQ2,torchref,0.3406,0.353766
r_free,refmac,torchref,3MV2,phenix,0.3437,0.32067
r_free,refmac,torchref,3MV2,refmac,0.3717,0.348205
r_free,refmac,torchref,3MV2,torchref,0.3452,0.324669
r_free,refmac,torchref,3MYU,phenix,0.3046,0.308209
r_free,refmac,torchref,3MYU,refmac,0.3001,0.301363
r_free,refmac,torchref,3MYU,torchref,0.3049,0.305703
r_free,refmac,torchref,3N39,phenix,0.297,0.302865
r_free,refmac,torchref,3N39,refmac,0.2894,0.295476
r_free,refmac,torchref,3N39,torchref,0.2913,0.301956
r_free,refmac,torchref,3N55,phenix,0.3087,0.343368
r_free,refmac,torchref,3N55,refmac,0.3087,0.332955
r_free,refmac,torchref,3N55,torchref,0.3113,0.339282
r_free,refmac,torchref,3N5L,phenix,0.3116,0.322394
r_free,refmac,torchref,3N5L,refmac,0.301,0.311799
r_free,refmac,torchref,3N5L,torchref,0.3156,0.32579
r_free,refmac,torchref,3N74,phenix,0.2776,0.284545
r_free,refmac,torchref,3N74,refmac,0.2728,0.280242
r_free,refmac,torchref,3N74,torchref,0.2786,0.282573
r_free,refmac,torchref,3N9U,phenix,0.3083,0.294136
r_free,refmac,torchref,3N9U,refmac,0.3202,0.299784
r_free,refmac,torchref,3N9U,torchref,0.3095,0.291622
r_free,refmac,torchref,3NJB,phenix,0.3074,0.311323
r_free,refmac,torchref,3NJB,refmac,0.3023,0.307267
r_free,refmac,torchref,3NJE,phenix,0.327,0.339741
r_free,refmac,torchref,3NJE,refmac,0.3072,0.313317
r_free,refmac,torchref,3NJE,torchref,0.3149,0.321706
r_free,refmac,torchref,3NO8,phenix,0.3226,0.317994
r_free,refmac,torchref,3NO8,refmac,0.3207,0.325692
r_free,refmac,torchref,3NO8,torchref,0.3288,0.328006
r_free,refmac,torchref,3NYY,refmac,0.3213,0.329134
r_free,refmac,torchref,3NYY,torchref,0.332,0.337031
r_free,refmac,torchref,3OAP,phenix,0.265,0.277962
r_free,refmac,torchref,3OAP,refmac,0.264,0.270836
r_free,refmac,torchref,3OAP,torchref,0.2715,0.27346
r_free,refmac,torchref,3OC7,phenix,0.2591,0.262872
r_free,refmac,torchref,3OC7,refmac,0.2563,0.25954
r_free,refmac,torchref,3OC7,torchref,0.2552,0.258439
r_free,refmac,torchref,3OEC,phenix,0.2938,0.298081
r_free,refmac,torchref,3OEC,refmac,0.2949,0.29857
r_free,refmac,torchref,3OEC,torchref,0.2953,0.29914
r_free,refmac,torchref,3OFJ,phenix,0.3301,0.327944
r_free,refmac,torchref,3OFJ,refmac,0.3656,0.364534
r_free,refmac,torchref,3OFJ,torchref,0.3422,0.340975
r_free,refmac,torchref,3OOQ,phenix,0.3016,0.308029
r_free,refmac,torchref,3OOQ,refmac,0.301,0.307713
r_free,refmac,torchref,3OOQ,torchref,0.3036,0.310833
r_free,refmac,torchref,3P86,phenix,0.2921,0.296364
r_free,refmac,torchref,3P86,refmac,0.2892,0.286719
r_free,refmac,torchref,3P86,torchref,0.3071,0.307008
r_free,refmac,torchref,3PFY,phenix,0.3969,0.412114
r_free,refmac,torchref,3PFY,refmac,0.378,0.392988
r_free,refmac,torchref,3PFY,torchref,0.3818,0.395675
r_free,refmac,torchref,3PPU,phenix,0.2708,0.269827
r_free,refmac,torchref,3PPU,refmac,0.2675,0.270111
r_free,refmac,torchref,3PPU,torchref,0.2739,0.275084
r_free,refmac,torchref,3PZ8,phenix,0.3255,0.343108
r_free,refmac,torchref,3PZ8,refmac,0.3033,0.319457
r_free,refmac,torchref,3PZ8,torchref,0.3253,0.345109
r_free,refmac,torchref,3QC1,phenix,0.3957,0.417095
r_free,refmac,torchref,3QC1,refmac,0.3747,0.352184
r_free,refmac,torchref,3QC1,torchref,0.4013,0.407371
r_free,refmac,torchref,3QDO,refmac,0.368,0.372967
r_free,refmac,torchref,3QDO,torchref,0.3879,0.401919
r_free,refmac,torchref,3QKL,phenix,0.3176,0.317242
r_free,refmac,torchref,3QKL,refmac,0.3124,0.317259
r_free,refmac,torchref,3QKL,torchref,0.3127,0.313893
r_free,refmac,torchref,3QLA,phenix,0.3923,0.402321
r_free,refmac,torchref,3QLA,refmac,0.3958,0.406382
r_free,refmac,torchref,3QLA,torchref,0.3902,0.398342
r_free,refmac,torchref,3QNM,phenix,0.3142,0.308895
r_free,refmac,torchref,3QNM,refmac,0.3221,0.316605
r_free,refmac,torchref,3QNM,torchref,0.3181,0.3133
r_free,refmac,torchref,3QTA,phenix,0.3654,0.366931
r_free,refmac,torchref,3QTA,refmac,0.3625,0.361056
r_free,refmac,torchref,3QTA,torchref,0.3667,0.370754
r_free,refmac,torchref,3QVJ,phenix,0.3088,0.325489
r_free,refmac,torchref,3QVJ,refmac,0.3151,0.330913
r_free,refmac,torchref,3QVJ,torchref,0.3232,0.335107
r_free,refmac,torchref,3R0Q,phenix,0.3288,0.320773
r_free,refmac,torchref,3R0Q,refmac,0.3438,0.344201
r_free,refmac,torchref,3R0Q,torchref,0.3417,0.340209
r_free,refmac,torchref,3R6B,phenix,0.5161,0.507475
r_free,refmac,torchref,3R6B,refmac,0.5587,0.589235
r_free,refmac,torchref,3R6B,torchref,0.5213,0.523933
r_free,refmac,torchref,3RAZ,phenix,0.34,0.352975
r_free,refmac,torchref,3RAZ,refmac,0.3491,0.358136
r_free,refmac,torchref,3RAZ,torchref,0.3387,0.346499
r_free,refmac,torchref,3RLE,phenix,0.4961,0.519894
r_free,refmac,torchref,3RLE,refmac,0.4882,0.514227
r_free,refmac,torchref,3RLE,torchref,0.4991,0.525955
r_free,refmac,torchref,3RQ4,phenix,0.3388,0.337598
r_free,refmac,torchref,3RQ4,refmac,0.337,0.336903
r_free,refmac,torchref,3RQ4,torchref,0.3363,0.334685
r_free,refmac,torchref,3RST,phenix,0.2549,0.256462
r_free,refmac,torchref,3RST,refmac,0.2537,0.255137
r_free,refmac,torchref,3RST,torchref,0.2541,0.25791
r_free,refmac,torchref,3SF5,phenix,0.2859,0.28617
r_free,refmac,torchref,3SF5,refmac,0.2819,0.289722
r_free,refmac,torchref,3SF5,torchref,0.296,0.297963
r_free,refmac,torchref,3SHW,phenix,0.3088,0.337182
r_free,refmac,torchref,3SHW,refmac,0.2995,0.322839
r_free,refmac,torchref,3SHW,torchref,0.2943,0.327931
r_free,refmac,torchref,3SOL,phenix,0.3563,0.358909
r_free,refmac,torchref,3SOL,refmac,0.3256,0.317247
r_free,refmac,torchref,3SOL,torchref,0.3506,0.350999
r_free,refmac,torchref,3SUZ,phenix,0.4697,0.465541
r_free,refmac,torchref,3SUZ,refmac,0.4623,0.464278
r_free,refmac,torchref,3SUZ,torchref,0.4816,0.472422
r_free,refmac,torchref,3T0Q,phenix,0.3685,0.368102
r_free,refmac,torchref,3T0Q,refmac,0.3677,0.375828
r_free,refmac,torchref,3T0Q,torchref,0.373,0.378531
r_free,refmac,torchref,3T9O,phenix,0.2965,0.317882
r_free,refmac,torchref,3T9O,refmac,0.2744,0.279397
r_free,refmac,torchref,3T9O,torchref,0.2897,0.3147
r_free,refmac,torchref,3TCO,phenix,0.2737,0.292766
r_free,refmac,torchref,3TCO,refmac,0.2862,0.303692
r_free,refmac,torchref,3TCO,torchref,0.2852,0.301378
r_free,refmac,torchref,3THF,phenix,0.3126,0.320181
r_free,refmac,torchref,3THF,refmac,0.2775,0.283728
r_free,refmac,torchref,3THF,torchref,0.3229,0.315728
r_free,refmac,torchref,3TIX,phenix,0.384,0.390739
r_free,refmac,torchref,3TIX,refmac,0.3852,0.400021
r_free,refmac,torchref,3TIX,torchref,0.3769,0.389785
r_free,refmac,torchref,3TSZ,phenix,0.3471,0.329087
r_free,refmac,torchref,3TSZ,refmac,0.3123,0.294457
r_free,refmac,torchref,3TSZ,torchref,0.3353,0.327577
r_free,refmac,torchref,3TU7,phenix,0.4393,0.453603
r_free,refmac,torchref,3TU7,refmac,0.4532,0.482713
r_free,refmac,torchref,3TU7,torchref,0.5248,0.536441
r_free,refmac,torchref,3TVA,phenix,0.2875,0.290656
r_free,refmac,torchref,3TVA,refmac,0.2801,0.289043
r_free,refmac,torchref,3TVA,torchref,0.2867,0.286789
r_free,refmac,torchref,3U1D,phenix,0.3624,0.360472
r_free,refmac,torchref,3U1D,refmac,0.3682,0.369321
r_free,refmac,torchref,3U1D,torchref,0.3642,0.361234
r_free,refmac,torchref,3U2A,phenix,0.3514,0.363761
r_free,refmac,torchref,3U2A,refmac,0.3544,0.363768
r_free,refmac,torchref,3U2A,torchref,0.355,0.363994
r_free,refmac,torchref,3U66,phenix,0.4131,0.398605
r_free,refmac,torchref,3U66,refmac,0.4534,0.424595
r_free,refmac,torchref,3U66,torchref,0.4489,0.426535
r_free,refmac,torchref,3U9L,phenix,0.3126,0.311353
r_free,refmac,torchref,3U9L,refmac,0.3002,0.300031
r_free,refmac,torchref,3U9L,torchref,0.3219,0.316193
r_free,refmac,torchref,3UJ6,refmac,0.3065,0.31682
r_free,refmac,torchref,3UJ6,torchref,0.3118,0.321376
r_free,refmac,torchref,3UN9,phenix,0.4095,0.410688
r_free,refmac,torchref,3UN9,refmac,0.3995,0.393849
r_free,refmac,torchref,3UN9,torchref,0.3931,0.384508
r_free,refmac,torchref,3UNG,phenix,0.3496,0.352736
r_free,refmac,torchref,3UNG,refmac,0.3167,0.323137
r_free,refmac,torchref,3UNG,torchref,0.3539,0.358471
r_free,refmac,torchref,3UTN,phenix,0.2775,0.271612
r_free,refmac,torchref,3UTN,refmac,0.2835,0.27918
r_free,refmac,torchref,3UTN,torchref,0.2814,0.275238
r_free,refmac,torchref,3UVO,phenix,0.3278,0.324987
r_free,refmac,torchref,3UVO,refmac,0.3107,0.316167
r_free,refmac,torchref,3UVO,torchref,0.3474,0.347379
r_free,refmac,torchref,3V70,phenix,0.321,0.332381
r_free,refmac,torchref,3V70,refmac,0.3097,0.307121
r_free,refmac,torchref,3V70,torchref,0.3133,0.321707
r_free,refmac,torchref,3VD8,phenix,0.6188,0.606896
r_free,refmac,torchref,3VD8,refmac,0.5743,0.578256
r_free,refmac,torchref,3VD8,torchref,0.6184,0.603578
r_free,refmac,torchref,3VEP,phenix,0.5495,0.57897
r_free,refmac,torchref,3VEP,refmac,0.5371,0.562331
r_free,refmac,torchref,3VEP,torchref,0.5159,0.55001
r_free,refmac,torchref,3VFO,phenix,0.4535,0.358055
r_free,refmac,torchref,3VFO,refmac,0.5112,0.441625
r_free,refmac,torchref,3VFO,torchref,0.4674,0.381128
r_free,refmac,torchref,3VFP,phenix,0.5587,0.352007
r_free,refmac,torchref,3VFP,refmac,0.6172,0.474696
r_free,refmac,torchref,3VFP,torchref,0.5952,0.433487
r_free,refmac,torchref,3VHL,phenix,0.3894,0.39369
r_free,refmac,torchref,3VHL,refmac,0.3683,0.371117
r_free,refmac,torchref,3VHL,torchref,0.3864,0.395663
r_free,refmac,torchref,3VPB,phenix,0.3049,0.304697
r_free,refmac,torchref,3VPB,refmac,0.3038,0.300471
r_free,refmac,torchref,3VPB,torchref,0.3033,0.300376
r_free,refmac,torchref,3VRJ,phenix,0.4088,0.414643
r_free,refmac,torchref,3VRJ,refmac,0.4046,0.410688
r_free,refmac,torchref,3VRJ,torchref,0.4097,0.414374
r_free,refmac,torchref,3VSM,phenix,0.289,0.295527
r_free,refmac,torchref,3VSM,refmac,0.2864,0.292055
r_free,refmac,torchref,3VSM,torchref,0.2855,0.288969
r_free,refmac,torchref,3VST,phenix,0.2581,0.259805
r_free,refmac,torchref,3VST,refmac,0.2571,0.258083
r_free,refmac,torchref,3VST,torchref,0.2571,0.257859
r_free,refmac,torchref,3VUQ,phenix,0.3296,0.333026
r_free,refmac,torchref,3VUQ,refmac,0.3298,0.335818
r_free,refmac,torchref,3VUQ,torchref,0.3326,0.339103
r_free,refmac,torchref,3VYN,phenix,0.2483,0.260346
r_free,refmac,torchref,3VYN,refmac,0.2509,0.259904
r_free,refmac,torchref,3VYN,torchref,0.2689,0.290367
r_free,refmac,torchref,3W0L,phenix,0.3667,0.375661
r_free,refmac,torchref,3W0L,refmac,0.3723,0.385126
r_free,refmac,torchref,3W0L,torchref,0.3889,0.413449
r_free,refmac,torchref,3W3T,phenix,0.344,0.330938
r_free,refmac,torchref,3W3T,refmac,0.3175,0.311084
r_free,refmac,torchref,3W3T,torchref,0.3665,0.351704
r_free,refmac,torchref,3W3W,phenix,0.3108,0.28093
r_free,refmac,torchref,3W3W,refmac,0.3271,0.302856
r_free,refmac,torchref,3W3W,torchref,0.325,0.2939
r_free,refmac,torchref,3W56,phenix,0.3388,0.319211
r_free,refmac,torchref,3W56,refmac,0.356,0.337166
r_free,refmac,torchref,3W56,torchref,0.3313,0.313057
r_free,refmac,torchref,3W8W,phenix,0.326,0.33179
r_free,refmac,torchref,3W8W,refmac,0.316,0.321322
r_free,refmac,torchref,3W8W,torchref,0.3295,0.333008
r_free,refmac,torchref,3WNV,phenix,0.3111,0.308957
r_free,refmac,torchref,3WNV,refmac,0.3167,0.314391
r_free,refmac,torchref,3WNV,torchref,0.3097,0.307427
r_free,refmac,torchref,3WTQ,phenix,0.3178,0.339473
r_free,refmac,torchref,3WTQ,refmac,0.3074,0.339391
r_free,refmac,torchref,3WTQ,torchref,0.304,0.335776
r_free,refmac,torchref,3WW1,phenix,0.2713,0.266706
r_free,refmac,torchref,3WW1,refmac,0.2672,0.261129
r_free,refmac,torchref,3WW1,torchref,0.276,0.27218
r_free,refmac,torchref,3X0X,phenix,0.2769,0.278651
r_free,refmac,torchref,3X0X,refmac,0.2708,0.271447
r_free,refmac,torchref,3X0X,torchref,0.2788,0.280176
r_free,refmac,torchref,3ZH9,phenix,0.2999,0.290251
r_free,refmac,torchref,3ZH9,refmac,0.2959,0.269229
r_free,refmac,torchref,3ZH9,torchref,0.3015,0.290299
r_free,refmac,torchref,3ZIE,phenix,0.3018,0.313838
r_free,refmac,torchref,3ZIE,refmac,0.3128,0.323362
r_free,refmac,torchref,3ZIE,torchref,0.3107,0.322358
r_free,refmac,torchref,4AK1,phenix,0.4623,0.452509
r_free,refmac,torchref,4AK1,refmac,0.4896,0.488487
r_free,refmac,torchref,4AK1,torchref,0.4648,0.456613
r_free,refmac,torchref,4ALY,phenix,0.265,0.273715
r_free,refmac,torchref,4ALY,refmac,0.2605,0.270087
r_free,refmac,torchref,4ALY,torchref,0.264,0.275084
r_free,refmac,torchref,4AOM,phenix,0.3295,0.333441
r_free,refmac,torchref,4AOM,refmac,0.3383,0.346695
r_free,refmac,torchref,4AOM,torchref,0.3377,0.352096
r_free,refmac,torchref,4AUP,phenix,0.3436,0.341755
r_free,refmac,torchref,4AUP,refmac,0.3338,0.335905
r_free,refmac,torchref,4AUP,torchref,0.3401,0.343236
r_free,refmac,torchref,4B18,phenix,0.2909,0.289421
r_free,refmac,torchref,4B18,refmac,0.312,0.315763
r_free,refmac,torchref,4B18,torchref,0.2921,0.290472
r_free,refmac,torchref,4BU1,phenix,0.5014,0.478227
r_free,refmac,torchref,4BU1,refmac,0.4816,0.471611
r_free,refmac,torchref,4BU1,torchref,0.5307,0.496383
r_free,refmac,torchref,4BVE,phenix,0.3158,0.321549
r_free,refmac,torchref,4BVE,refmac,0.311,0.310469
r_free,refmac,torchref,4BVE,torchref,0.3225,0.327566
r_free,refmac,torchref,4BX9,phenix,0.3125,0.31243
r_free,refmac,torchref,4BX9,refmac,0.3002,0.301308
r_free,refmac,torchref,4BX9,torchref,0.3251,0.322418
r_free,refmac,torchref,4C1S,phenix,0.2944,0.293545
r_free,refmac,torchref,4C1S,refmac,0.2995,0.299442
r_free,refmac,torchref,4C1S,torchref,0.2995,0.301904
r_free,refmac,torchref,4C6R,phenix,0.3296,0.335997
r_free,refmac,torchref,4C6R,refmac,0.3448,0.34791
r_free,refmac,torchref,4C6R,torchref,0.3342,0.339574
r_free,refmac,torchref,4CE5,phenix,0.2595,0.261485
r_free,refmac,torchref,4CE5,refmac,0.2611,0.26157
r_free,refmac,torchref,4CE5,torchref,0.2608,0.261719
r_free,refmac,torchref,4CGB,phenix,0.5541,0.604034
r_free,refmac,torchref,4CGB,refmac,0.5731,0.584655
r_free,refmac,torchref,4CGB,torchref,0.5945,0.617496
r_free,refmac,torchref,4CH9,phenix,0.2746,0.274575
r_free,refmac,torchref,4CH9,refmac,0.2711,0.273079
r_free,refmac,torchref,4CH9,torchref,0.2668,0.266684
r_free,refmac,torchref,4CKT,phenix,0.418,0.362838
r_free,refmac,torchref,4CKT,refmac,0.4317,0.400706
r_free,refmac,torchref,4CKT,torchref,0.4373,0.49034
r_free,refmac,torchref,4CLF,phenix,0.3688,0.37046
r_free,refmac,torchref,4CLF,refmac,0.3579,0.361905
r_free,refmac,torchref,4CLF,torchref,0.3524,0.352774
r_free,refmac,torchref,4CSO,phenix,0.311,0.320308
r_free,refmac,torchref,4CSO,refmac,0.2999,0.309385
r_free,refmac,torchref,4CSO,torchref,0.3072,0.313429
r_free,refmac,torchref,4D51,phenix,0.314,0.314947
r_free,refmac,torchref,4D51,refmac,0.3151,0.316967
r_free,refmac,torchref,4D51,torchref,0.3247,0.325774
r_free,refmac,torchref,4DA2,phenix,0.2912,0.287497
r_free,refmac,torchref,4DA2,refmac,0.29,0.286147
r_free,refmac,torchref,4DA2,torchref,0.2995,0.294344
r_free,refmac,torchref,4DOV,phenix,0.3469,0.408977
r_free,refmac,torchref,4DOV,refmac,0.3499,0.391795
r_free,refmac,torchref,4DOV,torchref,0.3402,0.397049
r_free,refmac,torchref,4EOY,phenix,0.4301,0.444687
r_free,refmac,torchref,4EOY,refmac,0.4298,0.440003
r_free,refmac,torchref,4EOY,torchref,0.4458,0.46187
r_free,refmac,torchref,4EWI,phenix,0.4511,0.48029
r_free,refmac,torchref,4EWI,refmac,0.4169,0.455815
r_free,refmac,torchref,4EWI,torchref,0.4517,0.470198
r_free,refmac,torchref,4EX5,phenix,0.2949,0.296002
r_free,refmac,torchref,4EX5,refmac,0.2759,0.281625
r_free,refmac,torchref,4EX5,torchref,0.2894,0.289602
r_free,refmac,torchref,4F0F,phenix,0.3481,0.356418
r_free,refmac,torchref,4F0F,refmac,0.3465,0.346021
r_free,refmac,torchref,4F0F,torchref,0.3421,0.347004
r_free,refmac,torchref,4F27,phenix,0.3433,0.365692
r_free,refmac,torchref,4F27,refmac,0.3389,0.359891
r_free,refmac,torchref,4F27,torchref,0.3436,0.363987
r_free,refmac,torchref,4FC4,phenix,0.2474,0.248602
r_free,refmac,torchref,4FC4,refmac,0.2451,0.249708
r_free,refmac,torchref,4FC4,torchref,0.2525,0.255065
r_free,refmac,torchref,4FE9,phenix,0.2808,0.285221
r_free,refmac,torchref,4FE9,refmac,0.2793,0.285337
r_free,refmac,torchref,4FE9,torchref,0.2845,0.289886
r_free,refmac,torchref,4FIX,phenix,0.2966,0.284305
r_free,refmac,torchref,4FIX,refmac,0.3135,0.300126
r_free,refmac,torchref,4FIX,torchref,0.3034,0.292228
r_free,refmac,torchref,4FYU,phenix,0.3039,0.304944
r_free,refmac,torchref,4FYU,refmac,0.3139,0.30918
r_free,refmac,torchref,4FYU,torchref,0.3144,0.313686
r_free,refmac,torchref,4G3H,phenix,0.3983,0.40305
r_free,refmac,torchref,4G3H,refmac,0.3836,0.385935
r_free,refmac,torchref,4G3H,torchref,0.3916,0.400014
r_free,refmac,torchref,4GMV,phenix,0.3361,0.340659
r_free,refmac,torchref,4GMV,refmac,0.331,0.342623
r_free,refmac,torchref,4GMV,torchref,0.3388,0.348374
r_free,refmac,torchref,4H9D,phenix,0.3833,0.40548
r_free,refmac,torchref,4H9D,refmac,0.3431,0.372067
r_free,refmac,torchref,4H9D,torchref,0.3777,0.40221
r_free,refmac,torchref,4HIA,phenix,0.3398,0.337807
r_free,refmac,torchref,4HIA,refmac,0.3402,0.334325
r_free,refmac,torchref,4HIA,torchref,0.351,0.349043
r_free,refmac,torchref,4HJW,phenix,0.3029,0.304955
r_free,refmac,torchref,4HJW,refmac,0.2912,0.294046
r_free,refmac,torchref,4HJW,torchref,0.3123,0.316599
r_free,refmac,torchref,4HKA,phenix,0.3093,0.343533
r_free,refmac,torchref,4HKA,refmac,0.2896,0.316625
r_free,refmac,torchref,4HKA,torchref,0.313,0.341255
r_free,refmac,torchref,4HUJ,phenix,0.3136,0.326819
r_free,refmac,torchref,4HUJ,refmac,0.3127,0.32196
r_free,refmac,torchref,4HUJ,torchref,0.3212,0.331031
r_free,refmac,torchref,4ICH,phenix,0.3407,0.346381
r_free,refmac,torchref,4ICH,refmac,0.3269,0.335248
r_free,refmac,torchref,4ICH,torchref,0.3252,0.331588
r_free,refmac,torchref,4IDI,phenix,0.3147,0.326684
r_free,refmac,torchref,4IDI,refmac,0.3241,0.336175
r_free,refmac,torchref,4IDI,torchref,0.3185,0.328045
r_free,refmac,torchref,4JGX,phenix,0.2928,0.302887
r_free,refmac,torchref,4JGX,refmac,0.29,0.299956
r_free,refmac,torchref,4JGX,torchref,0.2972,0.305827
r_free,refmac,torchref,4JHN,phenix,0.2559,0.255872
r_free,refmac,torchref,4JHN,refmac,0.2515,0.25047
r_free,refmac,torchref,4JHN,torchref,0.2548,0.254629
r_free,refmac,torchref,4JLX,refmac,0.2975,0.308003
r_free,refmac,torchref,4JLX,torchref,0.302,0.311881
r_free,refmac,torchref,4JX2,phenix,0.3691,0.383088
r_free,refmac,torchref,4JX2,refmac,0.3207,0.330707
r_free,refmac,torchref,4JX2,torchref,0.4357,0.44257
r_free,refmac,torchref,4K36,phenix,0.3486,0.372658
r_free,refmac,torchref,4K36,refmac,0.3457,0.361184
r_free,refmac,torchref,4K36,torchref,0.3503,0.368559
r_free,refmac,torchref,4KH9,phenix,0.3259,0.333761
r_free,refmac,torchref,4KH9,refmac,0.3168,0.326252
r_free,refmac,torchref,4KH9,torchref,0.3232,0.326503
r_free,refmac,torchref,4KYQ,phenix,0.3274,0.336998
r_free,refmac,torchref,4KYQ,refmac,0.3051,0.315328
r_free,refmac,torchref,4KYQ,torchref,0.3238,0.337146
r_free,refmac,torchref,4L7Z,phenix,0.3421,0.342198
r_free,refmac,torchref,4L7Z,refmac,0.3232,0.320164
r_free,refmac,torchref,4L7Z,torchref,0.3414,0.336474
r_free,refmac,torchref,4L9U,phenix,0.5569,0.564693
r_free,refmac,torchref,4L9U,refmac,0.5188,0.547157
r_free,refmac,torchref,4L9U,torchref,0.5543,0.573106
r_free,refmac,torchref,4LD7,phenix,0.3179,0.320265
r_free,refmac,torchref,4LD7,refmac,0.3253,0.330996
r_free,refmac,torchref,4LD7,torchref,0.3292,0.340276
r_free,refmac,torchref,4LZ2,phenix,0.3338,0.348909
r_free,refmac,torchref,4LZ2,refmac,0.3215,0.335876
r_free,refmac,torchref,4LZ2,torchref,0.3245,0.342648
r_free,refmac,torchref,4MAA,phenix,0.2975,0.292882
r_free,refmac,torchref,4MAA,refmac,0.2923,0.289856
r_free,refmac,torchref,4MAA,torchref,0.2942,0.296901
r_free,refmac,torchref,4ME9,phenix,0.3097,0.311761
r_free,refmac,torchref,4ME9,refmac,0.3023,0.304361
r_free,refmac,torchref,4ME9,torchref,0.3384,0.345496
r_free,refmac,torchref,4MG5,phenix,0.3255,0.330906
r_free,refmac,torchref,4MG5,refmac,0.3085,0.313559
r_free,refmac,torchref,4MG5,torchref,0.3079,0.314787
r_free,refmac,torchref,4MG6,phenix,0.3383,0.341065
r_free,refmac,torchref,4MG6,refmac,0.3421,0.333251
r_free,refmac,torchref,4MG6,torchref,0.3369,0.326828
r_free,refmac,torchref,4MJG,phenix,0.3268,0.334646
r_free,refmac,torchref,4MJG,refmac,0.3223,0.318604
r_free,refmac,torchref,4MJG,torchref,0.324,0.334523
r_free,refmac,torchref,4N39,phenix,0.3754,0.379061
r_free,refmac,torchref,4N39,refmac,0.3624,0.364058
r_free,refmac,torchref,4N39,torchref,0.3564,0.358319
r_free,refmac,torchref,4N5X,phenix,0.41,0.420925
r_free,refmac,torchref,4N5X,refmac,0.4207,0.425026
r_free,refmac,torchref,4N5X,torchref,0.4266,0.440326
r_free,refmac,torchref,4NPJ,phenix,0.3457,0.364213
r_free,refmac,torchref,4NPJ,refmac,0.3346,0.366441
r_free,refmac,torchref,4NPJ,torchref,0.3472,0.370509
r_free,refmac,torchref,4NUF,phenix,0.4336,0.43757
r_free,refmac,torchref,4NUF,refmac,0.4339,0.44886
r_free,refmac,torchref,4NUF,torchref,0.4367,0.430161
r_free,refmac,torchref,4NWZ,phenix,0.3329,0.320621
r_free,refmac,torchref,4NWZ,refmac,0.3524,0.3424
r_free,refmac,torchref,4NWZ,torchref,0.3387,0.330018
r_free,refmac,torchref,4O62,phenix,0.4455,0.450127
r_free,refmac,torchref,4O62,refmac,0.4219,0.424849
r_free,refmac,torchref,4O62,torchref,0.4346,0.43918
r_free,refmac,torchref,4O92,phenix,0.4618,0.479092
r_free,refmac,torchref,4O92,refmac,0.4649,0.457271
r_free,refmac,torchref,4O92,torchref,0.4605,0.470255
r_free,refmac,torchref,4OC8,phenix,0.4415,0.45627
r_free,refmac,torchref,4OC8,refmac,0.4455,0.458013
r_free,refmac,torchref,4OC8,torchref,0.4517,0.47242
r_free,refmac,torchref,4OF8,phenix,0.3088,0.307769
r_free,refmac,torchref,4OF8,refmac,0.3108,0.307146
r_free,refmac,torchref,4OF8,torchref,0.3117,0.308483
r_free,refmac,torchref,4OFF,phenix,0.5288,0.535069
r_free,refmac,torchref,4OFF,refmac,0.5035,0.517052
r_free,refmac,torchref,4OFF,torchref,0.5423,0.538012
r_free,refmac,torchref,4OX3,phenix,0.321,0.316887
r_free,refmac,torchref,4OX3,refmac,0.3251,0.318464
r_free,refmac,torchref,4OX3,torchref,0.3275,0.320892
r_free,refmac,torchref,4PDE,phenix,0.3006,0.298432
r_free,refmac,torchref,4PDE,refmac,0.2906,0.306826
r_free,refmac,torchref,4PDE,torchref,0.3216,0.309273
r_free,refmac,torchref,4PFS,phenix,0.3165,0.327594
r_free,refmac,torchref,4PFS,refmac,0.321,0.322251
r_free,refmac,torchref,4PFS,torchref,0.3298,0.33325
r_free,refmac,torchref,4PQZ,phenix,0.285,0.305425
r_free,refmac,torchref,4PQZ,refmac,0.2825,0.313171
r_free,refmac,torchref,4PQZ,torchref,0.2914,0.325731
r_free,refmac,torchref,4PRA,phenix,0.4262,0.337808
r_free,refmac,torchref,4PRA,refmac,0.4644,0.399897
r_free,refmac,torchref,4PRA,torchref,0.4053,0.314784
r_free,refmac,torchref,4PSI,phenix,0.4863,0.489227
r_free,refmac,torchref,4PSI,refmac,0.4092,0.416896
r_free,refmac,torchref,4PSI,torchref,0.4512,0.465503
r_free,refmac,torchref,4PV4,phenix,0.3208,0.293225
r_free,refmac,torchref,4PV4,refmac,0.3313,0.306228
r_free,refmac,torchref,4PV4,torchref,0.3213,0.293954
r_free,refmac,torchref,4Q13,phenix,0.2999,0.295379
r_free,refmac,torchref,4Q13,refmac,0.2846,0.287364
r_free,refmac,torchref,4Q13,torchref,0.3236,0.3219
r_free,refmac,torchref,4Q63,phenix,0.4232,0.450925
r_free,refmac,torchref,4Q63,refmac,0.4197,0.454063
r_free,refmac,torchref,4Q63,torchref,0.3854,0.39922
r_free,refmac,torchref,4QH8,phenix,0.2792,0.292201
r_free,refmac,torchref,4QH8,refmac,0.2949,0.311786
r_free,refmac,torchref,4QH8,torchref,0.2923,0.305688
r_free,refmac,torchref,4QKO,phenix,0.348,0.343311
r_free,refmac,torchref,4QKO,refmac,0.3512,0.346326
r_free,refmac,torchref,4QKO,torchref,0.3459,0.342483
r_free,refmac,torchref,4QN8,phenix,0.326,0.328313
r_free,refmac,torchref,4QN8,refmac,0.3215,0.326859
r_free,refmac,torchref,4QN8,torchref,0.3299,0.330532
r_free,refmac,torchref,4QQR,phenix,0.3156,0.326538
r_free,refmac,torchref,4QQR,refmac,0.2869,0.302534
r_free,refmac,torchref,4QQR,torchref,0.3266,0.336309
r_free,refmac,torchref,4QTP,phenix,0.2963,0.306998
r_free,refmac,torchref,4QTP,refmac,0.2892,0.300903
r_free,refmac,torchref,4QTP,torchref,0.3004,0.313751
r_free,refmac,torchref,4QXA,phenix,0.3645,0.367806
r_free,refmac,torchref,4QXA,refmac,0.3432,0.356172
r_free,refmac,torchref,4QXA,torchref,0.36,0.371543
r_free,refmac,torchref,4R10,phenix,0.2707,0.266157
r_free,refmac,torchref,4R10,refmac,0.2691,0.263534
r_free,refmac,torchref,4R10,torchref,0.2592,0.255895
r_free,refmac,torchref,4REV,refmac,0.3887,0.402874
r_free,refmac,torchref,4REV,torchref,0.3836,0.387693
r_free,refmac,torchref,4RHO,phenix,0.3876,0.396548
r_free,refmac,torchref,4RHO,refmac,0.3867,0.390436
r_free,refmac,torchref,4RHO,torchref,0.4011,0.401413
r_free,refmac,torchref,4RK2,phenix,0.4976,0.510834
r_free,refmac,torchref,4RK2,refmac,0.492,0.509644
r_free,refmac,torchref,4RK2,torchref,0.5016,0.520733
r_free,refmac,torchref,4RO5,phenix,0.421,0.422343
r_free,refmac,torchref,4RO5,refmac,0.4337,0.439093
r_free,refmac,torchref,4RO5,torchref,0.4202,0.425537
r_free,refmac,torchref,4RQM,phenix,0.3463,0.382884
r_free,refmac,torchref,4RQM,refmac,0.3291,0.364881
r_free,refmac,torchref,4RQM,torchref,0.3373,0.368001
r_free,refmac,torchref,4TWL,phenix,0.3141,0.30821
r_free,refmac,torchref,4TWL,refmac,0.3114,0.303125
r_free,refmac,torchref,4TWL,torchref,0.3064,0.305448
r_free,refmac,torchref,4U7A,phenix,0.2784,0.276457
r_free,refmac,torchref,4U7A,refmac,0.2654,0.262118
r_free,refmac,torchref,4U7A,torchref,0.2691,0.265429
r_free,refmac,torchref,4UCI,phenix,0.4856,0.492977
r_free,refmac,torchref,4UCI,refmac,0.4867,0.497582
r_free,refmac,torchref,4UCI,torchref,0.5029,0.514481
r_free,refmac,torchref,4UDA,phenix,0.3167,0.31483
r_free,refmac,torchref,4UDA,refmac,0.3098,0.305151
r_free,refmac,torchref,4UDA,torchref,0.2969,0.299204
r_free,refmac,torchref,4UDP,phenix,0.2702,0.273751
r_free,refmac,torchref,4UDP,refmac,0.2696,0.273683
r_free,refmac,torchref,4UDP,torchref,0.2756,0.279473
r_free,refmac,torchref,4UWX,phenix,0.3778,0.376779
r_free,refmac,torchref,4UWX,refmac,0.3351,0.339124
r_free,refmac,torchref,4UWX,torchref,0.3369,0.331463
r_free,refmac,torchref,4UYI,phenix,0.312,0.329992
r_free,refmac,torchref,4UYI,refmac,0.3157,0.325251
r_free,refmac,torchref,4UYI,torchref,0.3074,0.325676
r_free,refmac,torchref,4V15,phenix,0.2679,0.274213
r_free,refmac,torchref,4V15,refmac,0.261,0.267231
r_free,refmac,torchref,4V15,torchref,0.264,0.269074
r_free,refmac,torchref,4W2R,phenix,0.3147,0.316194
r_free,refmac,torchref,4W2R,refmac,0.3109,0.308724
r_free,refmac,torchref,4W2R,torchref,0.3102,0.311402
r_free,refmac,torchref,4WAL,phenix,0.3918,0.416489
r_free,refmac,torchref,4WAL,refmac,0.3778,0.401325
r_free,refmac,torchref,4WAL,torchref,0.3897,0.414858
r_free,refmac,torchref,4WIP,phenix,0.3796,0.32223
r_free,refmac,torchref,4WIP,refmac,0.4323,0.358746
r_free,refmac,torchref,4WIP,torchref,0.3952,0.350211
r_free,refmac,torchref,4WWM,phenix,0.3223,0.339159
r_free,refmac,torchref,4WWM,refmac,0.3315,0.340517
r_free,refmac,torchref,4WWM,torchref,0.3304,0.336668
r_free,refmac,torchref,4X3E,phenix,0.2953,0.293173
r_free,refmac,torchref,4X3E,refmac,0.2876,0.294717
r_free,refmac,torchref,4X3E,torchref,0.3063,0.303652
r_free,refmac,torchref,4XLG,phenix,0.3052,0.304764
r_free,refmac,torchref,4XLG,refmac,0.3012,0.300391
r_free,refmac,torchref,4XLG,torchref,0.2936,0.290611
r_free,refmac,torchref,4ZSF,phenix,0.4471,0.452927
r_free,refmac,torchref,4ZSF,refmac,0.4392,0.440557
r_free,refmac,torchref,4ZSF,torchref,0.4459,0.454273
r_free,refmac,torchref,4ZV9,phenix,0.3028,0.293683
r_free,refmac,torchref,4ZV9,refmac,0.3125,0.309252
r_free,refmac,torchref,4ZV9,torchref,0.3086,0.299548
r_free,refmac,torchref,5A0T,phenix,0.2958,0.292968
r_free,refmac,torchref,5A0T,refmac,0.2657,0.267557
r_free,refmac,torchref,5A0T,torchref,0.2709,0.268163
r_free,refmac,torchref,5AA5,phenix,0.3405,0.340424
r_free,refmac,torchref,5AA5,refmac,0.3382,0.337291
r_free,refmac,torchref,5AA5,torchref,0.3555,0.35474
r_free,refmac,torchref,5AD0,phenix,0.384,0.374381
r_free,refmac,torchref,5AD0,refmac,0.3872,0.376188
r_free,refmac,torchref,5AD0,torchref,0.4565,0.56175
r_free,refmac,torchref,5B5I,phenix,0.513,0.501314
r_free,refmac,torchref,5B5I,refmac,0.485,0.484092
r_free,refmac,torchref,5B5I,torchref,0.527,0.52835
r_free,refmac,torchref,5B5Q,phenix,0.2973,0.290566
r_free,refmac,torchref,5B5Q,refmac,0.3005,0.292782
r_free,refmac,torchref,5B5Q,torchref,0.3052,0.299603
r_free,refmac,torchref,5BOV,phenix,0.2686,0.272833
r_free,refmac,torchref,5BOV,refmac,0.2693,0.272775
r_free,refmac,torchref,5BOV,torchref,0.2733,0.277199
r_free,refmac,torchref,5BV6,phenix,0.4537,0.49377
r_free,refmac,torchref,5BV6,refmac,0.4883,0.521894
r_free,refmac,torchref,5BV6,torchref,0.4461,0.48463
r_free,refmac,torchref,5C5V,phenix,0.4034,0.447981
r_free,refmac,torchref,5C5V,refmac,0.3884,0.440307
r_free,refmac,torchref,5C5V,torchref,0.3921,0.438329
r_free,refmac,torchref,5C7F,phenix,0.37,0.360915
r_free,refmac,torchref,5C7F,refmac,0.3326,0.322036
r_free,refmac,torchref,5C7F,torchref,0.3545,0.351899
r_free,refmac,torchref,5C8H,phenix,0.3629,0.381201
r_free,refmac,torchref,5C8H,refmac,0.3662,0.376303
r_free,refmac,torchref,5C8H,torchref,0.3533,0.357788
r_free,refmac,torchref,5CVR,phenix,0.3248,0.308321
r_free,refmac,torchref,5CVR,refmac,0.3135,0.296059
r_free,refmac,torchref,5CVR,torchref,0.292,0.287257
r_free,refmac,torchref,5CX2,refmac,0.5648,0.571883
r_free,refmac,torchref,5CX2,torchref,0.5771,0.622035
r_free,refmac,torchref,5D5H,phenix,0.2753,0.27233
r_free,refmac,torchref,5D5H,refmac,0.2815,0.276452
r_free,refmac,torchref,5D5H,torchref,0.2873,0.280699
r_free,refmac,torchref,5DAY,phenix,0.417,0.426201
r_free,refmac,torchref,5DAY,refmac,0.3859,0.388926
r_free,refmac,torchref,5DAY,torchref,0.4203,0.427447
r_free,refmac,torchref,5DBE,phenix,0.2614,0.273489
r_free,refmac,torchref,5DBE,refmac,0.2928,0.29329
r_free,refmac,torchref,5DBE,torchref,0.3038,0.305381
r_free,refmac,torchref,5DRM,phenix,0.2899,0.287994
r_free,refmac,torchref,5DRM,refmac,0.2878,0.286115
r_free,refmac,torchref,5DRM,torchref,0.2821,0.28307
r_free,refmac,torchref,5E15,phenix,0.3331,0.335402
r_free,refmac,torchref,5E15,refmac,0.3182,0.323717
r_free,refmac,torchref,5E15,torchref,0.321,0.321188
r_free,refmac,torchref,5EBB,phenix,0.3637,0.379842
r_free,refmac,torchref,5EBB,refmac,0.3636,0.379042
r_free,refmac,torchref,5EBB,torchref,0.3962,0.396656
r_free,refmac,torchref,5EG2,phenix,0.2682,0.293103
r_free,refmac,torchref,5EG2,refmac,0.2637,0.285338
r_free,refmac,torchref,5EG2,torchref,0.2656,0.283784
r_free,refmac,torchref,5EGE,phenix,0.2862,0.290698
r_free,refmac,torchref,5EGE,refmac,0.2822,0.288729
r_free,refmac,torchref,5EGE,torchref,0.2852,0.291243
r_free,refmac,torchref,5ETA,phenix,0.3222,0.33036
r_free,refmac,torchref,5ETA,refmac,0.3129,0.314161
r_free,refmac,torchref,5ETA,torchref,0.3313,0.3298
r_free,refmac,torchref,5G09,phenix,0.2844,0.284079
r_free,refmac,torchref,5G09,refmac,0.2808,0.280201
r_free,refmac,torchref,5G09,torchref,0.2845,0.284041
r_free,refmac,torchref,5G23,phenix,0.2919,0.287804
r_free,refmac,torchref,5G23,refmac,0.284,0.277752
r_free,refmac,torchref,5G23,torchref,0.2906,0.282155
r_free,refmac,torchref,5G4I,phenix,0.2725,0.273154
r_free,refmac,torchref,5G4I,refmac,0.2676,0.265873
r_free,refmac,torchref,5G4I,torchref,0.2651,0.26418
r_free,refmac,torchref,5GHR,phenix,0.3543,0.36747
r_free,refmac,torchref,5GHR,refmac,0.3464,0.357149
r_free,refmac,torchref,5GHR,torchref,0.3558,0.380125
r_free,refmac,torchref,5GJM,phenix,0.2833,0.293305
r_free,refmac,torchref,5GJM,refmac,0.2735,0.278148
r_free,refmac,torchref,5GJM,torchref,0.3893,0.4727
r_free,refmac,torchref,5GKV,phenix,0.2664,0.270934
r_free,refmac,torchref,5GKV,refmac,0.2729,0.278208
r_free,refmac,torchref,5GKV,torchref,0.2776,0.280974
r_free,refmac,torchref,5GOX,phenix,0.5625,0.578256
r_free,refmac,torchref,5GOX,refmac,0.6379,0.58378
r_free,refmac,torchref,5GOX,torchref,0.5589,0.579777
r_free,refmac,torchref,5GZI,phenix,0.3043,0.324807
r_free,refmac,torchref,5GZI,refmac,0.304,0.315302
r_free,refmac,torchref,5GZI,torchref,0.314,0.333502
r_free,refmac,torchref,5H5Y,phenix,0.3567,0.360752
r_free,refmac,torchref,5H5Y,refmac,0.3565,0.356831
r_free,refmac,torchref,5H5Y,torchref,0.3675,0.373306
r_free,refmac,torchref,5HRJ,phenix,0.3545,0.382766
r_free,refmac,torchref,5HRJ,refmac,0.3487,0.388112
r_free,refmac,torchref,5HRJ,torchref,0.3378,0.367596
r_free,refmac,torchref,5I2H,phenix,0.2981,0.301637
r_free,refmac,torchref,5I2H,refmac,0.3128,0.313987
r_free,refmac,torchref,5I2H,torchref,0.2999,0.299927
r_free,refmac,torchref,5I47,phenix,0.3657,0.317553
r_free,refmac,torchref,5I47,refmac,0.3792,0.342058
r_free,refmac,torchref,5I47,torchref,0.3894,0.351376
r_free,refmac,torchref,5I9E,phenix,0.3999,0.382529
r_free,refmac,torchref,5I9E,refmac,0.4226,0.415075
r_free,refmac,torchref,5I9E,torchref,0.4002,0.387399
r_free,refmac,torchref,5IAW,phenix,0.3654,0.365615
r_free,refmac,torchref,5IAW,refmac,0.3812,0.377271
r_free,refmac,torchref,5IAW,torchref,0.3593,0.368086
r_free,refmac,torchref,5IQM,phenix,0.3414,0.344224
r_free,refmac,torchref,5IQM,refmac,0.3365,0.338395
r_free,refmac,torchref,5IQM,torchref,0.3314,0.339705
r_free,refmac,torchref,5IY4,phenix,0.4055,0.421501
r_free,refmac,torchref,5IY4,refmac,0.3233,0.349428
r_free,refmac,torchref,5IY4,torchref,0.3761,0.399677
r_free,refmac,torchref,5IYX,phenix,0.3198,0.330429
r_free,refmac,torchref,5IYX,refmac,0.3031,0.317122
r_free,refmac,torchref,5IYX,torchref,0.3318,0.345565
r_free,refmac,torchref,5J0A,phenix,0.433,0.483562
r_free,refmac,torchref,5J0A,refmac,0.3857,0.437027
r_free,refmac,torchref,5J0A,torchref,0.4203,0.473463
r_free,refmac,torchref,5J4A,phenix,0.3091,0.321667
r_free,refmac,torchref,5J4A,refmac,0.321,0.327154
r_free,refmac,torchref,5J4A,torchref,0.314,0.332276
r_free,refmac,torchref,5J9K,phenix,0.3885,0.384404
r_free,refmac,torchref,5J9K,refmac,0.3814,0.375289
r_free,refmac,torchref,5J9K,torchref,0.3664,0.368533
r_free,refmac,torchref,5JD9,phenix,0.3065,0.305605
r_free,refmac,torchref,5JD9,refmac,0.3082,0.310988
r_free,refmac,torchref,5JD9,torchref,0.3118,0.309283
r_free,refmac,torchref,5JHO,phenix,0.327,0.33221
r_free,refmac,torchref,5JHO,refmac,0.3084,0.314574
r_free,refmac,torchref,5JHO,torchref,0.3218,0.335642
r_free,refmac,torchref,5JI5,phenix,0.3112,0.307461
r_free,refmac,torchref,5JI5,refmac,0.3112,0.309751
r_free,refmac,torchref,5JI5,torchref,0.3138,0.310839
r_free,refmac,torchref,5JTA,phenix,0.2505,0.265669
r_free,refmac,torchref,5JTA,refmac,0.2465,0.262939
r_free,refmac,torchref,5JTA,torchref,0.2722,0.282414
r_free,refmac,torchref,5K2X,phenix,0.3887,0.403102
r_free,refmac,torchref,5K2X,refmac,0.396,0.413125
r_free,refmac,torchref,5K2X,torchref,0.3883,0.404459
r_free,refmac,torchref,5K6S,phenix,0.3366,0.351123
r_free,refmac,torchref,5K6S,refmac,0.2871,0.299916
r_free,refmac,torchref,5K6S,torchref,0.3115,0.30488
r_free,refmac,torchref,5KSU,refmac,0.3327,0.327151
r_free,refmac,torchref,5KSU,torchref,0.3617,0.358908
r_free,refmac,torchref,5LTD,phenix,0.325,0.326364
r_free,refmac,torchref,5LTD,refmac,0.3055,0.308794
r_free,refmac,torchref,5LTD,torchref,0.3238,0.33558
r_free,refmac,torchref,5LU2,phenix,0.3467,0.345677
r_free,refmac,torchref,5LU2,refmac,0.3257,0.317004
r_free,refmac,torchref,5LU2,torchref,0.3476,0.339507
r_free,refmac,torchref,5LW0,phenix,0.2766,0.285113
r_free,refmac,torchref,5LW0,refmac,0.2753,0.280966
r_free,refmac,torchref,5LW0,torchref,0.2831,0.288047
r_free,refmac,torchref,5ME9,phenix,0.3562,0.358398
r_free,refmac,torchref,5ME9,refmac,0.3284,0.331368
r_free,refmac,torchref,5ME9,torchref,0.3566,0.35479
r_free,refmac,torchref,5MLK,phenix,0.2969,0.300396
r_free,refmac,torchref,5MLK,refmac,0.2734,0.282127
r_free,refmac,torchref,5MLK,torchref,0.2889,0.287067
r_free,refmac,torchref,5MLZ,phenix,0.3503,0.351051
r_free,refmac,torchref,5MLZ,refmac,0.3448,0.348216
r_free,refmac,torchref,5MLZ,torchref,0.3285,0.330977
r_free,refmac,torchref,5MXY,phenix,0.3703,0.378626
r_free,refmac,torchref,5MXY,refmac,0.3819,0.392491
r_free,refmac,torchref,5MXY,torchref,0.3877,0.386259
r_free,refmac,torchref,5N6H,phenix,0.2713,0.279484
r_free,refmac,torchref,5N6H,refmac,0.2621,0.272477
r_free,refmac,torchref,5N6H,torchref,0.2735,0.28516
r_free,refmac,torchref,5N8R,phenix,0.3836,0.392426
r_free,refmac,torchref,5N8R,refmac,0.3511,0.356618
r_free,refmac,torchref,5N8R,torchref,0.3835,0.392503
r_free,refmac,torchref,5NTB,phenix,0.2452,0.250895
r_free,refmac,torchref,5NTB,refmac,0.2388,0.242841
r_free,refmac,torchref,5NTB,torchref,0.2395,0.240966
r_free,refmac,torchref,5O51,refmac,0.3508,0.347945
r_free,refmac,torchref,5O51,torchref,0.3492,0.339876
r_free,refmac,torchref,5O6B,phenix,0.4717,0.492164
r_free,refmac,torchref,5O6B,refmac,0.4561,0.475169
r_free,refmac,torchref,5O6B,torchref,0.4588,0.480933
r_free,refmac,torchref,5OF1,phenix,0.3627,0.377981
r_free,refmac,torchref,5OF1,refmac,0.3295,0.335682
r_free,refmac,torchref,5OF1,torchref,0.3484,0.353283
r_free,refmac,torchref,5OF9,phenix,0.3199,0.318181
r_free,refmac,torchref,5OF9,refmac,0.3139,0.311183
r_free,refmac,torchref,5OF9,torchref,0.3176,0.313979
r_free,refmac,torchref,5OMB,phenix,0.4356,0.443614
r_free,refmac,torchref,5OMB,refmac,0.4335,0.440381
r_free,refmac,torchref,5OMB,torchref,0.4505,0.455575
r_free,refmac,torchref,5OU8,phenix,0.4467,0.440269
r_free,refmac,torchref,5OU8,refmac,0.4123,0.401855
r_free,refmac,torchref,5OU8,torchref,0.405,0.390677
r_free,refmac,torchref,5Q1D,phenix,0.4508,0.457886
r_free,refmac,torchref,5Q1D,refmac,0.4299,0.448792
r_free,refmac,torchref,5Q1D,torchref,0.4113,0.42516
r_free,refmac,torchref,5Q1H,phenix,0.4159,0.443163
r_free,refmac,torchref,5Q1H,refmac,0.4039,0.424629
r_free,refmac,torchref,5Q1H,torchref,0.4085,0.431172
r_free,refmac,torchref,5SVE,phenix,0.3556,0.336921
r_free,refmac,torchref,5SVE,refmac,0.3343,0.322302
r_free,refmac,torchref,5SVE,torchref,0.3835,0.385903
r_free,refmac,torchref,5T0K,phenix,0.385,0.404256
r_free,refmac,torchref,5T0K,refmac,0.3703,0.396287
r_free,refmac,torchref,5T0K,torchref,0.3809,0.400375
r_free,refmac,torchref,5T0M,phenix,0.375,0.386284
r_free,refmac,torchref,5T0M,refmac,0.3602,0.376418
r_free,refmac,torchref,5T0M,torchref,0.3845,0.391799
r_free,refmac,torchref,5T1G,phenix,0.346,0.314477
r_free,refmac,torchref,5T1G,refmac,0.3711,0.344792
r_free,refmac,torchref,5T1G,torchref,0.3525,0.312654
r_free,refmac,torchref,5T6J,refmac,0.3783,0.39883
r_free,refmac,torchref,5T6J,torchref,0.3777,0.389472
r_free,refmac,torchref,5TDY,phenix,0.5423,0.546118
r_free,refmac,torchref,5TDY,refmac,0.4741,0.485565
r_free,refmac,torchref,5TDY,torchref,0.5138,0.522769
r_free,refmac,torchref,5TJA,phenix,0.3693,0.344353
r_free,refmac,torchref,5TJA,refmac,0.3736,0.332316
r_free,refmac,torchref,5TJA,torchref,0.3843,0.341537
r_free,refmac,torchref,5TLD,phenix,0.3203,0.312639
r_free,refmac,torchref,5TLD,refmac,0.3321,0.325618
r_free,refmac,torchref,5TLD,torchref,0.3228,0.31288
r_free,refmac,torchref,5TM9,phenix,0.3507,0.366339
r_free,refmac,torchref,5TM9,refmac,0.3178,0.323571
r_free,refmac,torchref,5TM9,torchref,0.3229,0.348707
r_free,refmac,torchref,5TTA,phenix,0.3333,0.329489
r_free,refmac,torchref,5TTA,refmac,0.325,0.324681
r_free,refmac,torchref,5TTA,torchref,0.3272,0.322887
r_free,refmac,torchref,5TV7,phenix,0.3013,0.321363
r_free,refmac,torchref,5TV7,refmac,0.2916,0.305719
r_free,refmac,torchref,5TV7,torchref,0.3072,0.321599
r_free,refmac,torchref,5U6K,phenix,0.3571,0.311332
r_free,refmac,torchref,5U6K,refmac,0.3687,0.327972
r_free,refmac,torchref,5U6K,torchref,0.3371,0.295813
r_free,refmac,torchref,5UQP,phenix,0.4941,0.524587
r_free,refmac,torchref,5UQP,refmac,0.4771,0.512761
r_free,refmac,torchref,5UQP,torchref,0.5067,0.54857
r_free,refmac,torchref,5UV4,phenix,0.3211,0.322119
r_free,refmac,torchref,5UV4,refmac,0.2819,0.289547
r_free,refmac,torchref,5UV4,torchref,0.3083,0.315122
r_free,refmac,torchref,5UX5,phenix,0.2951,0.306362
r_free,refmac,torchref,5UX5,refmac,0.2878,0.299882
r_free,refmac,torchref,5UX5,torchref,0.306,0.315193
r_free,refmac,torchref,5UXG,phenix,0.2984,0.302202
r_free,refmac,torchref,5UXG,refmac,0.2971,0.302687
r_free,refmac,torchref,5UXG,torchref,0.2945,0.30025
r_free,refmac,torchref,5UZU,phenix,0.3319,0.336415
r_free,refmac,torchref,5UZU,refmac,0.3226,0.333324
r_free,refmac,torchref,5UZU,torchref,0.3319,0.335492
r_free,refmac,torchref,5V8W,phenix,0.3723,0.376462
r_free,refmac,torchref,5V8W,refmac,0.3736,0.377026
r_free,refmac,torchref,5V8W,torchref,0.3773,0.377413
r_free,refmac,torchref,5VIA,phenix,0.325,0.295448
r_free,refmac,torchref,5VIA,refmac,0.3384,0.312243
r_free,refmac,torchref,5VIA,torchref,0.3326,0.306127
r_free,refmac,torchref,5VLB,phenix,0.2974,0.301145
r_free,refmac,torchref,5VLB,refmac,0.2863,0.292317
r_free,refmac,torchref,5VLB,torchref,0.3032,0.306904
r_free,refmac,torchref,5VQG,phenix,0.3851,0.368222
r_free,refmac,torchref,5VQG,refmac,0.4113,0.419074
r_free,refmac,torchref,5VQG,torchref,0.4244,0.453849
r_free,refmac,torchref,5WB4,phenix,0.3498,0.351481
r_free,refmac,torchref,5WB4,refmac,0.3411,0.343553
r_free,refmac,torchref,5WB4,torchref,0.3458,0.347948
r_free,refmac,torchref,5WJQ,phenix,0.6732,0.638272
r_free,refmac,torchref,5WJQ,refmac,0.6531,0.624975
r_free,refmac,torchref,5WJQ,torchref,0.6159,0.6183
r_free,refmac,torchref,5WRR,phenix,0.3717,0.387666
r_free,refmac,torchref,5WRR,refmac,0.3349,0.349981
r_free,refmac,torchref,5WRR,torchref,0.3614,0.373457
r_free,refmac,torchref,5WWW,phenix,0.3021,0.321041
r_free,refmac,torchref,5WWW,refmac,0.2992,0.321652
r_free,refmac,torchref,5WWW,torchref,0.3252,0.343935
r_free,refmac,torchref,5X6S,phenix,0.2544,0.265895
r_free,refmac,torchref,5X6S,refmac,0.2583,0.266024
r_free,refmac,torchref,5X6S,torchref,0.2629,0.273636
r_free,refmac,torchref,5XB7,phenix,0.2692,0.27051
r_free,refmac,torchref,5XB7,refmac,0.2658,0.266101
r_free,refmac,torchref,5XG9,phenix,0.3073,0.332703
r_free,refmac,torchref,5XG9,refmac,0.3199,0.339302
r_free,refmac,torchref,5XG9,torchref,0.3129,0.334407
r_free,refmac,torchref,5XHW,phenix,0.3126,0.32615
r_free,refmac,torchref,5XHW,refmac,0.3056,0.323988
r_free,refmac,torchref,5XHW,torchref,0.3112,0.326101
r_free,refmac,torchref,5XMZ,phenix,0.336,0.369627
r_free,refmac,torchref,5XMZ,refmac,0.3416,0.358988
r_free,refmac,torchref,5XMZ,torchref,0.3307,0.355102
r_free,refmac,torchref,5XRW,phenix,0.3804,0.380066
r_free,refmac,torchref,5XRW,refmac,0.4164,0.416742
r_free,refmac,torchref,5XRW,torchref,0.4542,0.501023
r_free,refmac,torchref,5XUK,phenix,0.4395,0.333136
r_free,refmac,torchref,5XUK,refmac,0.5021,0.416147
r_free,refmac,torchref,5XUK,torchref,0.4363,0.319672
r_free,refmac,torchref,5XUQ,phenix,0.3428,0.34077
r_free,refmac,torchref,5XUQ,refmac,0.3493,0.349491
r_free,refmac,torchref,5XUQ,torchref,0.3631,0.363912
r_free,refmac,torchref,5XVW,phenix,0.2978,0.300314
r_free,refmac,torchref,5XVW,refmac,0.3014,0.304949
r_free,refmac,torchref,5XVW,torchref,0.2911,0.294578
r_free,refmac,torchref,5Y9I,phenix,0.3258,0.332661
r_free,refmac,torchref,5Y9I,refmac,0.3325,0.338337
r_free,refmac,torchref,5Y9I,torchref,0.3307,0.332643
r_free,refmac,torchref,5YAY,phenix,0.3217,0.329951
r_free,refmac,torchref,5YAY,refmac,0.3275,0.334885
r_free,refmac,torchref,5YAY,torchref,0.3243,0.336715
r_free,refmac,torchref,5Z6D,phenix,0.2975,0.311909
r_free,refmac,torchref,5Z6D,refmac,0.3035,0.311289
r_free,refmac,torchref,5Z6D,torchref,0.2919,0.303106
r_free,refmac,torchref,5Z6V,phenix,0.32,0.344576
r_free,refmac,torchref,5Z6V,refmac,0.3253,0.32526
r_free,refmac,torchref,5Z6V,torchref,0.3168,0.311616
r_free,refmac,torchref,5Z8L,phenix,0.4648,0.465304
r_free,refmac,torchref,5Z8L,refmac,0.3522,0.353022
r_free,refmac,torchref,5Z8L,torchref,0.3688,0.372492
r_free,refmac,torchref,5ZOO,phenix,0.2542,0.256493
r_free,refmac,torchref,5ZOO,refmac,0.2675,0.270381
r_free,refmac,torchref,5ZOO,torchref,0.2702,0.269679
r_free,refmac,torchref,6A0E,phenix,0.316,0.319546
r_free,refmac,torchref,6A0E,refmac,0.3089,0.311405
r_free,refmac,torchref,6A0E,torchref,0.3158,0.319713
r_free,refmac,torchref,6A93,phenix,0.4796,0.50378
r_free,refmac,torchref,6A93,refmac,0.4986,0.547858
r_free,refmac,torchref,6A93,torchref,0.4909,0.492626
r_free,refmac,torchref,6AF3,phenix,0.4991,0.499164
r_free,refmac,torchref,6AF3,refmac,0.4691,0.468188
r_free,refmac,torchref,6AF3,torchref,0.4651,0.45644
r_free,refmac,torchref,6AGI,phenix,0.3238,0.317273
r_free,refmac,torchref,6AGI,refmac,0.3061,0.31274
r_free,refmac,torchref,6AGI,torchref,0.3353,0.335351
r_free,refmac,torchref,6AL9,refmac,0.2803,0.280656
r_free,refmac,torchref,6AL9,torchref,0.2913,0.284244
r_free,refmac,torchref,6B8Q,phenix,0.4801,0.485546
r_free,refmac,torchref,6B8Q,refmac,0.4776,0.484438
r_free,refmac,torchref,6B8Q,torchref,0.469,0.473809
r_free,refmac,torchref,6CGO,phenix,0.4098,0.414884
r_free,refmac,torchref,6CGO,refmac,0.4013,0.403988
r_free,refmac,torchref,6CGO,torchref,0.4162,0.424465
r_free,refmac,torchref,6COK,phenix,0.2867,0.313518
r_free,refmac,torchref,6COK,refmac,0.2878,0.313378
r_free,refmac,torchref,6COK,torchref,0.2921,0.318879
r_free,refmac,torchref,6CQL,phenix,0.4108,0.413938
r_free,refmac,torchref,6CQL,refmac,0.4187,0.421604
r_free,refmac,torchref,6CQL,torchref,0.4088,0.410352
r_free,refmac,torchref,6CW5,phenix,0.3665,0.382835
r_free,refmac,torchref,6CW5,refmac,0.348,0.365805
r_free,refmac,torchref,6CW5,torchref,0.3578,0.375327
r_free,refmac,torchref,6D2V,phenix,0.2943,0.307318
r_free,refmac,torchref,6D2V,refmac,0.2817,0.287429
r_free,refmac,torchref,6D2V,torchref,0.2953,0.307566
r_free,refmac,torchref,6D97,phenix,0.254,0.262093
r_free,refmac,torchref,6D97,refmac,0.2498,0.256502
r_free,refmac,torchref,6D97,torchref,0.261,0.266482
r_free,refmac,torchref,6DDT,phenix,0.3165,0.301555
r_free,refmac,torchref,6DDT,refmac,0.3138,0.30239
r_free,refmac,torchref,6DDT,torchref,0.315,0.298374
r_free,refmac,torchref,6DF3,phenix,0.3146,0.322631
r_free,refmac,torchref,6DF3,refmac,0.3035,0.316677
r_free,refmac,torchref,6DF3,torchref,0.3162,0.32656
r_free,refmac,torchref,6E0M,phenix,0.3259,0.323137
r_free,refmac,torchref,6E0M,refmac,0.3259,0.323476
r_free,refmac,torchref,6E0M,torchref,0.3078,0.300933
r_free,refmac,torchref,6EC7,phenix,0.3575,0.362099
r_free,refmac,torchref,6EC7,refmac,0.3319,0.329502
r_free,refmac,torchref,6EC7,torchref,0.3573,0.366465
r_free,refmac,torchref,6EUS,phenix,0.3111,0.304281
r_free,refmac,torchref,6EUS,refmac,0.3146,0.307794
r_free,refmac,torchref,6EUS,torchref,0.3132,0.30681
r_free,refmac,torchref,6EWJ,phenix,0.3143,0.307081
r_free,refmac,torchref,6EWJ,refmac,0.315,0.309323
r_free,refmac,torchref,6EWJ,torchref,0.3159,0.310731
r_free,refmac,torchref,6EYS,phenix,0.3126,0.293378
r_free,refmac,torchref,6EYS,refmac,0.3147,0.298361
r_free,refmac,torchref,6EYS,torchref,0.3186,0.298199
r_free,refmac,torchref,6F1S,phenix,0.3004,0.306668
r_free,refmac,torchref,6F1S,refmac,0.2884,0.295364
r_free,refmac,torchref,6F1S,torchref,0.2757,0.279632
r_free,refmac,torchref,6FJU,phenix,0.3763,0.390447
r_free,refmac,torchref,6FJU,refmac,0.3713,0.383827
r_free,refmac,torchref,6FJU,torchref,0.3673,0.377589
r_free,refmac,torchref,6FOK,phenix,0.2982,0.304246
r_free,refmac,torchref,6FOK,refmac,0.2893,0.290016
r_free,refmac,torchref,6FOK,torchref,0.2924,0.291741
r_free,refmac,torchref,6FX6,phenix,0.3807,0.376204
r_free,refmac,torchref,6FX6,refmac,0.3766,0.374147
r_free,refmac,torchref,6FX6,torchref,0.3689,0.372251
r_free,refmac,torchref,6G9X,refmac,0.4302,0.460888
r_free,refmac,torchref,6G9X,torchref,0.4377,0.459682
r_free,refmac,torchref,6GBS,phenix,0.4197,0.433363
r_free,refmac,torchref,6GBS,refmac,0.4263,0.431027
r_free,refmac,torchref,6GBS,torchref,0.4215,0.434944
r_free,refmac,torchref,6GP7,phenix,0.3277,0.322432
r_free,refmac,torchref,6GP7,refmac,0.3604,0.336472
r_free,refmac,torchref,6GP7,torchref,0.3293,0.324141
r_free,refmac,torchref,6GXS,phenix,0.2888,0.293632
r_free,refmac,torchref,6GXS,refmac,0.2984,0.299955
r_free,refmac,torchref,6GXS,torchref,0.2931,0.294482
r_free,refmac,torchref,6HFG,phenix,0.3029,0.377462
r_free,refmac,torchref,6HFG,refmac,0.2856,0.35815
r_free,refmac,torchref,6HFG,torchref,0.3133,0.36061
r_free,refmac,torchref,6HR7,refmac,0.2736,0.278446
r_free,refmac,torchref,6HR7,torchref,0.2946,0.296842
r_free,refmac,torchref,6I1R,phenix,0.2775,0.291019
r_free,refmac,torchref,6I1R,refmac,0.2784,0.272078
r_free,refmac,torchref,6I1R,torchref,0.2824,0.293
r_free,refmac,torchref,6I50,phenix,0.2526,0.249465
r_free,refmac,torchref,6I50,refmac,0.2399,0.245527
r_free,refmac,torchref,6I50,torchref,0.2431,0.243902
r_free,refmac,torchref,6IIW,phenix,0.4111,0.417135
r_free,refmac,torchref,6IIW,refmac,0.4186,0.420188
r_free,refmac,torchref,6IIW,torchref,0.4276,0.433816
r_free,refmac,torchref,6ILR,refmac,0.292,0.299925
r_free,refmac,torchref,6ILR,torchref,0.2982,0.306487
r_free,refmac,torchref,6IQJ,phenix,0.3482,0.34128
r_free,refmac,torchref,6IQJ,refmac,0.3541,0.347482
r_free,refmac,torchref,6IQJ,torchref,0.3471,0.347139
r_free,refmac,torchref,6IR8,phenix,0.4753,0.476001
r_free,refmac,torchref,6IR8,refmac,0.4566,0.466743
r_free,refmac,torchref,6IR8,torchref,0.4794,0.482609
r_free,refmac,torchref,6J17,phenix,0.3178,0.32084
r_free,refmac,torchref,6J17,refmac,0.2928,0.290773
r_free,refmac,torchref,6J17,torchref,0.3098,0.313441
r_free,refmac,torchref,6J72,phenix,0.3827,0.385124
r_free,refmac,torchref,6J72,refmac,0.3815,0.385859
r_free,refmac,torchref,6J72,torchref,0.3866,0.386001
r_free,refmac,torchref,6J7Y,phenix,0.291,0.287955
r_free,refmac,torchref,6J7Y,refmac,0.2761,0.276302
r_free,refmac,torchref,6J7Y,torchref,0.2797,0.283967
r_free,refmac,torchref,6JC4,phenix,0.2982,0.296984
r_free,refmac,torchref,6JC4,refmac,0.2949,0.297346
r_free,refmac,torchref,6JC4,torchref,0.3071,0.306253
r_free,refmac,torchref,6JJW,phenix,0.5311,0.548673
r_free,refmac,torchref,6JJW,refmac,0.5551,0.589072
r_free,refmac,torchref,6JJW,torchref,0.5147,0.596542
r_free,refmac,torchref,6JZA,phenix,0.3547,0.385492
r_free,refmac,torchref,6JZA,refmac,0.3464,0.355099
r_free,refmac,torchref,6JZA,torchref,0.3872,0.408383
r_free,refmac,torchref,6K6R,phenix,0.2991,0.337458
r_free,refmac,torchref,6K6R,refmac,0.2972,0.329351
r_free,refmac,torchref,6K6R,torchref,0.2864,0.330319
r_free,refmac,torchref,6L8E,phenix,0.5059,0.515629
r_free,refmac,torchref,6L8E,refmac,0.4743,0.486948
r_free,refmac,torchref,6L8E,torchref,0.4949,0.503579
r_free,refmac,torchref,6L9F,phenix,0.3836,0.463246
r_free,refmac,torchref,6L9F,refmac,0.3716,0.371015
r_free,refmac,torchref,6L9F,torchref,0.4061,0.406651
r_free,refmac,torchref,6LKG,phenix,0.3051,0.301101
r_free,refmac,torchref,6LKG,refmac,0.2992,0.291894
r_free,refmac,torchref,6LKG,torchref,0.3037,0.297704
r_free,refmac,torchref,6M20,phenix,0.4737,0.480578
r_free,refmac,torchref,6M20,refmac,0.4555,0.462752
r_free,refmac,torchref,6M20,torchref,0.464,0.482107
r_free,refmac,torchref,6N5U,phenix,0.3152,0.303245
r_free,refmac,torchref,6N5U,refmac,0.3265,0.315648
r_free,refmac,torchref,6N5U,torchref,0.3047,0.298233
r_free,refmac,torchref,6O6N,phenix,0.3065,0.315277
r_free,refmac,torchref,6O6N,refmac,0.2927,0.304967
r_free,refmac,torchref,6O6N,torchref,0.302,0.312199
r_free,refmac,torchref,6OAE,refmac,0.3294,0.322547
r_free,refmac,torchref,6OAE,torchref,0.3328,0.340522
r_free,refmac,torchref,6OHI,phenix,0.529,0.554867
r_free,refmac,torchref,6OHI,refmac,0.5224,0.541908
r_free,refmac,torchref,6OHI,torchref,0.5731,0.576484
r_free,refmac,torchref,6PEU,phenix,0.337,0.341515
r_free,refmac,torchref,6PEU,refmac,0.337,0.343337
r_free,refmac,torchref,6PEU,torchref,0.3638,0.368148
r_free,refmac,torchref,6PJQ,phenix,0.3974,0.393286
r_free,refmac,torchref,6PJQ,refmac,0.3821,0.372797
r_free,refmac,torchref,6PJQ,torchref,0.4177,0.405576
r_free,refmac,torchref,6PNP,phenix,0.3358,0.347846
r_free,refmac,torchref,6PNP,refmac,0.3032,0.30787
r_free,refmac,torchref,6PNP,torchref,0.3014,0.304785
r_free,refmac,torchref,6PUP,phenix,0.403,0.366348
r_free,refmac,torchref,6PUP,refmac,0.3732,0.346571
r_free,refmac,torchref,6PUP,torchref,0.3863,0.352536
r_free,refmac,torchref,6R0L,phenix,0.3896,0.359828
r_free,refmac,torchref,6R0L,refmac,0.4075,0.380275
r_free,refmac,torchref,6R0L,torchref,0.4144,0.547519
r_free,refmac,torchref,6R6T,phenix,0.2985,0.294081
r_free,refmac,torchref,6R6T,refmac,0.302,0.297067
r_free,refmac,torchref,6R6T,torchref,0.3088,0.29941
r_free,refmac,torchref,6RFT,phenix,0.3319,0.330624
r_free,refmac,torchref,6RFT,refmac,0.3238,0.326146
r_free,refmac,torchref,6RFT,torchref,0.3322,0.333912
r_free,refmac,torchref,6RPT,phenix,0.4173,0.419241
r_free,refmac,torchref,6RPT,refmac,0.3927,0.396477
r_free,refmac,torchref,6RPT,torchref,0.4093,0.417994
r_free,refmac,torchref,6RR0,phenix,0.6533,0.444485
r_free,refmac,torchref,6RR0,refmac,0.6732,0.496945
r_free,refmac,torchref,6RR0,torchref,0.6529,0.449175
r_free,refmac,torchref,6RSN,phenix,0.3096,0.305382
r_free,refmac,torchref,6RSN,refmac,0.2911,0.290123
r_free,refmac,torchref,6RSN,torchref,0.3061,0.310161
r_free,refmac,torchref,6S2P,phenix,0.3963,0.390033
r_free,refmac,torchref,6S2P,refmac,0.3926,0.399202
r_free,refmac,torchref,6S2P,torchref,0.3923,0.386819
r_free,refmac,torchref,6SRB,phenix,0.4108,0.31796
r_free,refmac,torchref,6SRB,refmac,0.4553,0.379661
r_free,refmac,torchref,6SRB,torchref,0.4067,0.312666
r_free,refmac,torchref,6SXW,phenix,0.385,0.381129
r_free,refmac,torchref,6SXW,refmac,0.366,0.383491
r_free,refmac,torchref,6SXW,torchref,0.407,0.429266
r_free,refmac,torchref,6T80,phenix,0.3742,0.378042
r_free,refmac,torchref,6T80,refmac,0.3544,0.367738
r_free,refmac,torchref,6T80,torchref,0.3868,0.394071
r_free,refmac,torchref,6TCT,phenix,0.3742,0.379233
r_free,refmac,torchref,6TCT,refmac,0.3622,0.364601
r_free,refmac,torchref,6TCT,torchref,0.3658,0.36928
r_free,refmac,torchref,6TT5,phenix,0.3047,0.313483
r_free,refmac,torchref,6TT5,refmac,0.2967,0.303063
r_free,refmac,torchref,6TT5,torchref,0.3,0.303399
r_free,refmac,torchref,6TWJ,phenix,0.2968,0.297161
r_free,refmac,torchref,6TWJ,refmac,0.2927,0.291008
r_free,refmac,torchref,6TWJ,torchref,0.2951,0.298541
r_free,refmac,torchref,6U2D,phenix,0.3105,0.320751
r_free,refmac,torchref,6U2D,refmac,0.3408,0.337701
r_free,refmac,torchref,6U2D,torchref,0.3442,0.356778
r_free,refmac,torchref,6U75,phenix,0.2977,0.310616
r_free,refmac,torchref,6U75,refmac,0.2911,0.303083
r_free,refmac,torchref,6U75,torchref,0.3042,0.310577
r_free,refmac,torchref,6UB7,phenix,0.2604,0.270486
r_free,refmac,torchref,6UB7,refmac,0.2527,0.256731
r_free,refmac,torchref,6UB7,torchref,0.2589,0.2671
r_free,refmac,torchref,6V7M,phenix,0.4424,0.491105
r_free,refmac,torchref,6V7M,refmac,0.4526,0.507555
r_free,refmac,torchref,6V7M,torchref,0.4484,0.49922
r_free,refmac,torchref,6VD8,phenix,0.3624,0.366282
r_free,refmac,torchref,6VD8,refmac,0.4242,0.413974
r_free,refmac,torchref,6VD8,torchref,0.3996,0.380059
r_free,refmac,torchref,6VHI,phenix,0.2782,0.252183
r_free,refmac,torchref,6VHI,refmac,0.264,0.254298
r_free,refmac,torchref,6VHI,torchref,0.2342,0.238001
r_free,refmac,torchref,6VPT,phenix,0.3165,0.324582
r_free,refmac,torchref,6VPT,refmac,0.3294,0.332218
r_free,refmac,torchref,6VPT,torchref,0.3277,0.322338
r_free,refmac,torchref,6VS7,phenix,0.5076,0.511141
r_free,refmac,torchref,6VS7,refmac,0.5378,0.552506
r_free,refmac,torchref,6VS7,torchref,0.5306,0.544058
r_free,refmac,torchref,6W9K,phenix,0.2794,0.359101
r_free,refmac,torchref,6W9K,refmac,0.2773,0.358363
r_free,refmac,torchref,6W9K,torchref,0.2649,0.34167
r_free,refmac,torchref,6WT6,phenix,0.336,0.281936
r_free,refmac,torchref,6WT6,refmac,0.3583,0.313745
r_free,refmac,torchref,6WT6,torchref,0.3616,0.302142
r_free,refmac,torchref,6XZ6,phenix,0.3017,0.303754
r_free,refmac,torchref,6XZ6,refmac,0.3022,0.313025
r_free,refmac,torchref,6XZ6,torchref,0.3029,0.30767
r_free,refmac,torchref,6YFV,phenix,0.4547,0.461076
r_free,refmac,torchref,6YFV,refmac,0.43,0.44751
r_free,refmac,torchref,6YFV,torchref,0.4664,0.471514
r_free,refmac,torchref,6Z1S,phenix,0.3288,0.330643
r_free,refmac,torchref,6Z1S,refmac,0.3357,0.335919
r_free,refmac,torchref,6Z1S,torchref,0.3246,0.321627
r_free,refmac,torchref,6Z3U,phenix,0.493,0.435883
r_free,refmac,torchref,6Z3U,refmac,0.5405,0.498744
r_free,refmac,torchref,6Z3U,torchref,0.5351,0.478875
r_free,refmac,torchref,6ZH1,phenix,0.4168,0.402433
r_free,refmac,torchref,6ZH1,refmac,0.3891,0.380328
r_free,refmac,torchref,6ZH1,torchref,0.4196,0.408479
r_free,refmac,torchref,6ZUW,phenix,0.4096,0.412955
r_free,refmac,torchref,6ZUW,refmac,0.3982,0.40263
r_free,refmac,torchref,6ZUW,torchref,0.3967,0.403338
r_free,refmac,torchref,7AUI,phenix,0.3185,0.341515
r_free,refmac,torchref,7AUI,refmac,0.3195,0.329909
r_free,refmac,torchref,7AUI,torchref,0.3258,0.340712
r_free,refmac,torchref,7BV5,phenix,0.3794,0.390513
r_free,refmac,torchref,7BV5,refmac,0.3428,0.363318
r_free,refmac,torchref,7BV5,torchref,0.3762,0.399676
r_free,refmac,torchref,7BW1,phenix,0.3309,0.331871
r_free,refmac,torchref,7BW1,refmac,0.3186,0.346187
r_free,refmac,torchref,7BW1,torchref,0.3197,0.349108
r_free,refmac,torchref,7C7E,phenix,0.4772,0.502191
r_free,refmac,torchref,7C7E,refmac,0.4732,0.492813
r_free,refmac,torchref,7C7E,torchref,0.4674,0.497166
r_free,refmac,torchref,7CFD,phenix,0.5078,0.501523
r_free,refmac,torchref,7CFD,refmac,0.3975,0.384544
r_free,refmac,torchref,7CFD,torchref,0.4749,0.459404
r_free,refmac,torchref,7CWW,phenix,0.3605,0.36129
r_free,refmac,torchref,7CWW,refmac,0.3386,0.333092
r_free,refmac,torchref,7CWW,torchref,0.3394,0.337805
r_free,refmac,torchref,7D86,phenix,0.3661,0.370749
r_free,refmac,torchref,7D86,refmac,0.3482,0.343781
r_free,refmac,torchref,7D86,torchref,0.3492,0.355407
r_free,refmac,torchref,7DUF,phenix,0.5254,0.533046
r_free,refmac,torchref,7DUF,refmac,0.505,0.535678
r_free,refmac,torchref,7DUF,torchref,0.5053,0.523966
r_free,refmac,torchref,7DVN,refmac,0.5554,0.611629
r_free,refmac,torchref,7DVN,torchref,0.5487,0.606187
r_free,refmac,torchref,7E2E,phenix,0.4831,0.503241
r_free,refmac,torchref,7E2E,refmac,0.4503,0.460542
r_free,refmac,torchref,7E2E,torchref,0.4839,0.496291
r_free,refmac,torchref,7EWF,phenix,0.3881,0.386543
r_free,refmac,torchref,7EWF,refmac,0.3836,0.376728
r_free,refmac,torchref,7EWF,torchref,0.3642,0.365298
r_free,refmac,torchref,7F9K,phenix,0.419,0.446761
r_free,refmac,torchref,7F9K,refmac,0.4289,0.449151
r_free,refmac,torchref,7F9K,torchref,0.4267,0.456185
r_free,refmac,torchref,7F9M,phenix,0.3655,0.386761
r_free,refmac,torchref,7F9M,refmac,0.3255,0.332136
r_free,refmac,torchref,7F9M,torchref,0.3454,0.355938
r_free,refmac,torchref,7FHR,phenix,0.32,0.326811
r_free,refmac,torchref,7FHR,refmac,0.3023,0.309124
r_free,refmac,torchref,7FHR,torchref,0.3139,0.320867
r_free,refmac,torchref,7JI4,phenix,0.3436,0.395722
r_free,refmac,torchref,7JI4,refmac,0.3579,0.393844
r_free,refmac,torchref,7JI4,torchref,0.3592,0.414392
r_free,refmac,torchref,7JN9,phenix,0.5502,0.581248
r_free,refmac,torchref,7JN9,refmac,0.5716,0.636958
r_free,refmac,torchref,7JN9,torchref,0.5376,0.582839
r_free,refmac,torchref,7K3J,phenix,0.4722,0.453472
r_free,refmac,torchref,7K3J,refmac,0.3372,0.329843
r_free,refmac,torchref,7K3J,torchref,0.3452,0.342595
r_free,refmac,torchref,7KQ0,phenix,0.3428,0.340813
r_free,refmac,torchref,7KQ0,refmac,0.3531,0.348113
r_free,refmac,torchref,7KQ0,torchref,0.3534,0.349914
r_free,refmac,torchref,7LF4,phenix,0.3189,0.328667
r_free,refmac,torchref,7LF4,refmac,0.3208,0.329622
r_free,refmac,torchref,7LF4,torchref,0.3213,0.325323
