metric,scorer_x,scorer_y,code,model_engine,value_x,value_y
r_work,phenix,torchref,1A0F,phenix,0.2212,0.229809
r_work,phenix,torchref,1A0F,refmac,0.2174,0.224913
r_work,phenix,torchref,1A0F,torchref,0.2154,0.222383
r_work,phenix,torchref,1A46,phenix,0.3075,0.344696
r_work,phenix,torchref,1A46,refmac,0.3193,0.357085
r_work,phenix,torchref,1A46,torchref,0.3172,0.360411
r_work,phenix,torchref,1A4E,phenix,0.199,0.212098
r_work,phenix,torchref,1A4E,refmac,0.1979,0.209862
r_work,phenix,torchref,1A4I,phenix,0.3142,0.35322
r_work,phenix,torchref,1A4I,refmac,0.3341,0.37316
r_work,phenix,torchref,1A4I,torchref,0.2991,0.336488
r_work,phenix,torchref,1A7V,phenix,0.2259,0.232918
r_work,phenix,torchref,1A7V,refmac,0.2393,0.242856
r_work,phenix,torchref,1A7V,torchref,0.2503,0.25364
r_work,phenix,torchref,1AJ6,phenix,0.2788,0.285732
r_work,phenix,torchref,1AJ6,refmac,0.329,0.335681
r_work,phenix,torchref,1AJ6,torchref,0.2869,0.290532
r_work,phenix,torchref,1AK5,phenix,0.2134,0.219696
r_work,phenix,torchref,1AK5,refmac,0.2081,0.212958
r_work,phenix,torchref,1AK5,torchref,0.2055,0.210753
r_work,phenix,torchref,1ANU,phenix,0.1963,0.216051
r_work,phenix,torchref,1ANU,refmac,0.1945,0.213062
r_work,phenix,torchref,1ANU,torchref,0.1958,0.211432
r_work,phenix,torchref,1APX,phenix,0.2402,0.259221
r_work,phenix,torchref,1APX,refmac,0.2466,0.265293
r_work,phenix,torchref,1APX,torchref,0.2503,0.266545
r_work,phenix,torchref,1AQZ,phenix,0.2304,0.237419
r_work,phenix,torchref,1AQZ,refmac,0.2293,0.234907
r_work,phenix,torchref,1AQZ,torchref,0.2298,0.236027
r_work,phenix,torchref,1AT0,refmac,0.2763,0.288386
r_work,phenix,torchref,1AT0,torchref,0.2757,0.286233
r_work,phenix,torchref,1B37,phenix,0.2547,0.270168
r_work,phenix,torchref,1B37,refmac,0.2507,0.265709
r_work,phenix,torchref,1B9K,phenix,0.2301,0.240681
r_work,phenix,torchref,1B9K,refmac,0.2343,0.244884
r_work,phenix,torchref,1B9K,torchref,0.2272,0.236297
r_work,phenix,torchref,1BIA,phenix,0.2767,0.288725
r_work,phenix,torchref,1BIA,refmac,0.2865,0.297998
r_work,phenix,torchref,1BIA,torchref,0.2828,0.296387
r_work,phenix,torchref,1BM7,phenix,0.2136,0.219548
r_work,phenix,torchref,1BM7,refmac,0.2055,0.208893
r_work,phenix,torchref,1BM7,torchref,0.2067,0.210934
r_work,phenix,torchref,1BQG,refmac,0.2114,0.221045
r_work,phenix,torchref,1BQG,torchref,0.2146,0.220563
r_work,phenix,torchref,1BX0,phenix,0.2351,0.239605
r_work,phenix,torchref,1BX0,refmac,0.2361,0.239748
r_work,phenix,torchref,1BX0,torchref,0.2274,0.231397
r_work,phenix,torchref,1BXE,phenix,0.3265,0.337001
r_work,phenix,torchref,1BXE,refmac,0.3094,0.317607
r_work,phenix,torchref,1BXE,torchref,0.3074,0.315896
r_work,phenix,torchref,1BYW,phenix,0.237,0.2493
r_work,phenix,torchref,1BYW,refmac,0.2243,0.231297
r_work,phenix,torchref,1BYW,torchref,0.2421,0.256281
r_work,phenix,torchref,1C3F,phenix,0.253,0.256843
r_work,phenix,torchref,1C3F,refmac,0.2511,0.256984
r_work,phenix,torchref,1C3F,torchref,0.2479,0.251473
r_work,phenix,torchref,1CI0,phenix,0.2338,0.251071
r_work,phenix,torchref,1CI0,refmac,0.2352,0.24675
r_work,phenix,torchref,1CI0,torchref,0.2619,0.268806
r_work,phenix,torchref,1CSM,phenix,0.2116,0.222121
r_work,phenix,torchref,1CSM,refmac,0.2095,0.217079
r_work,phenix,torchref,1CSM,torchref,0.2153,0.222111
r_work,phenix,torchref,1D9E,phenix,0.226,0.236851
r_work,phenix,torchref,1D9E,refmac,0.2223,0.229967
r_work,phenix,torchref,1DAW,phenix,0.2542,0.263492
r_work,phenix,torchref,1DAW,refmac,0.2574,0.266329
r_work,phenix,torchref,1DAW,torchref,0.2554,0.263572
r_work,phenix,torchref,1DLM,phenix,0.2162,0.237418
r_work,phenix,torchref,1DLM,refmac,0.2209,0.237926
r_work,phenix,torchref,1DLM,torchref,0.2167,0.229963
r_work,phenix,torchref,1DQ3,phenix,0.3254,0.339412
r_work,phenix,torchref,1DQ3,refmac,0.3228,0.332987
r_work,phenix,torchref,1DQ3,torchref,0.3279,0.341854
r_work,phenix,torchref,1DQ8,phenix,0.2056,0.216709
r_work,phenix,torchref,1DQ8,refmac,0.2081,0.216357
r_work,phenix,torchref,1DQ8,torchref,0.2149,0.222777
r_work,phenix,torchref,1e+79,phenix,0.31,0.318426
r_work,phenix,torchref,1e+79,refmac,0.329,0.336079
r_work,phenix,torchref,1e+79,torchref,0.3511,0.352044
r_work,phenix,torchref,1EJ1,phenix,0.2505,0.259733
r_work,phenix,torchref,1EJ1,refmac,0.2562,0.264589
r_work,phenix,torchref,1EJ1,torchref,0.2629,0.273427
r_work,phenix,torchref,1EJH,phenix,0.2585,0.274343
r_work,phenix,torchref,1EJH,refmac,0.2589,0.273516
r_work,phenix,torchref,1EJH,torchref,0.2604,0.274806
r_work,phenix,torchref,1ETE,phenix,0.2731,0.308255
r_work,phenix,torchref,1ETE,refmac,0.2697,0.299997
r_work,phenix,torchref,1ETE,torchref,0.2837,0.317449
r_work,phenix,torchref,1EZW,phenix,0.2381,0.260038
r_work,phenix,torchref,1EZW,refmac,0.2302,0.250035
r_work,phenix,torchref,1EZW,torchref,0.2292,0.249313
r_work,phenix,torchref,1F97,phenix,0.2053,0.217807
r_work,phenix,torchref,1F97,refmac,0.2179,0.226013
r_work,phenix,torchref,1F97,torchref,0.2509,0.252818
r_work,phenix,torchref,1FG3,phenix,0.2408,0.248759
r_work,phenix,torchref,1FG3,refmac,0.2521,0.26028
r_work,phenix,torchref,1FG3,torchref,0.2547,0.261304
r_work,phenix,torchref,1FIO,phenix,0.3908,0.44777
r_work,phenix,torchref,1FIO,refmac,0.3832,0.442963
r_work,phenix,torchref,1FIO,torchref,0.3784,0.430735
r_work,phenix,torchref,1FKM,phenix,0.2724,0.281359
r_work,phenix,torchref,1FKM,refmac,0.2674,0.276524
r_work,phenix,torchref,1FKM,torchref,0.2684,0.277469
r_work,phenix,torchref,1FSI,phenix,0.2753,0.292858
r_work,phenix,torchref,1FSI,refmac,0.2649,0.282081
r_work,phenix,torchref,1FSI,torchref,0.2828,0.292413
r_work,phenix,torchref,1GHW,phenix,0.3547,0.385815
r_work,phenix,torchref,1GHW,refmac,0.3583,0.389728
r_work,phenix,torchref,1GHW,torchref,0.3458,0.379221
r_work,phenix,torchref,1GPQ,phenix,0.2528,0.259419
r_work,phenix,torchref,1GPQ,refmac,0.2536,0.259877
r_work,phenix,torchref,1GPQ,torchref,0.243,0.248657
r_work,phenix,torchref,1GQ8,phenix,0.2385,0.242797
r_work,phenix,torchref,1GQ8,refmac,0.2399,0.243916
r_work,phenix,torchref,1GQ8,torchref,0.2279,0.232459
r_work,phenix,torchref,1GQ9,phenix,0.2579,0.267808
r_work,phenix,torchref,1GQ9,refmac,0.2932,0.302523
r_work,phenix,torchref,1GQ9,torchref,0.4063,0.36181
r_work,phenix,torchref,1GUI,phenix,0.2771,0.313474
r_work,phenix,torchref,1GUI,refmac,0.269,0.306484
r_work,phenix,torchref,1GUI,torchref,0.2691,0.306425
r_work,phenix,torchref,1GYJ,phenix,0.2491,0.256739
r_work,phenix,torchref,1GYJ,refmac,0.2641,0.268414
r_work,phenix,torchref,1GYJ,torchref,0.2605,0.267578
r_work,phenix,torchref,1H8V,phenix,0.236,0.242338
r_work,phenix,torchref,1H8V,refmac,0.2444,0.251454
r_work,phenix,torchref,1H8V,torchref,0.2396,0.244631
r_work,phenix,torchref,1HN0,phenix,0.244,0.256378
r_work,phenix,torchref,1HN0,refmac,0.2373,0.248661
r_work,phenix,torchref,1HN0,torchref,0.2382,0.249711
r_work,phenix,torchref,1HNO,phenix,0.2227,0.235582
r_work,phenix,torchref,1HNO,refmac,0.2205,0.23245
r_work,phenix,torchref,1HNO,torchref,0.2241,0.234495
r_work,phenix,torchref,1HTN,phenix,0.1743,0.179733
r_work,phenix,torchref,1HTN,refmac,0.181,0.187361
r_work,phenix,torchref,1HTN,torchref,0.186,0.190232
r_work,phenix,torchref,1I1N,phenix,0.2585,0.2777
r_work,phenix,torchref,1I1N,refmac,0.2605,0.280402
r_work,phenix,torchref,1I1N,torchref,0.2473,0.268438
r_work,phenix,torchref,1I3A,phenix,0.2553,0.263909
r_work,phenix,torchref,1I3A,refmac,0.2566,0.264982
r_work,phenix,torchref,1I3A,torchref,0.2672,0.273648
r_work,phenix,torchref,1IDQ,phenix,0.2023,0.212708
r_work,phenix,torchref,1IDQ,refmac,0.1992,0.208712
r_work,phenix,torchref,1IDQ,torchref,0.1967,0.204946
r_work,phenix,torchref,1IKN,phenix,0.3388,0.363961
r_work,phenix,torchref,1IKN,refmac,0.3296,0.350354
r_work,phenix,torchref,1IKN,torchref,0.3459,0.367505
r_work,phenix,torchref,1ITK,phenix,0.2501,0.263473
r_work,phenix,torchref,1ITK,refmac,0.246,0.258829
r_work,phenix,torchref,1ITK,torchref,0.2462,0.256794
r_work,phenix,torchref,1J3P,phenix,0.2434,0.253299
r_work,phenix,torchref,1J3P,refmac,0.2411,0.248874
r_work,phenix,torchref,1J3P,torchref,0.2413,0.249568
r_work,phenix,torchref,1J53,phenix,0.2855,0.294144
r_work,phenix,torchref,1J53,refmac,0.2889,0.297608
r_work,phenix,torchref,1J53,torchref,0.2882,0.295401
r_work,phenix,torchref,1J5W,phenix,0.2673,0.2786
r_work,phenix,torchref,1J5W,refmac,0.2591,0.267482
r_work,phenix,torchref,1J5W,torchref,0.2626,0.271956
r_work,phenix,torchref,1J8B,phenix,0.379,0.402363
r_work,phenix,torchref,1J8B,refmac,0.3955,0.416559
r_work,phenix,torchref,1J8B,torchref,0.3633,0.385609
r_work,phenix,torchref,1JAC,phenix,0.2458,0.258617
r_work,phenix,torchref,1JAC,refmac,0.2442,0.257872
r_work,phenix,torchref,1JAC,torchref,0.257,0.267747
r_work,phenix,torchref,1JAD,phenix,0.3373,0.346486
r_work,phenix,torchref,1JAD,refmac,0.3637,0.371962
r_work,phenix,torchref,1JAD,torchref,0.3719,0.374425
r_work,phenix,torchref,1JN9,phenix,0.4582,0.469478
r_work,phenix,torchref,1JN9,refmac,0.4334,0.444424
r_work,phenix,torchref,1JN9,torchref,0.5145,0.516088
r_work,phenix,torchref,1JU3,phenix,0.2422,0.269092
r_work,phenix,torchref,1JU3,refmac,0.2412,0.267645
r_work,phenix,torchref,1JU3,torchref,0.2375,0.263732
r_work,phenix,torchref,1K6D,phenix,0.2506,0.26131
r_work,phenix,torchref,1K6D,refmac,0.2433,0.252875
r_work,phenix,torchref,1K6D,torchref,0.2413,0.250312
r_work,phenix,torchref,1K7T,phenix,0.2784,0.291008
r_work,phenix,torchref,1K7T,refmac,0.2721,0.281295
r_work,phenix,torchref,1K7T,torchref,0.2724,0.282588
r_work,phenix,torchref,1L9X,phenix,0.2222,0.24058
r_work,phenix,torchref,1L9X,refmac,0.2181,0.235093
r_work,phenix,torchref,1L9X,torchref,0.216,0.232059
r_work,phenix,torchref,1LNZ,phenix,0.4076,0.420189
r_work,phenix,torchref,1LNZ,refmac,0.4078,0.419973
r_work,phenix,torchref,1LNZ,torchref,0.4466,0.453407
r_work,phenix,torchref,1M6E,phenix,0.2097,0.22666
r_work,phenix,torchref,1M6E,refmac,0.214,0.223138
r_work,phenix,torchref,1M6E,torchref,0.2275,0.226108
r_work,phenix,torchref,1N0L,phenix,0.2928,0.311256
r_work,phenix,torchref,1N0L,refmac,0.3019,0.32156
r_work,phenix,torchref,1N0L,torchref,0.3158,0.332453
r_work,phenix,torchref,1N6J,phenix,0.4,0.416335
r_work,phenix,torchref,1N6J,refmac,0.3848,0.399957
r_work,phenix,torchref,1N6J,torchref,0.3886,0.405396
r_work,phenix,torchref,1O4V,phenix,0.2119,0.221129
r_work,phenix,torchref,1O4V,refmac,0.2047,0.211998
r_work,phenix,torchref,1O4V,torchref,0.2019,0.20853
r_work,phenix,torchref,1O5T,phenix,0.285,0.299391
r_work,phenix,torchref,1O5T,refmac,0.3044,0.31813
r_work,phenix,torchref,1O5T,torchref,0.321,0.336592
r_work,phenix,torchref,1O6D,phenix,0.2667,0.291064
r_work,phenix,torchref,1O6D,refmac,0.2631,0.28781
r_work,phenix,torchref,1O6D,torchref,0.2621,0.305308
r_work,phenix,torchref,1OBR,phenix,0.1796,0.189714
r_work,phenix,torchref,1OBR,refmac,0.1918,0.200004
r_work,phenix,torchref,1OBR,torchref,0.1944,0.195133
r_work,phenix,torchref,1OC0,phenix,0.2596,0.272235
r_work,phenix,torchref,1OC0,refmac,0.265,0.270886
r_work,phenix,torchref,1OC0,torchref,0.2664,0.274589
r_work,phenix,torchref,1OE4,phenix,0.2611,0.279587
r_work,phenix,torchref,1OE4,refmac,0.2607,0.278108
r_work,phenix,torchref,1OE4,torchref,0.2572,0.275103
r_work,phenix,torchref,1OMW,phenix,0.2826,0.299397
r_work,phenix,torchref,1OMW,refmac,0.2515,0.264271
r_work,phenix,torchref,1OMW,torchref,0.2771,0.287756
r_work,phenix,torchref,1OQE,phenix,0.2348,0.250403
r_work,phenix,torchref,1OQE,refmac,0.2187,0.234946
r_work,phenix,torchref,1OSC,phenix,0.218,0.235377
r_work,phenix,torchref,1OSC,refmac,0.2069,0.219272
r_work,phenix,torchref,1OSC,torchref,0.2122,0.225745
r_work,phenix,torchref,1OY5,phenix,0.3139,0.329138
r_work,phenix,torchref,1OY5,refmac,0.3066,0.320392
r_work,phenix,torchref,1OY5,torchref,0.3177,0.331633
r_work,phenix,torchref,1P3C,phenix,0.1959,0.210094
r_work,phenix,torchref,1P3C,refmac,0.1898,0.203274
r_work,phenix,torchref,1P3C,torchref,0.189,0.202833
r_work,phenix,torchref,1P4X,phenix,0.3258,0.365424
r_work,phenix,torchref,1P4X,refmac,0.3503,0.375629
r_work,phenix,torchref,1P4X,torchref,0.3372,0.372784
r_work,phenix,torchref,1PG3,phenix,0.213,0.221568
r_work,phenix,torchref,1PG3,refmac,0.2207,0.226972
r_work,phenix,torchref,1PG3,torchref,0.2273,0.233364
r_work,phenix,torchref,1PJR,phenix,0.3223,0.33497
r_work,phenix,torchref,1PJR,refmac,0.3529,0.366729
r_work,phenix,torchref,1PJR,torchref,0.3249,0.337432
r_work,phenix,torchref,1PXZ,phenix,0.2262,0.236732
r_work,phenix,torchref,1PXZ,refmac,0.2232,0.232235
r_work,phenix,torchref,1PXZ,torchref,0.2187,0.226203
r_work,phenix,torchref,1Q15,phenix,0.2362,0.242334
r_work,phenix,torchref,1Q15,refmac,0.2525,0.256701
r_work,phenix,torchref,1Q15,torchref,0.2497,0.255054
r_work,phenix,torchref,1QB5,phenix,0.1966,0.208673
r_work,phenix,torchref,1QB5,refmac,0.1999,0.211116
r_work,phenix,torchref,1QB5,torchref,0.1891,0.198926
r_work,phenix,torchref,1QD9,phenix,0.2538,0.283032
r_work,phenix,torchref,1QD9,refmac,0.2788,0.302255
r_work,phenix,torchref,1QD9,torchref,0.2746,0.296796
r_work,phenix,torchref,1QJV,phenix,0.2126,0.225201
r_work,phenix,torchref,1QJV,refmac,0.2222,0.232642
r_work,phenix,torchref,1QJV,torchref,0.2336,0.243378
r_work,phenix,torchref,1QZN,phenix,0.2459,0.272737
r_work,phenix,torchref,1QZN,refmac,0.2386,0.267934
r_work,phenix,torchref,1QZN,torchref,0.2408,0.270375
r_work,phenix,torchref,1R1K,phenix,0.2525,0.275748
r_work,phenix,torchref,1R1K,refmac,0.2404,0.252058
r_work,phenix,torchref,1R1K,torchref,0.2856,0.298833
r_work,phenix,torchref,1R3U,phenix,0.2181,0.220679
r_work,phenix,torchref,1R3U,refmac,0.2122,0.210349
r_work,phenix,torchref,1R3U,torchref,0.2188,0.225061
r_work,phenix,torchref,1RFX,phenix,0.3554,0.38428
r_work,phenix,torchref,1RFX,refmac,0.3233,0.352341
r_work,phenix,torchref,1RFX,torchref,0.3368,0.365801
r_work,phenix,torchref,1RHC,phenix,0.2268,0.233272
r_work,phenix,torchref,1RHC,refmac,0.2173,0.223065
r_work,phenix,torchref,1RHC,torchref,0.2184,0.224222
r_work,phenix,torchref,1RJ1,phenix,0.2573,0.266659
r_work,phenix,torchref,1RJ1,refmac,0.2519,0.259188
r_work,phenix,torchref,1RJ1,torchref,0.2448,0.251674
r_work,phenix,torchref,1RJD,phenix,0.2484,0.255317
r_work,phenix,torchref,1RJD,refmac,0.2533,0.259369
r_work,phenix,torchref,1RJD,torchref,0.2405,0.24713
r_work,phenix,torchref,1RKG,phenix,0.2765,0.288541
r_work,phenix,torchref,1RKG,refmac,0.2589,0.268271
r_work,phenix,torchref,1RKG,torchref,0.2664,0.278514
r_work,phenix,torchref,1RZN,phenix,0.2325,0.240997
r_work,phenix,torchref,1RZN,refmac,0.2358,0.243987
r_work,phenix,torchref,1RZN,torchref,0.2371,0.244614
r_work,phenix,torchref,1S1C,phenix,0.2943,0.327327
r_work,phenix,torchref,1S1C,refmac,0.2943,0.325767
r_work,phenix,torchref,1S1C,torchref,0.3203,0.356354
r_work,phenix,torchref,1SO2,phenix,0.2465,0.255706
r_work,phenix,torchref,1SO2,refmac,0.2414,0.249014
r_work,phenix,torchref,1SO2,torchref,0.2494,0.255
r_work,phenix,torchref,1SOT,phenix,0.3195,0.338755
r_work,phenix,torchref,1SOT,refmac,0.3105,0.326009
r_work,phenix,torchref,1SOT,torchref,0.3143,0.330517
r_work,phenix,torchref,1T3I,phenix,0.2333,0.250267
r_work,phenix,torchref,1T3I,refmac,0.2293,0.245282
r_work,phenix,torchref,1T3I,torchref,0.2295,0.243565
r_work,phenix,torchref,1TE5,phenix,0.3128,0.316252
r_work,phenix,torchref,1TE5,refmac,0.3049,0.307342
r_work,phenix,torchref,1TE5,torchref,0.3149,0.317568
r_work,phenix,torchref,1TGS,phenix,0.2327,0.251595
r_work,phenix,torchref,1TGS,refmac,0.2369,0.257356
r_work,phenix,torchref,1TGS,torchref,0.23,0.253213
r_work,phenix,torchref,1TML,phenix,0.1441,0.248086
r_work,phenix,torchref,1TML,refmac,0.165,0.180733
r_work,phenix,torchref,1TML,torchref,0.2079,0.203212
r_work,phenix,torchref,1TVL,phenix,0.2528,0.29001
r_work,phenix,torchref,1TVL,refmac,0.2366,0.266712
r_work,phenix,torchref,1TVL,torchref,0.2455,0.283437
r_work,phenix,torchref,1U1I,phenix,0.2593,0.280646
r_work,phenix,torchref,1U1I,refmac,0.2669,0.282826
r_work,phenix,torchref,1U1I,torchref,0.2687,0.28551
r_work,phenix,torchref,1UEF,phenix,0.3673,0.377479
r_work,phenix,torchref,1UEF,refmac,0.3363,0.346808
r_work,phenix,torchref,1UEF,torchref,0.3719,0.391423
r_work,phenix,torchref,1UJK,phenix,0.2994,0.3121
r_work,phenix,torchref,1UJK,refmac,0.299,0.311415
r_work,phenix,torchref,1UJK,torchref,0.288,0.301083
r_work,phenix,torchref,1UKV,phenix,0.317,0.32863
r_work,phenix,torchref,1UKV,refmac,0.3275,0.336835
r_work,phenix,torchref,1UKV,torchref,0.3026,0.311729
r_work,phenix,torchref,1UTB,phenix,0.2324,0.247225
r_work,phenix,torchref,1UTB,refmac,0.2228,0.233941
r_work,phenix,torchref,1UTB,torchref,0.2295,0.239501
r_work,phenix,torchref,1UVQ,phenix,0.3166,0.327565
r_work,phenix,torchref,1UVQ,refmac,0.3045,0.313753
r_work,phenix,torchref,1UVQ,torchref,0.2997,0.304825
r_work,phenix,torchref,1V8Q,phenix,0.2089,0.226476
r_work,phenix,torchref,1V8Q,refmac,0.2237,0.233277
r_work,phenix,torchref,1V8Q,torchref,0.2896,0.293872
r_work,phenix,torchref,1VB3,phenix,0.2358,0.250625
r_work,phenix,torchref,1VB3,refmac,0.2428,0.255929
r_work,phenix,torchref,1VB3,torchref,0.2404,0.250216
r_work,phenix,torchref,1VCE,phenix,0.2571,0.266768
r_work,phenix,torchref,1VCE,refmac,0.2519,0.258109
r_work,phenix,torchref,1VCE,torchref,0.2571,0.263268
r_work,phenix,torchref,1VDD,phenix,0.263,0.283333
r_work,phenix,torchref,1VDD,refmac,0.2402,0.256468
r_work,phenix,torchref,1VDD,torchref,0.2708,0.284841
r_work,phenix,torchref,1VER,phenix,0.2204,0.248432
r_work,phenix,torchref,1VER,refmac,0.2082,0.223071
r_work,phenix,torchref,1VER,torchref,0.237,0.246656
r_work,phenix,torchref,1VK0,phenix,0.2539,0.266218
r_work,phenix,torchref,1VK0,refmac,0.259,0.270556
r_work,phenix,torchref,1VK0,torchref,0.2571,0.268435
r_work,phenix,torchref,1VLM,phenix,0.2651,0.276532
r_work,phenix,torchref,1VLM,refmac,0.2671,0.275298
r_work,phenix,torchref,1VLM,torchref,0.2748,0.282079
r_work,phenix,torchref,1VR4,phenix,0.282,0.306363
r_work,phenix,torchref,1VR4,refmac,0.2812,0.3059
r_work,phenix,torchref,1VR4,torchref,0.2887,0.312198
r_work,phenix,torchref,1VRQ,phenix,0.247,0.259403
r_work,phenix,torchref,1VRQ,refmac,0.2405,0.253618
r_work,phenix,torchref,1W2Y,phenix,0.2696,0.280457
r_work,phenix,torchref,1W2Y,refmac,0.2623,0.271347
r_work,phenix,torchref,1W2Y,torchref,0.2615,0.270865
r_work,phenix,torchref,1W8A,phenix,0.1973,0.206954
r_work,phenix,torchref,1W8A,refmac,0.2089,0.21059
r_work,phenix,torchref,1W8A,torchref,0.2175,0.218236
r_work,phenix,torchref,1WD8,phenix,0.2238,0.244484
r_work,phenix,torchref,1WD8,refmac,0.2093,0.222599
r_work,phenix,torchref,1WD8,torchref,0.2453,0.255838
r_work,phenix,torchref,1WDV,phenix,0.2752,0.303597
r_work,phenix,torchref,1WDV,refmac,0.2742,0.301898
r_work,phenix,torchref,1WDV,torchref,0.2708,0.296085
r_work,phenix,torchref,1WLZ,phenix,0.2807,0.299246
r_work,phenix,torchref,1WLZ,refmac,0.2828,0.300609
r_work,phenix,torchref,1WLZ,torchref,0.2729,0.29037
r_work,phenix,torchref,1WTJ,phenix,0.2678,0.277792
r_work,phenix,torchref,1WTJ,refmac,0.2509,0.258623
r_work,phenix,torchref,1WTJ,torchref,0.2475,0.256223
r_work,phenix,torchref,1WTY,phenix,0.266,0.273
r_work,phenix,torchref,1WTY,refmac,0.2652,0.270578
r_work,phenix,torchref,1WTY,torchref,0.2755,0.281193
r_work,phenix,torchref,1WU2,phenix,0.3116,0.319067
r_work,phenix,torchref,1WU2,refmac,0.3285,0.334125
r_work,phenix,torchref,1WU2,torchref,0.3182,0.324159
r_work,phenix,torchref,1WV8,phenix,0.3262,0.33964
r_work,phenix,torchref,1WV8,refmac,0.4006,0.422044
r_work,phenix,torchref,1WV8,torchref,0.3323,0.349844
r_work,phenix,torchref,1WW9,phenix,0.276,0.285817
r_work,phenix,torchref,1WW9,refmac,0.2659,0.274729
r_work,phenix,torchref,1WW9,torchref,0.2668,0.275231
r_work,phenix,torchref,1X1Q,phenix,0.3075,0.313544
r_work,phenix,torchref,1X1Q,refmac,0.3132,0.316784
r_work,phenix,torchref,1X1Q,torchref,0.4031,0.413422
r_work,phenix,torchref,1X6O,phenix,0.2891,0.302718
r_work,phenix,torchref,1X6O,refmac,0.2917,0.304365
r_work,phenix,torchref,1X6O,torchref,0.276,0.287928
r_work,phenix,torchref,1XHD,phenix,0.2647,0.273677
r_work,phenix,torchref,1XHD,refmac,0.2537,0.261097
r_work,phenix,torchref,1XVS,phenix,0.2856,0.305651
r_work,phenix,torchref,1XVS,refmac,0.2895,0.306856
r_work,phenix,torchref,1XVS,torchref,0.2908,0.306847
r_work,phenix,torchref,1XX1,phenix,0.2494,0.261532
r_work,phenix,torchref,1XX1,refmac,0.246,0.256852
r_work,phenix,torchref,1XX1,torchref,0.2441,0.253782
r_work,phenix,torchref,1Y08,refmac,0.2402,0.247798
r_work,phenix,torchref,1Y08,torchref,0.2399,0.247375
r_work,phenix,torchref,1Y7O,phenix,0.2909,0.303243
r_work,phenix,torchref,1Y7O,refmac,0.3023,0.314995
r_work,phenix,torchref,1Y7O,torchref,0.3094,0.320049
r_work,phenix,torchref,1Y8Q,phenix,0.2252,0.241424
r_work,phenix,torchref,1Y8Q,refmac,0.2232,0.237518
r_work,phenix,torchref,1Y8Q,torchref,0.2304,0.241126
r_work,phenix,torchref,1Y98,refmac,0.2655,0.279279
r_work,phenix,torchref,1Y98,torchref,0.261,0.270112
r_work,phenix,torchref,1YEM,phenix,0.2489,0.269018
r_work,phenix,torchref,1YEM,refmac,0.2365,0.253687
r_work,phenix,torchref,1YEM,torchref,0.2473,0.264925
r_work,phenix,torchref,1YK3,phenix,0.2546,0.264721
r_work,phenix,torchref,1YK3,refmac,0.2477,0.255486
r_work,phenix,torchref,1YK3,torchref,0.2576,0.265924
r_work,phenix,torchref,1YMQ,phenix,0.2334,0.239779
r_work,phenix,torchref,1YMQ,refmac,0.2318,0.237786
r_work,phenix,torchref,1YMQ,torchref,0.2231,0.229729
r_work,phenix,torchref,1YRX,refmac,0.4648,0.518962
r_work,phenix,torchref,1YRX,torchref,0.4515,0.508212
r_work,phenix,torchref,1Z05,phenix,0.3371,0.346032
r_work,phenix,torchref,1Z05,refmac,0.3409,0.348012
r_work,phenix,torchref,1Z05,torchref,0.3188,0.323891
r_work,phenix,torchref,1Z3X,phenix,0.2631,0.283357
r_work,phenix,torchref,1Z3X,refmac,0.2569,0.276271
r_work,phenix,torchref,1Z3X,torchref,0.2536,0.27142
r_work,phenix,torchref,1ZEJ,phenix,0.2937,0.305454
r_work,phenix,torchref,1ZEJ,refmac,0.2848,0.295946
r_work,phenix,torchref,1ZEJ,torchref,0.2858,0.295333
r_work,phenix,torchref,1ZJ8,phenix,0.2249,0.23732
r_work,phenix,torchref,1ZJ8,refmac,0.2593,0.265715
r_work,phenix,torchref,1ZJ8,torchref,0.2425,0.247996
r_work,phenix,torchref,1ZKL,phenix,0.2513,0.263208
r_work,phenix,torchref,1ZKL,refmac,0.2452,0.257302
r_work,phenix,torchref,1ZKL,torchref,0.2433,0.254732
r_work,phenix,torchref,1ZZ0,phenix,0.231,0.245278
r_work,phenix,torchref,1ZZ0,refmac,0.2258,0.238047
r_work,phenix,torchref,1ZZ0,torchref,0.2223,0.233695
r_work,phenix,torchref,2A25,phenix,0.3065,0.340628
r_work,phenix,torchref,2A25,refmac,0.2856,0.315484
r_work,phenix,torchref,2A25,torchref,0.2804,0.305866
r_work,phenix,torchref,2A3V,phenix,0.3986,0.4139
r_work,phenix,torchref,2A3V,refmac,0.4082,0.423493
r_work,phenix,torchref,2A3V,torchref,0.4429,0.456971
r_work,phenix,torchref,2A65,refmac,0.244,0.249939
r_work,phenix,torchref,2A65,torchref,0.2403,0.24708
r_work,phenix,torchref,2A9S,phenix,0.2287,0.23037
r_work,phenix,torchref,2A9S,refmac,0.2305,0.231525
r_work,phenix,torchref,2A9S,torchref,0.2233,0.222863
r_work,phenix,torchref,2ACJ,phenix,0.423,0.446888
r_work,phenix,torchref,2ACJ,refmac,0.4478,0.469416
r_work,phenix,torchref,2ACJ,torchref,0.4663,0.484695
r_work,phenix,torchref,2AE0,phenix,0.4614,0.480013
r_work,phenix,torchref,2AE0,refmac,0.4227,0.438717
r_work,phenix,torchref,2AE0,torchref,0.4516,0.467035
r_work,phenix,torchref,2AG0,phenix,0.2167,0.226801
r_work,phenix,torchref,2AG0,refmac,0.2217,0.232388
r_work,phenix,torchref,2AG0,torchref,0.2264,0.234448
r_work,phenix,torchref,2AHR,phenix,0.2921,0.298903
r_work,phenix,torchref,2AHR,refmac,0.3041,0.30835
r_work,phenix,torchref,2AHR,torchref,0.2914,0.296353
r_work,phenix,torchref,2AP2,phenix,0.4791,0.491314
r_work,phenix,torchref,2AP2,refmac,0.4885,0.500051
r_work,phenix,torchref,2AP2,torchref,0.5072,0.519122
r_work,phenix,torchref,2AQ4,phenix,0.3143,0.326271
r_work,phenix,torchref,2AQ4,refmac,0.3251,0.33431
r_work,phenix,torchref,2AQ4,torchref,0.3143,0.324071
r_work,phenix,torchref,2B2N,phenix,0.3008,0.309901
r_work,phenix,torchref,2B2N,refmac,0.2904,0.297871
r_work,phenix,torchref,2B2N,torchref,0.2937,0.302409
r_work,phenix,torchref,2B3X,phenix,0.3284,0.332159
r_work,phenix,torchref,2B3X,refmac,0.3607,0.363164
r_work,phenix,torchref,2B3X,torchref,0.3738,0.376963
r_work,phenix,torchref,2B5E,phenix,0.3883,0.40123
r_work,phenix,torchref,2B5E,refmac,0.3797,0.391306
r_work,phenix,torchref,2B5E,torchref,0.3944,0.409071
r_work,phenix,torchref,2B7O,phenix,0.2721,0.289376
r_work,phenix,torchref,2B7O,refmac,0.2629,0.276735
r_work,phenix,torchref,2B7O,torchref,0.2667,0.281476
r_work,phenix,torchref,2BON,phenix,0.2766,0.302357
r_work,phenix,torchref,2BON,refmac,0.2733,0.297313
r_work,phenix,torchref,2BON,torchref,0.2664,0.29034
r_work,phenix,torchref,2BTY,phenix,0.2615,0.277837
r_work,phenix,torchref,2BTY,refmac,0.2517,0.262702
r_work,phenix,torchref,2BTY,torchref,0.2956,0.310867
r_work,phenix,torchref,2C8X,phenix,0.3595,0.363732
r_work,phenix,torchref,2C8X,refmac,0.3863,0.39063
r_work,phenix,torchref,2C8X,torchref,0.3877,0.387672
r_work,phenix,torchref,2C90,phenix,0.362,0.364908
r_work,phenix,torchref,2C90,refmac,0.3763,0.376016
r_work,phenix,torchref,2C90,torchref,0.3827,0.382346
r_work,phenix,torchref,2CB4,phenix,0.241,0.249359
r_work,phenix,torchref,2CB4,refmac,0.2395,0.245827
r_work,phenix,torchref,2CB4,torchref,0.2508,0.257378
r_work,phenix,torchref,2CCH,phenix,0.351,0.375492
r_work,phenix,torchref,2CCH,refmac,0.338,0.361104
r_work,phenix,torchref,2CCH,torchref,0.311,0.33443
r_work,phenix,torchref,2CCM,phenix,0.2491,0.260997
r_work,phenix,torchref,2CCM,refmac,0.2455,0.255283
r_work,phenix,torchref,2CCM,torchref,0.2451,0.254785
r_work,phenix,torchref,2CKL,phenix,0.3045,0.316851
r_work,phenix,torchref,2CKL,refmac,0.3099,0.320383
r_work,phenix,torchref,2CKL,torchref,0.3126,0.32359
r_work,phenix,torchref,2CZV,phenix,0.254,0.261199
r_work,phenix,torchref,2CZV,refmac,0.2511,0.257746
r_work,phenix,torchref,2CZV,torchref,0.2531,0.259387
r_work,phenix,torchref,2D0T,phenix,0.2301,0.240938
r_work,phenix,torchref,2D0T,refmac,0.2248,0.231916
r_work,phenix,torchref,2D0T,torchref,0.2334,0.238721
r_work,phenix,torchref,2D68,phenix,0.2879,0.295296
r_work,phenix,torchref,2D68,refmac,0.2972,0.304476
r_work,phenix,torchref,2D68,torchref,0.2818,0.28982
r_work,phenix,torchref,2DOB,phenix,0.4737,0.505032
r_work,phenix,torchref,2DOB,refmac,0.4718,0.507357
r_work,phenix,torchref,2DOB,torchref,0.5587,0.566344
r_work,phenix,torchref,2DQ6,phenix,0.2579,0.272883
r_work,phenix,torchref,2DQ6,refmac,0.2534,0.267919
r_work,phenix,torchref,2DQ6,torchref,0.2477,0.262128
r_work,phenix,torchref,2DRY,phenix,0.3211,0.347915
r_work,phenix,torchref,2DRY,refmac,0.3184,0.344239
r_work,phenix,torchref,2DRY,torchref,0.3163,0.343665
r_work,phenix,torchref,2DX6,phenix,0.2828,0.30266
r_work,phenix,torchref,2DX6,refmac,0.2861,0.305003
r_work,phenix,torchref,2DX6,torchref,0.289,0.308506
r_work,phenix,torchref,2E1M,phenix,0.451,0.468447
r_work,phenix,torchref,2E1M,refmac,0.4505,0.469787
r_work,phenix,torchref,2E1M,torchref,0.4783,0.499982
r_work,phenix,torchref,2EO4,phenix,0.2841,0.30555
r_work,phenix,torchref,2EO4,refmac,0.2697,0.288352
r_work,phenix,torchref,2EO4,torchref,0.2716,0.291224
r_work,phenix,torchref,2EU9,phenix,0.2749,0.291293
r_work,phenix,torchref,2EU9,refmac,0.2594,0.279878
r_work,phenix,torchref,2EU9,torchref,0.2609,0.275782
r_work,phenix,torchref,2EXU,phenix,0.4872,0.488189
r_work,phenix,torchref,2EXU,refmac,0.4898,0.489591
r_work,phenix,torchref,2EXU,torchref,0.5038,0.503073
r_work,phenix,torchref,2F1F,phenix,0.2798,0.303341
r_work,phenix,torchref,2F1F,refmac,0.2626,0.281325
r_work,phenix,torchref,2F1F,torchref,0.2602,0.277451
r_work,phenix,torchref,2F2E,phenix,0.2844,0.296777
r_work,phenix,torchref,2F2E,refmac,0.277,0.286269
r_work,phenix,torchref,2F2E,torchref,0.2818,0.291332
r_work,phenix,torchref,2F8L,phenix,0.2481,0.258264
r_work,phenix,torchref,2F8L,refmac,0.2421,0.248984
r_work,phenix,torchref,2F8L,torchref,0.2475,0.254442
r_work,phenix,torchref,2F9I,phenix,0.2424,0.26835
r_work,phenix,torchref,2F9I,refmac,0.2326,0.25391
r_work,phenix,torchref,2F9I,torchref,0.2364,0.25662
r_work,phenix,torchref,2F9Z,phenix,0.2542,0.261457
r_work,phenix,torchref,2F9Z,refmac,0.257,0.264552
r_work,phenix,torchref,2F9Z,torchref,0.266,0.278851
r_work,phenix,torchref,2FEX,phenix,0.2985,0.308451
r_work,phenix,torchref,2FEX,refmac,0.2937,0.303499
r_work,phenix,torchref,2FEX,torchref,0.2963,0.304668
r_work,phenix,torchref,2FFF,phenix,0.2299,0.24451
r_work,phenix,torchref,2FFF,refmac,0.2234,0.237943
r_work,phenix,torchref,2FFF,torchref,0.235,0.245942
r_work,phenix,torchref,2FH9,phenix,0.3245,0.336208
r_work,phenix,torchref,2FH9,refmac,0.3427,0.351026
r_work,phenix,torchref,2FH9,torchref,0.3513,0.361374
r_work,phenix,torchref,2FTX,phenix,0.3028,0.323584
r_work,phenix,torchref,2FTX,refmac,0.2922,0.311525
r_work,phenix,torchref,2FTX,torchref,0.2851,0.304514
r_work,phenix,torchref,2G9W,phenix,0.4037,0.421476
r_work,phenix,torchref,2G9W,refmac,0.3897,0.407238
r_work,phenix,torchref,2G9W,torchref,0.402,0.419571
r_work,phenix,torchref,2GA1,phenix,0.4599,0.479406
r_work,phenix,torchref,2GA1,refmac,0.4635,0.479061
r_work,phenix,torchref,2GA1,torchref,0.4897,0.498495
r_work,phenix,torchref,2GA9,phenix,0.2328,0.248609
r_work,phenix,torchref,2GA9,refmac,0.2495,0.255943
r_work,phenix,torchref,2GA9,torchref,0.2551,0.263424
r_work,phenix,torchref,2GD9,phenix,0.31,0.320926
r_work,phenix,torchref,2GD9,refmac,0.3368,0.348637
r_work,phenix,torchref,2GD9,torchref,0.3197,0.330215
r_work,phenix,torchref,2GT1,phenix,0.2947,0.3045
r_work,phenix,torchref,2GT1,refmac,0.277,0.286092
r_work,phenix,torchref,2GT1,torchref,0.2846,0.294257
r_work,phenix,torchref,2GUH,phenix,0.3447,0.361189
r_work,phenix,torchref,2GUH,refmac,0.3438,0.358767
r_work,phenix,torchref,2GUH,torchref,0.3412,0.35694
r_work,phenix,torchref,2HXW,phenix,0.2829,0.29423
r_work,phenix,torchref,2HXW,refmac,0.2757,0.285767
r_work,phenix,torchref,2HXW,torchref,0.2705,0.27934
r_work,phenix,torchref,2I53,phenix,0.2384,0.264135
r_work,phenix,torchref,2I53,refmac,0.2313,0.254817
r_work,phenix,torchref,2I53,torchref,0.2285,0.250861
r_work,phenix,torchref,2I7H,phenix,0.2609,0.27111
r_work,phenix,torchref,2I7H,refmac,0.257,0.263433
r_work,phenix,torchref,2I7H,torchref,0.2605,0.266164
r_work,phenix,torchref,2IJE,phenix,0.2608,0.270338
r_work,phenix,torchref,2IJE,refmac,0.2575,0.26575
r_work,phenix,torchref,2IJE,torchref,0.2618,0.270431
r_work,phenix,torchref,2IO7,phenix,0.2052,0.228982
r_work,phenix,torchref,2IO7,refmac,0.2109,0.231923
r_work,phenix,torchref,2IO7,torchref,0.2239,0.239001
r_work,phenix,torchref,2IUC,phenix,0.2252,0.238256
r_work,phenix,torchref,2IUC,refmac,0.2311,0.240942
r_work,phenix,torchref,2IUC,torchref,0.2296,0.23974
r_work,phenix,torchref,2IVF,phenix,0.292,0.299215
r_work,phenix,torchref,2IVF,refmac,0.3065,0.311687
r_work,phenix,torchref,2IVF,torchref,0.2867,0.292277
r_work,phenix,torchref,2IVM,phenix,0.1982,0.200833
r_work,phenix,torchref,2IVM,refmac,0.26,0.260767
r_work,phenix,torchref,2IVM,torchref,0.1984,0.207372
r_work,phenix,torchref,2JAC,phenix,0.2476,0.253952
r_work,phenix,torchref,2JAC,refmac,0.2444,0.248417
r_work,phenix,torchref,2JAC,torchref,0.2421,0.247902
r_work,phenix,torchref,2JBV,refmac,0.2468,0.253214
r_work,phenix,torchref,2JBV,torchref,0.246,0.252214
r_work,phenix,torchref,2JFN,phenix,0.2608,0.27221
r_work,phenix,torchref,2JFN,refmac,0.2534,0.264611
r_work,phenix,torchref,2JFN,torchref,0.251,0.260355
r_work,phenix,torchref,2JH3,phenix,0.2568,0.267413
r_work,phenix,torchref,2JH3,refmac,0.2568,0.265955
r_work,phenix,torchref,2JH3,torchref,0.2587,0.266784
r_work,phenix,torchref,2NLY,phenix,0.208,0.220016
r_work,phenix,torchref,2NLY,refmac,0.2117,0.217856
r_work,phenix,torchref,2NLY,torchref,0.2209,0.228102
r_work,phenix,torchref,2NN4,phenix,0.2562,0.276296
r_work,phenix,torchref,2NN4,refmac,0.2551,0.271554
r_work,phenix,torchref,2NN4,torchref,0.2506,0.265265
r_work,phenix,torchref,2NTX,phenix,0.3435,0.354163
r_work,phenix,torchref,2NTX,refmac,0.3378,0.34819
r_work,phenix,torchref,2NTX,torchref,0.3455,0.356259
r_work,phenix,torchref,2NVN,phenix,0.2993,0.316412
r_work,phenix,torchref,2NVN,refmac,0.2756,0.282999
r_work,phenix,torchref,2NVN,torchref,0.3018,0.309384
r_work,phenix,torchref,2OD8,phenix,0.3135,0.33634
r_work,phenix,torchref,2OD8,refmac,0.278,0.300574
r_work,phenix,torchref,2OD8,torchref,0.2843,0.304881
r_work,phenix,torchref,2OO2,phenix,0.2414,0.254414
r_work,phenix,torchref,2OO2,refmac,0.2293,0.239893
r_work,phenix,torchref,2OO2,torchref,0.235,0.244095
r_work,phenix,torchref,2OO3,phenix,0.2061,0.21836
r_work,phenix,torchref,2OO3,refmac,0.2119,0.220094
r_work,phenix,torchref,2OO3,torchref,0.2093,0.210773
r_work,phenix,torchref,2P0U,phenix,0.2235,0.228786
r_work,phenix,torchref,2P0U,refmac,0.2223,0.227027
r_work,phenix,torchref,2P0U,torchref,0.2197,0.224467
r_work,phenix,torchref,2P1L,phenix,0.2886,0.302996
r_work,phenix,torchref,2P1L,refmac,0.2739,0.282204
r_work,phenix,torchref,2P1L,torchref,0.2834,0.292136
r_work,phenix,torchref,2P38,phenix,0.3152,0.341977
r_work,phenix,torchref,2P38,refmac,0.3048,0.33204
r_work,phenix,torchref,2P38,torchref,0.3058,0.331869
r_work,phenix,torchref,2P62,phenix,0.2654,0.277448
r_work,phenix,torchref,2P62,refmac,0.251,0.261307
r_work,phenix,torchref,2P62,torchref,0.2514,0.260818
r_work,phenix,torchref,2P8J,phenix,0.2821,0.310028
r_work,phenix,torchref,2P8J,refmac,0.2776,0.302961
r_work,phenix,torchref,2P8J,torchref,0.2788,0.303528
r_work,phenix,torchref,2P8Q,phenix,0.3034,0.316491
r_work,phenix,torchref,2P8Q,refmac,0.3275,0.337664
r_work,phenix,torchref,2P8Q,torchref,0.3273,0.338123
r_work,phenix,torchref,2PAV,phenix,0.2768,0.286232
r_work,phenix,torchref,2PAV,refmac,0.2798,0.288199
r_work,phenix,torchref,2PAV,torchref,0.2706,0.279003
r_work,phenix,torchref,2PJS,phenix,0.2686,0.278495
r_work,phenix,torchref,2PJS,refmac,0.2624,0.271038
r_work,phenix,torchref,2PJS,torchref,0.2622,0.27006
r_work,phenix,torchref,2PK9,phenix,0.3012,0.313037
r_work,phenix,torchref,2PK9,refmac,0.294,0.304116
r_work,phenix,torchref,2PK9,torchref,0.3123,0.323542
r_work,phenix,torchref,2PN0,phenix,0.37,0.385414
r_work,phenix,torchref,2PN0,refmac,0.3625,0.376228
r_work,phenix,torchref,2PN0,torchref,0.3648,0.379112
r_work,phenix,torchref,2PQN,phenix,0.3847,0.411161
r_work,phenix,torchref,2PQN,refmac,0.3327,0.347776
r_work,phenix,torchref,2PQN,torchref,0.3297,0.34571
r_work,phenix,torchref,2PQV,phenix,0.2765,0.290252
r_work,phenix,torchref,2PQV,refmac,0.2729,0.285032
r_work,phenix,torchref,2PQV,torchref,0.2652,0.275939
r_work,phenix,torchref,2PY2,phenix,0.2605,0.266406
r_work,phenix,torchref,2PY2,refmac,0.2628,0.268613
r_work,phenix,torchref,2PY2,torchref,0.2536,0.259479
r_work,phenix,torchref,2Q1Z,phenix,0.4242,0.453177
r_work,phenix,torchref,2Q1Z,refmac,0.3918,0.413973
r_work,phenix,torchref,2Q1Z,torchref,0.435,0.457774
r_work,phenix,torchref,2QCO,phenix,0.2786,0.301406
r_work,phenix,torchref,2QCO,refmac,0.3038,0.323374
r_work,phenix,torchref,2QCO,torchref,0.295,0.309908
r_work,phenix,torchref,2QE9,phenix,0.3305,0.340194
r_work,phenix,torchref,2QE9,refmac,0.3179,0.326658
r_work,phenix,torchref,2QE9,torchref,0.3243,0.333441
r_work,phenix,torchref,2QH9,phenix,0.2848,0.30367
r_work,phenix,torchref,2QH9,refmac,0.2772,0.293887
r_work,phenix,torchref,2QH9,torchref,0.2767,0.29282
r_work,phenix,torchref,2QHL,phenix,0.2683,0.279218
r_work,phenix,torchref,2QHL,refmac,0.2773,0.287957
r_work,phenix,torchref,2QHL,torchref,0.2634,0.273749
r_work,phenix,torchref,2QKL,phenix,0.3148,0.31875
r_work,phenix,torchref,2QKL,refmac,0.3397,0.340922
r_work,phenix,torchref,2QKL,torchref,0.3075,0.302339
r_work,phenix,torchref,2QL3,phenix,0.2661,0.279057
r_work,phenix,torchref,2QL3,refmac,0.2663,0.278508
r_work,phenix,torchref,2QL3,torchref,0.2653,0.276765
r_work,phenix,torchref,2QM7,phenix,0.2961,0.320699
r_work,phenix,torchref,2QM7,refmac,0.2948,0.316862
r_work,phenix,torchref,2QM7,torchref,0.2865,0.308521
r_work,phenix,torchref,2QML,phenix,0.3191,0.331557
r_work,phenix,torchref,2QML,refmac,0.3137,0.325425
r_work,phenix,torchref,2QML,torchref,0.3144,0.32522
r_work,phenix,torchref,2QOS,phenix,0.3028,0.312644
r_work,phenix,torchref,2QOS,refmac,0.3066,0.314174
r_work,phenix,torchref,2QOS,torchref,0.2964,0.304022
r_work,phenix,torchref,2QSV,phenix,0.2895,0.30386
r_work,phenix,torchref,2QSV,refmac,0.2792,0.291992
r_work,phenix,torchref,2QSV,torchref,0.2829,0.294154
r_work,phenix,torchref,2QYA,phenix,0.2931,0.303587
r_work,phenix,torchref,2QYA,refmac,0.2882,0.2972
r_work,phenix,torchref,2QYA,torchref,0.3059,0.314002
r_work,phenix,torchref,2R5F,phenix,0.282,0.294417
r_work,phenix,torchref,2R5F,refmac,0.2787,0.286695
r_work,phenix,torchref,2R5F,torchref,0.2752,0.283097
r_work,phenix,torchref,2R6R,phenix,0.2595,0.267369
r_work,phenix,torchref,2R6R,refmac,0.2604,0.267689
r_work,phenix,torchref,2R6R,torchref,0.2567,0.262304
r_work,phenix,torchref,2RCC,phenix,0.2934,0.309712
r_work,phenix,torchref,2RCC,refmac,0.2985,0.314357
r_work,phenix,torchref,2RCC,torchref,0.2913,0.305958
r_work,phenix,torchref,2RH3,phenix,0.2316,0.259526
r_work,phenix,torchref,2RH3,refmac,0.2333,0.259995
r_work,phenix,torchref,2RH3,torchref,0.2316,0.255143
r_work,phenix,torchref,2UZ8,refmac,0.2738,0.282722
r_work,phenix,torchref,2UZ8,torchref,0.2701,0.277993
r_work,phenix,torchref,2V62,phenix,0.2562,0.283323
r_work,phenix,torchref,2V62,refmac,0.2506,0.254016
r_work,phenix,torchref,2V62,torchref,0.2499,0.250663
r_work,phenix,torchref,2VEF,phenix,0.2821,0.285822
r_work,phenix,torchref,2VEF,refmac,0.2796,0.282495
r_work,phenix,torchref,2VEF,torchref,0.2766,0.280444
r_work,phenix,torchref,2VUN,phenix,0.231,0.236437
r_work,phenix,torchref,2VUN,refmac,0.2284,0.232803
r_work,phenix,torchref,2VUN,torchref,0.2241,0.228073
r_work,phenix,torchref,2VZB,phenix,0.2237,0.238349
r_work,phenix,torchref,2VZB,refmac,0.2254,0.236233
r_work,phenix,torchref,2VZB,torchref,0.235,0.247387
r_work,phenix,torchref,2W3X,phenix,0.2508,0.259915
r_work,phenix,torchref,2W3X,refmac,0.241,0.247449
r_work,phenix,torchref,2W3X,torchref,0.2381,0.245292
r_work,phenix,torchref,2W9Y,phenix,0.2794,0.284695
r_work,phenix,torchref,2W9Y,refmac,0.2835,0.287433
r_work,phenix,torchref,2W9Y,torchref,0.2736,0.278379
r_work,phenix,torchref,2WDZ,phenix,0.234,0.240855
r_work,phenix,torchref,2WDZ,refmac,0.2411,0.247346
r_work,phenix,torchref,2WDZ,torchref,0.2329,0.238891
r_work,phenix,torchref,2WNH,phenix,0.2442,0.25177
r_work,phenix,torchref,2WNH,refmac,0.2414,0.248127
r_work,phenix,torchref,2WNH,torchref,0.237,0.244273
r_work,phenix,torchref,2WP1,phenix,0.4619,0.51903
r_work,phenix,torchref,2WP1,refmac,0.453,0.506026
r_work,phenix,torchref,2WP1,torchref,0.4505,0.504468
r_work,phenix,torchref,2X1C,phenix,0.2214,0.240907
r_work,phenix,torchref,2X1C,refmac,0.2149,0.233746
r_work,phenix,torchref,2X1C,torchref,0.2146,0.231309
r_work,phenix,torchref,2X26,phenix,0.4108,0.423223
r_work,phenix,torchref,2X26,refmac,0.4252,0.438102
r_work,phenix,torchref,2X26,torchref,0.4206,0.433339
r_work,phenix,torchref,2XD0,phenix,0.3807,0.393673
r_work,phenix,torchref,2XD0,refmac,0.3868,0.395104
r_work,phenix,torchref,2XD0,torchref,0.4226,0.425279
r_work,phenix,torchref,2XDO,phenix,0.2425,0.253644
r_work,phenix,torchref,2XDO,refmac,0.2575,0.266862
r_work,phenix,torchref,2XDO,torchref,0.2466,0.252848
r_work,phenix,torchref,2XN4,phenix,0.2863,0.294202
r_work,phenix,torchref,2XN4,refmac,0.3016,0.309408
r_work,phenix,torchref,2XN4,torchref,0.3713,0.347598
r_work,phenix,torchref,2XPI,phenix,0.2229,0.23127
r_work,phenix,torchref,2XPI,refmac,0.2439,0.249152
r_work,phenix,torchref,2XPI,torchref,0.2464,0.250256
r_work,phenix,torchref,2XPL,phenix,0.2454,0.273333
r_work,phenix,torchref,2XPL,refmac,0.2501,0.27286
r_work,phenix,torchref,2XPL,torchref,0.2568,0.279285
r_work,phenix,torchref,2XVS,phenix,0.3494,0.353871
r_work,phenix,torchref,2XVS,refmac,0.3637,0.36651
r_work,phenix,torchref,2XVS,torchref,0.3512,0.357039
r_work,phenix,torchref,2Y9W,phenix,0.2687,0.27335
r_work,phenix,torchref,2Y9W,refmac,0.2705,0.273564
r_work,phenix,torchref,2Y9W,torchref,0.2755,0.278034
r_work,phenix,torchref,2YEU,phenix,0.3531,0.360733
r_work,phenix,torchref,2YEU,refmac,0.3502,0.358161
r_work,phenix,torchref,2YEU,torchref,0.3553,0.361507
r_work,phenix,torchref,2YFA,phenix,0.3393,0.34819
r_work,phenix,torchref,2YFA,refmac,0.3688,0.378063
r_work,phenix,torchref,2YFA,torchref,0.3377,0.345521
r_work,phenix,torchref,2YGB,phenix,0.2453,0.261847
r_work,phenix,torchref,2YGB,refmac,0.3443,0.367747
r_work,phenix,torchref,2YGB,torchref,0.2652,0.278487
r_work,phenix,torchref,2YGK,phenix,0.3109,0.323195
r_work,phenix,torchref,2YGK,refmac,0.3019,0.310476
r_work,phenix,torchref,2YGK,torchref,0.3212,0.329581
r_work,phenix,torchref,2YJT,phenix,0.1902,0.207668
r_work,phenix,torchref,2YJT,refmac,0.2172,0.226231
r_work,phenix,torchref,2YJT,torchref,0.2762,0.271463
r_work,phenix,torchref,2YN0,phenix,0.2513,0.258045
r_work,phenix,torchref,2YN0,refmac,0.2524,0.258997
r_work,phenix,torchref,2YN0,torchref,0.2432,0.249875
r_work,phenix,torchref,2Z1D,phenix,0.2393,0.251317
r_work,phenix,torchref,2Z1D,refmac,0.2378,0.249668
r_work,phenix,torchref,2Z1D,torchref,0.2374,0.248673
r_work,phenix,torchref,2Z1Z,phenix,0.2051,0.222622
r_work,phenix,torchref,2Z1Z,refmac,0.2051,0.219943
r_work,phenix,torchref,2Z1Z,torchref,0.2111,0.222036
r_work,phenix,torchref,2Z7E,phenix,0.3193,0.339279
r_work,phenix,torchref,2Z7E,refmac,0.3056,0.321559
r_work,phenix,torchref,2Z7E,torchref,0.3229,0.343462
r_work,phenix,torchref,2ZIU,phenix,0.4657,0.487396
r_work,phenix,torchref,2ZIU,refmac,0.4661,0.484327
r_work,phenix,torchref,2ZIU,torchref,0.4606,0.482394
r_work,phenix,torchref,2ZME,phenix,0.3002,0.321055
r_work,phenix,torchref,2ZME,refmac,0.2817,0.293004
r_work,phenix,torchref,2ZME,torchref,0.3116,0.32589
r_work,phenix,torchref,2ZON,phenix,0.2392,0.246391
r_work,phenix,torchref,2ZON,refmac,0.2369,0.244004
r_work,phenix,torchref,2ZON,torchref,0.2347,0.240641
r_work,phenix,torchref,2ZUL,phenix,0.2548,0.262109
r_work,phenix,torchref,2ZUL,refmac,0.2549,0.261591
r_work,phenix,torchref,2ZUL,torchref,0.2616,0.266696
r_work,phenix,torchref,3A58,phenix,0.3257,0.332284
r_work,phenix,torchref,3A58,refmac,0.3119,0.319598
r_work,phenix,torchref,3A58,torchref,0.3393,0.344715
r_work,phenix,torchref,3ADO,phenix,0.2312,0.241539
r_work,phenix,torchref,3ADO,refmac,0.229,0.239382
r_work,phenix,torchref,3ADO,torchref,0.2249,0.23582
r_work,phenix,torchref,3AJW,refmac,0.3515,0.37144
r_work,phenix,torchref,3AJW,torchref,0.3959,0.40365
r_work,phenix,torchref,3AMH,phenix,0.1977,0.207697
r_work,phenix,torchref,3AMH,refmac,0.1943,0.202998
r_work,phenix,torchref,3AMH,torchref,0.1946,0.202093
r_work,phenix,torchref,3AQG,phenix,0.2239,0.239461
r_work,phenix,torchref,3AQG,refmac,0.2387,0.247666
r_work,phenix,torchref,3AQG,torchref,0.2662,0.272923
r_work,phenix,torchref,3ATQ,phenix,0.2455,0.274583
r_work,phenix,torchref,3ATQ,refmac,0.2383,0.263688
r_work,phenix,torchref,3ATQ,torchref,0.2389,0.26396
r_work,phenix,torchref,3AV4,phenix,0.2936,0.311699
r_work,phenix,torchref,3AV4,refmac,0.2963,0.310108
r_work,phenix,torchref,3AV4,torchref,0.3215,0.336181
r_work,phenix,torchref,3B23,refmac,0.4508,0.486552
r_work,phenix,torchref,3B23,torchref,0.5173,0.547432
r_work,phenix,torchref,3B2D,phenix,0.2285,0.241223
r_work,phenix,torchref,3B2D,refmac,0.2694,0.276749
r_work,phenix,torchref,3B2D,torchref,0.2904,0.298414
r_work,phenix,torchref,3B8I,phenix,0.2675,0.278781
r_work,phenix,torchref,3B8I,refmac,0.2607,0.271548
r_work,phenix,torchref,3B8I,torchref,0.2593,0.268122
r_work,phenix,torchref,3BCI,phenix,0.2464,0.25962
r_work,phenix,torchref,3BCI,refmac,0.2394,0.252028
r_work,phenix,torchref,3BCI,torchref,0.2371,0.246149
r_work,phenix,torchref,3BGU,phenix,0.3295,0.343912
r_work,phenix,torchref,3BGU,refmac,0.3269,0.340759
r_work,phenix,torchref,3BGU,torchref,0.3206,0.332683
r_work,phenix,torchref,3BJ6,phenix,0.3257,0.335129
r_work,phenix,torchref,3BJ6,refmac,0.3293,0.338036
r_work,phenix,torchref,3BJ6,torchref,0.3328,0.340326
r_work,phenix,torchref,3BNK,phenix,0.2399,0.25267
r_work,phenix,torchref,3BNK,refmac,0.2386,0.248723
r_work,phenix,torchref,3BNK,torchref,0.2383,0.246484
r_work,phenix,torchref,3BSD,phenix,0.3389,0.348063
r_work,phenix,torchref,3BSD,refmac,0.3287,0.338374
r_work,phenix,torchref,3BVQ,phenix,0.2929,0.328839
r_work,phenix,torchref,3BVQ,refmac,0.3187,0.343121
r_work,phenix,torchref,3BVQ,torchref,0.3283,0.354884
r_work,phenix,torchref,3C7J,phenix,0.4989,0.516201
r_work,phenix,torchref,3C7J,refmac,0.4918,0.510657
r_work,phenix,torchref,3C7J,torchref,0.5214,0.531946
r_work,phenix,torchref,3CAX,phenix,0.2265,0.238915
r_work,phenix,torchref,3CAX,refmac,0.2215,0.228436
r_work,phenix,torchref,3CAX,torchref,0.2236,0.227993
r_work,phenix,torchref,3CB0,phenix,0.2585,0.269661
r_work,phenix,torchref,3CB0,refmac,0.2583,0.268665
r_work,phenix,torchref,3CB0,torchref,0.2497,0.259577
r_work,phenix,torchref,3CB5,phenix,0.2627,0.272959
r_work,phenix,torchref,3CB5,refmac,0.2677,0.275056
r_work,phenix,torchref,3CB5,torchref,0.266,0.271515
r_work,phenix,torchref,3CBM,phenix,0.2724,0.289973
r_work,phenix,torchref,3CBM,refmac,0.2656,0.282193
r_work,phenix,torchref,3CBM,torchref,0.2533,0.269592
r_work,phenix,torchref,3CGG,phenix,0.2847,0.294567
r_work,phenix,torchref,3CGG,refmac,0.2796,0.28929
r_work,phenix,torchref,3CGG,torchref,0.2822,0.291213
r_work,phenix,torchref,3CMQ,phenix,0.222,0.231398
r_work,phenix,torchref,3CMQ,refmac,0.2152,0.222775
r_work,phenix,torchref,3CMQ,torchref,0.2258,0.230856
r_work,phenix,torchref,3CQO,phenix,0.2197,0.228386
r_work,phenix,torchref,3CQO,refmac,0.2239,0.231831
r_work,phenix,torchref,3CQO,torchref,0.2289,0.234856
r_work,phenix,torchref,3CU3,phenix,0.3441,0.353435
r_work,phenix,torchref,3CU3,refmac,0.3496,0.356145
r_work,phenix,torchref,3CU3,torchref,0.4146,0.432406
r_work,phenix,torchref,3CXM,phenix,0.255,0.275403
r_work,phenix,torchref,3CXM,refmac,0.245,0.264963
r_work,phenix,torchref,3CXM,torchref,0.2428,0.260227
r_work,phenix,torchref,3D1M,phenix,0.2779,0.291045
r_work,phenix,torchref,3D1M,refmac,0.2757,0.286826
r_work,phenix,torchref,3D1M,torchref,0.2706,0.281573
r_work,phenix,torchref,3D49,phenix,0.3819,0.409274
r_work,phenix,torchref,3D49,refmac,0.3825,0.411056
r_work,phenix,torchref,3D49,torchref,0.3572,0.384417
r_work,phenix,torchref,3DEE,phenix,0.3331,0.349178
r_work,phenix,torchref,3DEE,refmac,0.3428,0.355015
r_work,phenix,torchref,3DEE,torchref,0.3515,0.364682
r_work,phenix,torchref,3DIW,phenix,0.4432,0.463478
r_work,phenix,torchref,3DIW,refmac,0.3437,0.356071
r_work,phenix,torchref,3DIW,torchref,0.3802,0.380914
r_work,phenix,torchref,3DJD,phenix,0.2626,0.272574
r_work,phenix,torchref,3DJD,refmac,0.2594,0.268751
r_work,phenix,torchref,3DJD,torchref,0.2562,0.263962
r_work,phenix,torchref,3DJN,phenix,0.2361,0.247461
r_work,phenix,torchref,3DJN,refmac,0.2322,0.239254
r_work,phenix,torchref,3DJN,torchref,0.2355,0.244287
r_work,phenix,torchref,3DLA,phenix,0.2081,0.260409
r_work,phenix,torchref,3DLA,refmac,0.2108,0.25521
r_work,phenix,torchref,3DLA,torchref,0.2126,0.257757
r_work,phenix,torchref,3DOH,refmac,0.2194,0.232309
r_work,phenix,torchref,3DOH,torchref,0.2325,0.243815
r_work,phenix,torchref,3DXI,phenix,0.2866,0.293486
r_work,phenix,torchref,3DXI,refmac,0.2931,0.300542
r_work,phenix,torchref,3DXI,torchref,0.2923,0.297159
r_work,phenix,torchref,3E7P,phenix,0.254,0.261817
r_work,phenix,torchref,3E7P,refmac,0.2434,0.248998
r_work,phenix,torchref,3E7P,torchref,0.2437,0.250102
r_work,phenix,torchref,3E8S,phenix,0.2807,0.303201
r_work,phenix,torchref,3E8S,refmac,0.267,0.287186
r_work,phenix,torchref,3E8S,torchref,0.2694,0.288295
r_work,phenix,torchref,3E8V,phenix,0.2388,0.254361
r_work,phenix,torchref,3E8V,refmac,0.298,0.308072
r_work,phenix,torchref,3E8V,torchref,0.2617,0.270135
r_work,phenix,torchref,3e+98,phenix,0.3371,0.3477
r_work,phenix,torchref,3e+98,refmac,0.3494,0.356267
r_work,phenix,torchref,3e+98,torchref,0.3774,0.38416
r_work,phenix,torchref,3e+99,phenix,0.3103,0.330551
r_work,phenix,torchref,3e+99,refmac,0.3053,0.325812
r_work,phenix,torchref,3e+99,torchref,0.3095,0.326258
r_work,phenix,torchref,3EC1,phenix,0.3295,0.362821
r_work,phenix,torchref,3EC1,refmac,0.3784,0.415486
r_work,phenix,torchref,3EC1,torchref,0.3364,0.379207
r_work,phenix,torchref,3ED4,phenix,0.2937,0.332515
r_work,phenix,torchref,3ED4,refmac,0.2908,0.298019
r_work,phenix,torchref,3ED4,torchref,0.2876,0.294376
r_work,phenix,torchref,3EFY,phenix,0.2832,0.30483
r_work,phenix,torchref,3EFY,refmac,0.2813,0.30049
r_work,phenix,torchref,3EFY,torchref,0.2721,0.29119
r_work,phenix,torchref,3ER7,refmac,0.2986,0.307958
r_work,phenix,torchref,3ER7,torchref,0.2908,0.299426
r_work,phenix,torchref,3EUS,phenix,0.2662,0.276382
r_work,phenix,torchref,3EUS,refmac,0.2537,0.260054
r_work,phenix,torchref,3EUS,torchref,0.2576,0.263634
r_work,phenix,torchref,3FBI,phenix,0.324,0.336578
r_work,phenix,torchref,3FBI,refmac,0.2957,0.300912
r_work,phenix,torchref,3FBI,torchref,0.3095,0.314953
r_work,phenix,torchref,3FJU,phenix,0.2942,0.300155
r_work,phenix,torchref,3FJU,refmac,0.3,0.305961
r_work,phenix,torchref,3FJU,torchref,0.2929,0.297658
r_work,phenix,torchref,3FKK,phenix,0.232,0.242445
r_work,phenix,torchref,3FKK,refmac,0.234,0.244522
r_work,phenix,torchref,3FKK,torchref,0.2306,0.240688
r_work,phenix,torchref,3FPR,phenix,0.2972,0.326155
r_work,phenix,torchref,3FPR,refmac,0.2645,0.289734
r_work,phenix,torchref,3FPR,torchref,0.2683,0.293977
r_work,phenix,torchref,3FVE,phenix,0.2555,0.261925
r_work,phenix,torchref,3FVE,refmac,0.2512,0.25272
r_work,phenix,torchref,3FVE,torchref,0.2658,0.264465
r_work,phenix,torchref,3FVV,refmac,0.2393,0.253065
r_work,phenix,torchref,3FVV,torchref,0.2552,0.26389
r_work,phenix,torchref,3G39,phenix,0.2343,0.25079
r_work,phenix,torchref,3G39,refmac,0.2282,0.243892
r_work,phenix,torchref,3G39,torchref,0.2289,0.243879
r_work,phenix,torchref,3G3O,phenix,0.2558,0.262152
r_work,phenix,torchref,3G3O,refmac,0.2487,0.255218
r_work,phenix,torchref,3G3O,torchref,0.2574,0.260117
r_work,phenix,torchref,3G6L,phenix,0.263,0.274629
r_work,phenix,torchref,3G6L,refmac,0.27,0.280233
r_work,phenix,torchref,3G6L,torchref,0.2678,0.276922
r_work,phenix,torchref,3G85,phenix,0.2938,0.317941
r_work,phenix,torchref,3G85,refmac,0.2889,0.311376
r_work,phenix,torchref,3G85,torchref,0.2888,0.310374
r_work,phenix,torchref,3GF6,phenix,0.2922,0.301836
r_work,phenix,torchref,3GF6,refmac,0.2931,0.303478
r_work,phenix,torchref,3GF6,torchref,0.2898,0.297575
r_work,phenix,torchref,3GLR,phenix,0.3141,0.357056
r_work,phenix,torchref,3GLR,refmac,0.282,0.319943
r_work,phenix,torchref,3GLR,torchref,0.2876,0.340421
r_work,phenix,torchref,3GM5,phenix,0.3015,0.316434
r_work,phenix,torchref,3GM5,refmac,0.3006,0.315535
r_work,phenix,torchref,3GM5,torchref,0.3063,0.32046
r_work,phenix,torchref,3GMV,phenix,0.266,0.384556
r_work,phenix,torchref,3GMV,refmac,0.3024,0.424963
r_work,phenix,torchref,3GMV,torchref,0.3331,0.346248
r_work,phenix,torchref,3GQU,phenix,0.3446,0.356689
r_work,phenix,torchref,3GQU,refmac,0.3335,0.343632
r_work,phenix,torchref,3GQU,torchref,0.3522,0.362539
r_work,phenix,torchref,3GR5,phenix,0.2916,0.303776
r_work,phenix,torchref,3GR5,refmac,0.2864,0.297487
r_work,phenix,torchref,3GR5,torchref,0.2883,0.300022
r_work,phenix,torchref,3GXQ,phenix,0.3748,0.401562
r_work,phenix,torchref,3GXQ,refmac,0.3709,0.394093
r_work,phenix,torchref,3GXQ,torchref,0.3713,0.399524
r_work,phenix,torchref,3H1T,phenix,0.2587,0.267011
r_work,phenix,torchref,3H1T,refmac,0.26,0.263413
r_work,phenix,torchref,3H1T,torchref,0.2666,0.271501
r_work,phenix,torchref,3H6E,phenix,0.2434,0.255542
r_work,phenix,torchref,3H6E,refmac,0.2453,0.254489
r_work,phenix,torchref,3H6E,torchref,0.2667,0.2742
r_work,phenix,torchref,3H6R,phenix,0.2382,0.251275
r_work,phenix,torchref,3H6R,refmac,0.2367,0.249053
r_work,phenix,torchref,3H6R,torchref,0.2348,0.246343
r_work,phenix,torchref,3H7O,phenix,0.2319,0.240948
r_work,phenix,torchref,3H7O,refmac,0.2351,0.24423
r_work,phenix,torchref,3H7O,torchref,0.2258,0.232136
r_work,phenix,torchref,3HBC,phenix,0.292,0.308209
r_work,phenix,torchref,3HBC,refmac,0.2799,0.294924
r_work,phenix,torchref,3HBC,torchref,0.2887,0.305592
r_work,phenix,torchref,3HHC,phenix,0.3292,0.372123
r_work,phenix,torchref,3HHC,refmac,0.3608,0.409674
r_work,phenix,torchref,3HHC,torchref,0.3586,0.398015
r_work,phenix,torchref,3HL0,phenix,0.3326,0.345047
r_work,phenix,torchref,3HL0,refmac,0.3265,0.338452
r_work,phenix,torchref,3HL0,torchref,0.3206,0.331576
r_work,phenix,torchref,3HST,phenix,0.2276,0.238669
r_work,phenix,torchref,3HST,refmac,0.2467,0.25765
r_work,phenix,torchref,3HST,torchref,0.2396,0.249906
r_work,phenix,torchref,3HTK,phenix,0.3838,0.411682
r_work,phenix,torchref,3HTK,refmac,0.3893,0.411227
r_work,phenix,torchref,3HTK,torchref,0.3772,0.400842
r_work,phenix,torchref,3HTV,phenix,0.3076,0.318873
r_work,phenix,torchref,3HTV,refmac,0.2899,0.298168
r_work,phenix,torchref,3HTV,torchref,0.2947,0.302982
r_work,phenix,torchref,3I38,phenix,0.3216,0.339921
r_work,phenix,torchref,3I38,refmac,0.3163,0.331576
r_work,phenix,torchref,3I38,torchref,0.3231,0.339067
r_work,phenix,torchref,3IC8,phenix,0.2696,0.280436
r_work,phenix,torchref,3IC8,refmac,0.2944,0.301017
r_work,phenix,torchref,3IC8,torchref,0.2976,0.306582
r_work,phenix,torchref,3IHU,phenix,0.3499,0.374508
r_work,phenix,torchref,3IHU,refmac,0.3532,0.377753
r_work,phenix,torchref,3IHU,torchref,0.351,0.376194
r_work,phenix,torchref,3IUG,phenix,0.2668,0.276825
r_work,phenix,torchref,3IUG,refmac,0.2579,0.26586
r_work,phenix,torchref,3IUG,torchref,0.2565,0.263466
r_work,phenix,torchref,3IVB,phenix,0.436,0.46432
r_work,phenix,torchref,3IVB,refmac,0.4093,0.43348
r_work,phenix,torchref,3IVB,torchref,0.3949,0.424732
r_work,phenix,torchref,3JST,phenix,0.2511,0.257793
r_work,phenix,torchref,3JST,refmac,0.2594,0.265765
r_work,phenix,torchref,3JST,torchref,0.2467,0.251404
r_work,phenix,torchref,3JWH,phenix,0.2887,0.296242
r_work,phenix,torchref,3JWH,refmac,0.2751,0.278853
r_work,phenix,torchref,3JWH,torchref,0.2977,0.303419
r_work,phenix,torchref,3K7M,phenix,0.2867,0.299299
r_work,phenix,torchref,3K7M,refmac,0.2813,0.292469
r_work,phenix,torchref,3KFW,phenix,0.3253,0.347733
r_work,phenix,torchref,3KFW,refmac,0.3161,0.335117
r_work,phenix,torchref,3KFW,torchref,0.3343,0.35554
r_work,phenix,torchref,3KGR,phenix,0.2653,0.270885
r_work,phenix,torchref,3KGR,refmac,0.2699,0.274505
r_work,phenix,torchref,3KGR,torchref,0.2607,0.264092
r_work,phenix,torchref,3KKD,phenix,0.3356,0.348451
r_work,phenix,torchref,3KKD,refmac,0.344,0.352716
r_work,phenix,torchref,3KKD,torchref,0.3431,0.353842
r_work,phenix,torchref,3KKE,phenix,0.2397,0.250954
r_work,phenix,torchref,3KKE,refmac,0.2365,0.244437
r_work,phenix,torchref,3KKE,torchref,0.2408,0.250602
r_work,phenix,torchref,3KOL,phenix,0.3133,0.335642
r_work,phenix,torchref,3KOL,refmac,0.3091,0.328978
r_work,phenix,torchref,3KOL,torchref,0.3085,0.328963
r_work,phenix,torchref,3KXR,phenix,0.3691,0.384161
r_work,phenix,torchref,3KXR,refmac,0.364,0.376416
r_work,phenix,torchref,3KXR,torchref,0.3694,0.378007
r_work,phenix,torchref,3KZP,phenix,0.3436,0.347742
r_work,phenix,torchref,3KZP,refmac,0.3599,0.362989
r_work,phenix,torchref,3KZP,torchref,0.3395,0.342881
r_work,phenix,torchref,3L1W,phenix,0.2482,0.265555
r_work,phenix,torchref,3L1W,refmac,0.2467,0.264179
r_work,phenix,torchref,3L1W,torchref,0.2432,0.25925
r_work,phenix,torchref,3L2H,phenix,0.2949,0.307394
r_work,phenix,torchref,3L2H,refmac,0.2945,0.305602
r_work,phenix,torchref,3L2H,torchref,0.2924,0.302963
r_work,phenix,torchref,3L6F,phenix,0.3081,0.319329
r_work,phenix,torchref,3L6F,refmac,0.3117,0.321814
r_work,phenix,torchref,3L6F,torchref,0.304,0.315492
r_work,phenix,torchref,3LLI,phenix,0.3135,0.333182
r_work,phenix,torchref,3LLI,refmac,0.3054,0.322534
r_work,phenix,torchref,3LLI,torchref,0.3095,0.330216
r_work,phenix,torchref,3LOC,phenix,0.2899,0.30045
r_work,phenix,torchref,3LOC,refmac,0.2772,0.285622
r_work,phenix,torchref,3LOC,torchref,0.3045,0.312079
r_work,phenix,torchref,3LS0,phenix,0.2344,0.242267
r_work,phenix,torchref,3LS0,refmac,0.2326,0.239617
r_work,phenix,torchref,3LS0,torchref,0.2321,0.241452
r_work,phenix,torchref,3LW3,phenix,0.2562,0.263493
r_work,phenix,torchref,3LW3,refmac,0.2569,0.262837
r_work,phenix,torchref,3LW3,torchref,0.252,0.258003
r_work,phenix,torchref,3M1G,phenix,0.2597,0.26929
r_work,phenix,torchref,3M1G,refmac,0.2546,0.261678
r_work,phenix,torchref,3M1T,phenix,0.3697,0.388817
r_work,phenix,torchref,3M1T,refmac,0.3668,0.385292
r_work,phenix,torchref,3M1T,torchref,0.3562,0.374108
r_work,phenix,torchref,3M91,phenix,0.5062,0.532901
r_work,phenix,torchref,3M91,refmac,0.492,0.516495
r_work,phenix,torchref,3M91,torchref,0.4841,0.507214
r_work,phenix,torchref,3MB2,phenix,0.4182,0.46643
r_work,phenix,torchref,3MB2,refmac,0.399,0.443735
r_work,phenix,torchref,3MB2,torchref,0.4234,0.468867
r_work,phenix,torchref,3MKR,phenix,0.2328,0.244657
r_work,phenix,torchref,3MKR,refmac,0.2255,0.234372
r_work,phenix,torchref,3MKR,torchref,0.2445,0.252356
r_work,phenix,torchref,3ML3,phenix,0.2889,0.301698
r_work,phenix,torchref,3ML3,refmac,0.2764,0.285823
r_work,phenix,torchref,3ML3,torchref,0.2703,0.27957
r_work,phenix,torchref,3MML,phenix,0.2682,0.282265
r_work,phenix,torchref,3MML,refmac,0.2618,0.274706
r_work,phenix,torchref,3MML,torchref,0.2761,0.289309
r_work,phenix,torchref,3MQ2,phenix,0.3034,0.32046
r_work,phenix,torchref,3MQ2,refmac,0.2945,0.310295
r_work,phenix,torchref,3MQ2,torchref,0.2992,0.315625
r_work,phenix,torchref,3MV2,phenix,0.2329,0.258704
r_work,phenix,torchref,3MV2,refmac,0.2783,0.298978
r_work,phenix,torchref,3MV2,torchref,0.2581,0.276358
r_work,phenix,torchref,3MYU,phenix,0.2525,0.265427
r_work,phenix,torchref,3MYU,refmac,0.2511,0.259962
r_work,phenix,torchref,3MYU,torchref,0.2482,0.256317
r_work,phenix,torchref,3N39,phenix,0.2258,0.238693
r_work,phenix,torchref,3N39,refmac,0.2206,0.229376
r_work,phenix,torchref,3N39,torchref,0.2336,0.241516
r_work,phenix,torchref,3N55,phenix,0.3019,0.326386
r_work,phenix,torchref,3N55,refmac,0.2977,0.319651
r_work,phenix,torchref,3N55,torchref,0.2939,0.316651
r_work,phenix,torchref,3N5L,phenix,0.2772,0.291604
r_work,phenix,torchref,3N5L,refmac,0.2742,0.287857
r_work,phenix,torchref,3N5L,torchref,0.2756,0.287696
r_work,phenix,torchref,3N74,phenix,0.221,0.230586
r_work,phenix,torchref,3N74,refmac,0.2281,0.23514
r_work,phenix,torchref,3N74,torchref,0.2263,0.232689
r_work,phenix,torchref,3N9U,phenix,0.2578,0.273002
r_work,phenix,torchref,3N9U,refmac,0.2649,0.275136
r_work,phenix,torchref,3N9U,torchref,0.2511,0.263125
r_work,phenix,torchref,3NJB,phenix,0.266,0.277714
r_work,phenix,torchref,3NJB,refmac,0.2613,0.271734
r_work,phenix,torchref,3NJE,phenix,0.2906,0.307149
r_work,phenix,torchref,3NJE,refmac,0.28,0.293813
r_work,phenix,torchref,3NJE,torchref,0.27,0.281922
r_work,phenix,torchref,3NO8,phenix,0.2599,0.274154
r_work,phenix,torchref,3NO8,refmac,0.2554,0.268716
r_work,phenix,torchref,3NO8,torchref,0.2572,0.272225
r_work,phenix,torchref,3NYY,refmac,0.2878,0.301166
r_work,phenix,torchref,3NYY,torchref,0.2861,0.296764
r_work,phenix,torchref,3OAP,phenix,0.2606,0.271291
r_work,phenix,torchref,3OAP,refmac,0.2482,0.255852
r_work,phenix,torchref,3OAP,torchref,0.2504,0.259687
r_work,phenix,torchref,3OC7,phenix,0.2357,0.237995
r_work,phenix,torchref,3OC7,refmac,0.2288,0.230472
r_work,phenix,torchref,3OC7,torchref,0.2222,0.228654
r_work,phenix,torchref,3OEC,phenix,0.2555,0.259684
r_work,phenix,torchref,3OEC,refmac,0.2619,0.265552
r_work,phenix,torchref,3OEC,torchref,0.2531,0.25569
r_work,phenix,torchref,3OFJ,phenix,0.2296,0.242572
r_work,phenix,torchref,3OFJ,refmac,0.2793,0.290898
r_work,phenix,torchref,3OFJ,torchref,0.2657,0.276772
r_work,phenix,torchref,3OOQ,phenix,0.2524,0.263592
r_work,phenix,torchref,3OOQ,refmac,0.2497,0.260877
r_work,phenix,torchref,3OOQ,torchref,0.254,0.264609
r_work,phenix,torchref,3P86,phenix,0.2443,0.252309
r_work,phenix,torchref,3P86,refmac,0.2328,0.237925
r_work,phenix,torchref,3P86,torchref,0.2526,0.256146
r_work,phenix,torchref,3PFY,phenix,0.3643,0.401875
r_work,phenix,torchref,3PFY,refmac,0.3485,0.385486
r_work,phenix,torchref,3PFY,torchref,0.3438,0.378992
r_work,phenix,torchref,3PPU,phenix,0.2212,0.230011
r_work,phenix,torchref,3PPU,refmac,0.2185,0.224788
r_work,phenix,torchref,3PPU,torchref,0.227,0.230042
r_work,phenix,torchref,3PZ8,phenix,0.2775,0.301139
r_work,phenix,torchref,3PZ8,refmac,0.263,0.27697
r_work,phenix,torchref,3PZ8,torchref,0.2852,0.302533
r_work,phenix,torchref,3QC1,phenix,0.3666,0.404719
r_work,phenix,torchref,3QC1,refmac,0.31,0.341623
r_work,phenix,torchref,3QC1,torchref,0.3623,0.394094
r_work,phenix,torchref,3QDO,refmac,0.3457,0.359613
r_work,phenix,torchref,3QDO,torchref,0.3492,0.361815
r_work,phenix,torchref,3QKL,phenix,0.2898,0.299222
r_work,phenix,torchref,3QKL,refmac,0.3077,0.316757
r_work,phenix,torchref,3QKL,torchref,0.2643,0.272606
r_work,phenix,torchref,3QLA,phenix,0.3591,0.37187
r_work,phenix,torchref,3QLA,refmac,0.3998,0.413718
r_work,phenix,torchref,3QLA,torchref,0.3501,0.359375
r_work,phenix,torchref,3QNM,phenix,0.2845,0.292843
r_work,phenix,torchref,3QNM,refmac,0.2828,0.289983
r_work,phenix,torchref,3QNM,torchref,0.2798,0.28606
r_work,phenix,torchref,3QTA,phenix,0.3386,0.347667
r_work,phenix,torchref,3QTA,refmac,0.338,0.345565
r_work,phenix,torchref,3QTA,torchref,0.3345,0.343012
r_work,phenix,torchref,3QVJ,phenix,0.2657,0.286855
r_work,phenix,torchref,3QVJ,refmac,0.2659,0.286717
r_work,phenix,torchref,3QVJ,torchref,0.2666,0.288137
r_work,phenix,torchref,3R0Q,phenix,0.2366,0.23963
r_work,phenix,torchref,3R0Q,refmac,0.2627,0.264552
r_work,phenix,torchref,3R0Q,torchref,0.2705,0.272157
r_work,phenix,torchref,3R6B,phenix,0.4872,0.488697
r_work,phenix,torchref,3R6B,refmac,0.5421,0.547172
r_work,phenix,torchref,3R6B,torchref,0.4846,0.481402
r_work,phenix,torchref,3RAZ,phenix,0.2774,0.290755
r_work,phenix,torchref,3RAZ,refmac,0.2986,0.314097
r_work,phenix,torchref,3RAZ,torchref,0.2727,0.280633
r_work,phenix,torchref,3RLE,phenix,0.4528,0.493305
r_work,phenix,torchref,3RLE,refmac,0.4559,0.49548
r_work,phenix,torchref,3RLE,torchref,0.4518,0.490263
r_work,phenix,torchref,3RQ4,phenix,0.2925,0.302256
r_work,phenix,torchref,3RQ4,refmac,0.2837,0.294069
r_work,phenix,torchref,3RQ4,torchref,0.2823,0.290683
r_work,phenix,torchref,3RST,phenix,0.2142,0.225697
r_work,phenix,torchref,3RST,refmac,0.2104,0.218056
r_work,phenix,torchref,3RST,torchref,0.2157,0.2238
r_work,phenix,torchref,3SF5,phenix,0.2073,0.216606
r_work,phenix,torchref,3SF5,refmac,0.2114,0.217869
r_work,phenix,torchref,3SF5,torchref,0.225,0.23075
r_work,phenix,torchref,3SHW,phenix,0.2252,0.257267
r_work,phenix,torchref,3SHW,refmac,0.2411,0.26415
r_work,phenix,torchref,3SHW,torchref,0.2581,0.278784
r_work,phenix,torchref,3SOL,phenix,0.2985,0.308559
r_work,phenix,torchref,3SOL,refmac,0.293,0.301123
r_work,phenix,torchref,3SOL,torchref,0.2936,0.301495
r_work,phenix,torchref,3SUZ,phenix,0.4071,0.427671
r_work,phenix,torchref,3SUZ,refmac,0.398,0.419005
r_work,phenix,torchref,3SUZ,torchref,0.4124,0.428681
r_work,phenix,torchref,3T0Q,phenix,0.2922,0.313304
r_work,phenix,torchref,3T0Q,refmac,0.3116,0.333367
r_work,phenix,torchref,3T0Q,torchref,0.2999,0.323801
r_work,phenix,torchref,3T9O,phenix,0.2492,0.254451
r_work,phenix,torchref,3T9O,refmac,0.248,0.250942
r_work,phenix,torchref,3T9O,torchref,0.2565,0.261031
r_work,phenix,torchref,3TCO,phenix,0.2421,0.251394
r_work,phenix,torchref,3TCO,refmac,0.2415,0.250915
r_work,phenix,torchref,3TCO,torchref,0.2339,0.242143
r_work,phenix,torchref,3THF,phenix,0.2805,0.293958
r_work,phenix,torchref,3THF,refmac,0.2619,0.269483
r_work,phenix,torchref,3THF,torchref,0.2934,0.303142
r_work,phenix,torchref,3TIX,phenix,0.3245,0.341035
r_work,phenix,torchref,3TIX,refmac,0.3186,0.331298
r_work,phenix,torchref,3TIX,torchref,0.3383,0.34888
r_work,phenix,torchref,3TSZ,phenix,0.2614,0.273594
r_work,phenix,torchref,3TSZ,refmac,0.2555,0.26009
r_work,phenix,torchref,3TSZ,torchref,0.2732,0.280681
r_work,phenix,torchref,3TU7,phenix,0.3379,0.37463
r_work,phenix,torchref,3TU7,refmac,0.3642,0.396971
r_work,phenix,torchref,3TU7,torchref,0.4141,0.435726
r_work,phenix,torchref,3TVA,phenix,0.2628,0.272736
r_work,phenix,torchref,3TVA,refmac,0.254,0.261287
r_work,phenix,torchref,3TVA,torchref,0.2567,0.264572
r_work,phenix,torchref,3U1D,phenix,0.3156,0.328138
r_work,phenix,torchref,3U1D,refmac,0.3081,0.319743
r_work,phenix,torchref,3U1D,torchref,0.3075,0.319068
r_work,phenix,torchref,3U2A,phenix,0.342,0.364452
r_work,phenix,torchref,3U2A,refmac,0.3356,0.355685
r_work,phenix,torchref,3U2A,torchref,0.3315,0.352521
r_work,phenix,torchref,3U66,phenix,0.3083,0.319586
r_work,phenix,torchref,3U66,refmac,0.3149,0.323395
r_work,phenix,torchref,3U66,torchref,0.3376,0.341983
r_work,phenix,torchref,3U9L,phenix,0.2611,0.275054
r_work,phenix,torchref,3U9L,refmac,0.2591,0.272669
r_work,phenix,torchref,3U9L,torchref,0.2575,0.270616
r_work,phenix,torchref,3UJ6,refmac,0.2426,0.256141
r_work,phenix,torchref,3UJ6,torchref,0.2375,0.250783
r_work,phenix,torchref,3UN9,phenix,0.335,0.351841
r_work,phenix,torchref,3UN9,refmac,0.3193,0.331636
r_work,phenix,torchref,3UN9,torchref,0.3434,0.353804
r_work,phenix,torchref,3UNG,phenix,0.2954,0.314193
r_work,phenix,torchref,3UNG,refmac,0.2654,0.27831
r_work,phenix,torchref,3UNG,torchref,0.316,0.333521
r_work,phenix,torchref,3UTN,phenix,0.2407,0.254314
r_work,phenix,torchref,3UTN,refmac,0.2523,0.263516
r_work,phenix,torchref,3UTN,torchref,0.2384,0.249036
r_work,phenix,torchref,3UVO,phenix,0.2484,0.261433
r_work,phenix,torchref,3UVO,refmac,0.2441,0.252995
r_work,phenix,torchref,3UVO,torchref,0.2499,0.261424
r_work,phenix,torchref,3V70,phenix,0.2405,0.25412
r_work,phenix,torchref,3V70,refmac,0.2324,0.243007
r_work,phenix,torchref,3V70,torchref,0.24,0.24935
r_work,phenix,torchref,3VD8,phenix,0.5175,0.569851
r_work,phenix,torchref,3VD8,refmac,0.5163,0.566664
r_work,phenix,torchref,3VD8,torchref,0.5237,0.572803
r_work,phenix,torchref,3VEP,phenix,0.5254,0.551947
r_work,phenix,torchref,3VEP,refmac,0.522,0.545654
r_work,phenix,torchref,3VEP,torchref,0.5101,0.522966
r_work,phenix,torchref,3VFO,phenix,0.3137,0.335383
r_work,phenix,torchref,3VFO,refmac,0.4316,0.458178
r_work,phenix,torchref,3VFO,torchref,0.3226,0.339761
r_work,phenix,torchref,3VFP,phenix,0.2958,0.306551
r_work,phenix,torchref,3VFP,refmac,0.4118,0.433456
r_work,phenix,torchref,3VFP,torchref,0.3612,0.356125
r_work,phenix,torchref,3VHL,phenix,0.306,0.318524
r_work,phenix,torchref,3VHL,refmac,0.3264,0.337951
r_work,phenix,torchref,3VHL,torchref,0.3215,0.335382
r_work,phenix,torchref,3VPB,phenix,0.2741,0.281021
r_work,phenix,torchref,3VPB,refmac,0.279,0.285154
r_work,phenix,torchref,3VPB,torchref,0.2664,0.270599
r_work,phenix,torchref,3VRJ,phenix,0.3517,0.362613
r_work,phenix,torchref,3VRJ,refmac,0.3519,0.362584
r_work,phenix,torchref,3VRJ,torchref,0.3557,0.366316
r_work,phenix,torchref,3VSM,phenix,0.2308,0.249885
r_work,phenix,torchref,3VSM,refmac,0.2354,0.247762
r_work,phenix,torchref,3VSM,torchref,0.2346,0.246092
r_work,phenix,torchref,3VST,phenix,0.2316,0.238936
r_work,phenix,torchref,3VST,refmac,0.2277,0.234474
r_work,phenix,torchref,3VST,torchref,0.2225,0.228993
r_work,phenix,torchref,3VUQ,phenix,0.2906,0.302799
r_work,phenix,torchref,3VUQ,refmac,0.3248,0.336578
r_work,phenix,torchref,3VUQ,torchref,0.3003,0.31138
r_work,phenix,torchref,3VYN,phenix,0.1972,0.206358
r_work,phenix,torchref,3VYN,refmac,0.201,0.208275
r_work,phenix,torchref,3VYN,torchref,0.224,0.228727
r_work,phenix,torchref,3W0L,phenix,0.2877,0.303538
r_work,phenix,torchref,3W0L,refmac,0.2909,0.307845
r_work,phenix,torchref,3W0L,torchref,0.3443,0.346074
r_work,phenix,torchref,3W3T,phenix,0.2575,0.266432
r_work,phenix,torchref,3W3T,refmac,0.2735,0.277865
r_work,phenix,torchref,3W3T,torchref,0.2841,0.288952
r_work,phenix,torchref,3W3W,phenix,0.2487,0.255592
r_work,phenix,torchref,3W3W,refmac,0.2741,0.2779
r_work,phenix,torchref,3W3W,torchref,0.2553,0.25821
r_work,phenix,torchref,3W56,phenix,0.2774,0.288799
r_work,phenix,torchref,3W56,refmac,0.2852,0.297631
r_work,phenix,torchref,3W56,torchref,0.2655,0.274599
r_work,phenix,torchref,3W8W,phenix,0.2751,0.285261
r_work,phenix,torchref,3W8W,refmac,0.2692,0.279307
r_work,phenix,torchref,3W8W,torchref,0.2691,0.277466
r_work,phenix,torchref,3WNV,phenix,0.265,0.27479
r_work,phenix,torchref,3WNV,refmac,0.2677,0.276329
r_work,phenix,torchref,3WNV,torchref,0.2578,0.264754
r_work,phenix,torchref,3WTQ,phenix,0.2961,0.325805
r_work,phenix,torchref,3WTQ,refmac,0.282,0.308423
r_work,phenix,torchref,3WTQ,torchref,0.279,0.308564
r_work,phenix,torchref,3WW1,phenix,0.2211,0.229281
r_work,phenix,torchref,3WW1,refmac,0.2204,0.226801
r_work,phenix,torchref,3WW1,torchref,0.2225,0.228314
r_work,phenix,torchref,3X0X,phenix,0.22,0.229023
r_work,phenix,torchref,3X0X,refmac,0.2167,0.224397
r_work,phenix,torchref,3X0X,torchref,0.2209,0.227307
r_work,phenix,torchref,3ZH9,phenix,0.2578,0.267543
r_work,phenix,torchref,3ZH9,refmac,0.2567,0.2642
r_work,phenix,torchref,3ZH9,torchref,0.2524,0.260363
r_work,phenix,torchref,3ZIE,phenix,0.2565,0.267771
r_work,phenix,torchref,3ZIE,refmac,0.2595,0.2717
r_work,phenix,torchref,3ZIE,torchref,0.2553,0.266786
r_work,phenix,torchref,4AK1,phenix,0.4098,0.423939
r_work,phenix,torchref,4AK1,refmac,0.4421,0.457961
r_work,phenix,torchref,4AK1,torchref,0.411,0.425627
r_work,phenix,torchref,4ALY,phenix,0.2266,0.234131
r_work,phenix,torchref,4ALY,refmac,0.228,0.236041
r_work,phenix,torchref,4ALY,torchref,0.2326,0.2375
r_work,phenix,torchref,4AOM,phenix,0.2599,0.266358
r_work,phenix,torchref,4AOM,refmac,0.2742,0.282583
r_work,phenix,torchref,4AOM,torchref,0.27,0.278902
r_work,phenix,torchref,4AUP,phenix,0.2683,0.281141
r_work,phenix,torchref,4AUP,refmac,0.2643,0.275941
r_work,phenix,torchref,4AUP,torchref,0.2616,0.273459
r_work,phenix,torchref,4B18,phenix,0.2337,0.24672
r_work,phenix,torchref,4B18,refmac,0.2662,0.274854
r_work,phenix,torchref,4B18,torchref,0.2362,0.244711
r_work,phenix,torchref,4BU1,phenix,0.3635,0.372743
r_work,phenix,torchref,4BU1,refmac,0.3932,0.406306
r_work,phenix,torchref,4BU1,torchref,0.3487,0.354432
r_work,phenix,torchref,4BVE,phenix,0.283,0.292635
r_work,phenix,torchref,4BVE,refmac,0.2808,0.288223
r_work,phenix,torchref,4BVE,torchref,0.2795,0.286812
r_work,phenix,torchref,4BX9,phenix,0.2537,0.257646
r_work,phenix,torchref,4BX9,refmac,0.2429,0.24423
r_work,phenix,torchref,4BX9,torchref,0.2714,0.272302
r_work,phenix,torchref,4C1S,phenix,0.2434,0.252479
r_work,phenix,torchref,4C1S,refmac,0.2461,0.254117
r_work,phenix,torchref,4C1S,torchref,0.2452,0.252678
r_work,phenix,torchref,4C6R,phenix,0.2829,0.29715
r_work,phenix,torchref,4C6R,refmac,0.2869,0.300038
r_work,phenix,torchref,4C6R,torchref,0.2816,0.294421
r_work,phenix,torchref,4CE5,phenix,0.2413,0.249968
r_work,phenix,torchref,4CE5,refmac,0.2411,0.24963
r_work,phenix,torchref,4CE5,torchref,0.2358,0.243797
r_work,phenix,torchref,4CGB,phenix,0.5326,0.543107
r_work,phenix,torchref,4CGB,refmac,0.5307,0.53936
r_work,phenix,torchref,4CGB,torchref,0.5249,0.536044
r_work,phenix,torchref,4CH9,phenix,0.2573,0.260632
r_work,phenix,torchref,4CH9,refmac,0.2621,0.26598
r_work,phenix,torchref,4CH9,torchref,0.244,0.247754
r_work,phenix,torchref,4CKT,phenix,0.2722,0.291272
r_work,phenix,torchref,4CKT,refmac,0.335,0.354693
r_work,phenix,torchref,4CKT,torchref,0.3909,0.406591
r_work,phenix,torchref,4CLF,phenix,0.3207,0.330933
r_work,phenix,torchref,4CLF,refmac,0.3264,0.335326
r_work,phenix,torchref,4CLF,torchref,0.3049,0.314099
r_work,phenix,torchref,4CSO,phenix,0.2161,0.224318
r_work,phenix,torchref,4CSO,refmac,0.2175,0.221386
r_work,phenix,torchref,4CSO,torchref,0.2364,0.241407
r_work,phenix,torchref,4D51,phenix,0.2795,0.285974
r_work,phenix,torchref,4D51,refmac,0.2853,0.286924
r_work,phenix,torchref,4D51,torchref,0.2684,0.268432
r_work,phenix,torchref,4DA2,phenix,0.2578,0.264928
r_work,phenix,torchref,4DA2,refmac,0.2581,0.264829
r_work,phenix,torchref,4DA2,torchref,0.2502,0.255064
r_work,phenix,torchref,4DOV,phenix,0.3422,0.387562
r_work,phenix,torchref,4DOV,refmac,0.3291,0.373366
r_work,phenix,torchref,4DOV,torchref,0.3304,0.388289
r_work,phenix,torchref,4EOY,phenix,0.3719,0.392539
r_work,phenix,torchref,4EOY,refmac,0.39,0.408901
r_work,phenix,torchref,4EOY,torchref,0.3768,0.397677
r_work,phenix,torchref,4EWI,phenix,0.3682,0.398045
r_work,phenix,torchref,4EWI,refmac,0.3535,0.372902
r_work,phenix,torchref,4EWI,torchref,0.3756,0.396371
r_work,phenix,torchref,4EX5,phenix,0.2555,0.26673
r_work,phenix,torchref,4EX5,refmac,0.2557,0.263758
r_work,phenix,torchref,4EX5,torchref,0.2497,0.257318
r_work,phenix,torchref,4F0F,phenix,0.3127,0.323524
r_work,phenix,torchref,4F0F,refmac,0.3014,0.312715
r_work,phenix,torchref,4F0F,torchref,0.2991,0.310742
r_work,phenix,torchref,4F27,phenix,0.3149,0.334162
r_work,phenix,torchref,4F27,refmac,0.2964,0.315381
r_work,phenix,torchref,4F27,torchref,0.2852,0.303259
r_work,phenix,torchref,4FC4,phenix,0.2138,0.221432
r_work,phenix,torchref,4FC4,refmac,0.2121,0.216499
r_work,phenix,torchref,4FC4,torchref,0.2146,0.219354
r_work,phenix,torchref,4FE9,phenix,0.2493,0.260698
r_work,phenix,torchref,4FE9,refmac,0.2507,0.261279
r_work,phenix,torchref,4FE9,torchref,0.247,0.256122
r_work,phenix,torchref,4FIX,phenix,0.2294,0.23973
r_work,phenix,torchref,4FIX,refmac,0.2437,0.252329
r_work,phenix,torchref,4FIX,torchref,0.239,0.246638
r_work,phenix,torchref,4FYU,phenix,0.259,0.266092
r_work,phenix,torchref,4FYU,refmac,0.2664,0.273568
r_work,phenix,torchref,4FYU,torchref,0.2662,0.272266
r_work,phenix,torchref,4G3H,phenix,0.3331,0.34073
r_work,phenix,torchref,4G3H,refmac,0.3241,0.328765
r_work,phenix,torchref,4G3H,torchref,0.3341,0.338848
r_work,phenix,torchref,4GMV,phenix,0.2456,0.271541
r_work,phenix,torchref,4GMV,refmac,0.2475,0.268609
r_work,phenix,torchref,4GMV,torchref,0.2652,0.282952
r_work,phenix,torchref,4H9D,phenix,0.3303,0.345011
r_work,phenix,torchref,4H9D,refmac,0.3264,0.330673
r_work,phenix,torchref,4H9D,torchref,0.3412,0.344459
r_work,phenix,torchref,4HIA,phenix,0.2817,0.291684
r_work,phenix,torchref,4HIA,refmac,0.2778,0.287072
r_work,phenix,torchref,4HIA,torchref,0.2877,0.297008
r_work,phenix,torchref,4HJW,phenix,0.2484,0.264827
r_work,phenix,torchref,4HJW,refmac,0.2373,0.253251
r_work,phenix,torchref,4HJW,torchref,0.2565,0.270615
r_work,phenix,torchref,4HKA,phenix,0.2747,0.306537
r_work,phenix,torchref,4HKA,refmac,0.2553,0.283777
r_work,phenix,torchref,4HKA,torchref,0.2884,0.313486
r_work,phenix,torchref,4HUJ,phenix,0.2732,0.290251
r_work,phenix,torchref,4HUJ,refmac,0.2726,0.288463
r_work,phenix,torchref,4HUJ,torchref,0.2658,0.280969
r_work,phenix,torchref,4ICH,phenix,0.2745,0.286451
r_work,phenix,torchref,4ICH,refmac,0.268,0.278931
r_work,phenix,torchref,4ICH,torchref,0.268,0.277598
r_work,phenix,torchref,4IDI,phenix,0.2865,0.296266
r_work,phenix,torchref,4IDI,refmac,0.2887,0.295612
r_work,phenix,torchref,4IDI,torchref,0.2844,0.290509
r_work,phenix,torchref,4JGX,phenix,0.2532,0.263675
r_work,phenix,torchref,4JGX,refmac,0.2419,0.250896
r_work,phenix,torchref,4JGX,torchref,0.2569,0.265364
r_work,phenix,torchref,4JHN,phenix,0.2219,0.228659
r_work,phenix,torchref,4JHN,refmac,0.216,0.222585
r_work,phenix,torchref,4JHN,torchref,0.2164,0.220467
r_work,phenix,torchref,4JLX,refmac,0.2665,0.271139
r_work,phenix,torchref,4JLX,torchref,0.2728,0.27786
r_work,phenix,torchref,4JX2,phenix,0.3068,0.31485
r_work,phenix,torchref,4JX2,refmac,0.3641,0.372075
r_work,phenix,torchref,4JX2,torchref,0.3761,0.384678
r_work,phenix,torchref,4K36,phenix,0.3105,0.341758
r_work,phenix,torchref,4K36,refmac,0.3046,0.334338
r_work,phenix,torchref,4K36,torchref,0.3039,0.332661
r_work,phenix,torchref,4KH9,phenix,0.2653,0.28712
r_work,phenix,torchref,4KH9,refmac,0.2603,0.280589
r_work,phenix,torchref,4KH9,torchref,0.267,0.283816
r_work,phenix,torchref,4KYQ,phenix,0.2704,0.279102
r_work,phenix,torchref,4KYQ,refmac,0.2557,0.26369
r_work,phenix,torchref,4KYQ,torchref,0.2592,0.266157
r_work,phenix,torchref,4L7Z,phenix,0.2906,0.297472
r_work,phenix,torchref,4L7Z,refmac,0.2802,0.284568
r_work,phenix,torchref,4L7Z,torchref,0.2933,0.295705
r_work,phenix,torchref,4L9U,phenix,0.4834,0.506421
r_work,phenix,torchref,4L9U,refmac,0.4682,0.489779
r_work,phenix,torchref,4L9U,torchref,0.5296,0.549962
r_work,phenix,torchref,4LD7,phenix,0.2389,0.24647
r_work,phenix,torchref,4LD7,refmac,0.2465,0.252866
r_work,phenix,torchref,4LD7,torchref,0.2834,0.287267
r_work,phenix,torchref,4LZ2,phenix,0.2894,0.304022
r_work,phenix,torchref,4LZ2,refmac,0.2852,0.297743
r_work,phenix,torchref,4LZ2,torchref,0.2818,0.29309
r_work,phenix,torchref,4MAA,phenix,0.2435,0.262386
r_work,phenix,torchref,4MAA,refmac,0.2381,0.255999
r_work,phenix,torchref,4MAA,torchref,0.2396,0.256668
r_work,phenix,torchref,4ME9,phenix,0.2629,0.272188
r_work,phenix,torchref,4ME9,refmac,0.2524,0.261718
r_work,phenix,torchref,4ME9,torchref,0.2901,0.29515
r_work,phenix,torchref,4MG5,phenix,0.2856,0.298749
r_work,phenix,torchref,4MG5,refmac,0.2623,0.273744
r_work,phenix,torchref,4MG5,torchref,0.2587,0.269548
r_work,phenix,torchref,4MG6,phenix,0.2727,0.287495
r_work,phenix,torchref,4MG6,refmac,0.2716,0.285633
r_work,phenix,torchref,4MG6,torchref,0.2489,0.262821
r_work,phenix,torchref,4MJG,phenix,0.2561,0.267186
r_work,phenix,torchref,4MJG,refmac,0.2532,0.257825
r_work,phenix,torchref,4MJG,torchref,0.2749,0.275882
r_work,phenix,torchref,4N39,phenix,0.346,0.349719
r_work,phenix,torchref,4N39,refmac,0.3342,0.337794
r_work,phenix,torchref,4N39,torchref,0.3149,0.316854
r_work,phenix,torchref,4N5X,phenix,0.337,0.345766
r_work,phenix,torchref,4N5X,refmac,0.3402,0.34908
r_work,phenix,torchref,4N5X,torchref,0.3524,0.360222
r_work,phenix,torchref,4NPJ,phenix,0.3193,0.341577
r_work,phenix,torchref,4NPJ,refmac,0.3334,0.354363
r_work,phenix,torchref,4NPJ,torchref,0.3303,0.350122
r_work,phenix,torchref,4NUF,phenix,0.3668,0.378041
r_work,phenix,torchref,4NUF,refmac,0.3706,0.386409
r_work,phenix,torchref,4NUF,torchref,0.3809,0.392557
r_work,phenix,torchref,4NWZ,phenix,0.2572,0.268652
r_work,phenix,torchref,4NWZ,refmac,0.2632,0.271428
r_work,phenix,torchref,4NWZ,torchref,0.2734,0.281625
r_work,phenix,torchref,4O62,phenix,0.4119,0.419979
r_work,phenix,torchref,4O62,refmac,0.4053,0.413183
r_work,phenix,torchref,4O62,torchref,0.4031,0.410047
r_work,phenix,torchref,4O92,phenix,0.4159,0.433452
r_work,phenix,torchref,4O92,refmac,0.4115,0.423488
r_work,phenix,torchref,4O92,torchref,0.4483,0.459025
r_work,phenix,torchref,4OC8,phenix,0.3821,0.419658
r_work,phenix,torchref,4OC8,refmac,0.4016,0.44044
r_work,phenix,torchref,4OC8,torchref,0.413,0.45042
r_work,phenix,torchref,4OF8,phenix,0.2681,0.280673
r_work,phenix,torchref,4OF8,refmac,0.263,0.274034
r_work,phenix,torchref,4OF8,torchref,0.2637,0.272535
r_work,phenix,torchref,4OFF,phenix,0.439,0.457492
r_work,phenix,torchref,4OFF,refmac,0.4418,0.460719
r_work,phenix,torchref,4OFF,torchref,0.4754,0.488396
r_work,phenix,torchref,4OX3,phenix,0.2777,0.281087
r_work,phenix,torchref,4OX3,refmac,0.2804,0.283598
r_work,phenix,torchref,4OX3,torchref,0.2725,0.273912
r_work,phenix,torchref,4PDE,phenix,0.214,0.222266
r_work,phenix,torchref,4PDE,refmac,0.2218,0.2257
r_work,phenix,torchref,4PDE,torchref,0.2634,0.265175
r_work,phenix,torchref,4PFS,phenix,0.2439,0.250262
r_work,phenix,torchref,4PFS,refmac,0.24,0.244626
r_work,phenix,torchref,4PFS,torchref,0.2624,0.267682
r_work,phenix,torchref,4PQZ,phenix,0.2754,0.291746
r_work,phenix,torchref,4PQZ,refmac,0.2828,0.297608
r_work,phenix,torchref,4PQZ,torchref,0.2837,0.28695
r_work,phenix,torchref,4PRA,phenix,0.2949,0.303337
r_work,phenix,torchref,4PRA,refmac,0.3752,0.392039
r_work,phenix,torchref,4PRA,torchref,0.2694,0.276983
r_work,phenix,torchref,4PSI,phenix,0.3974,0.405783
r_work,phenix,torchref,4PSI,refmac,0.374,0.378698
r_work,phenix,torchref,4PSI,torchref,0.4,0.402193
r_work,phenix,torchref,4PV4,phenix,0.2525,0.267601
r_work,phenix,torchref,4PV4,refmac,0.2648,0.280095
r_work,phenix,torchref,4PV4,torchref,0.2489,0.261178
r_work,phenix,torchref,4Q13,phenix,0.2505,0.261885
r_work,phenix,torchref,4Q13,refmac,0.2482,0.258002
r_work,phenix,torchref,4Q13,torchref,0.2744,0.27907
r_work,phenix,torchref,4Q63,phenix,0.342,0.368045
r_work,phenix,torchref,4Q63,refmac,0.3532,0.375058
r_work,phenix,torchref,4Q63,torchref,0.3571,0.380324
r_work,phenix,torchref,4QH8,phenix,0.2402,0.261011
r_work,phenix,torchref,4QH8,refmac,0.2512,0.271542
r_work,phenix,torchref,4QH8,torchref,0.2436,0.262974
r_work,phenix,torchref,4QKO,phenix,0.2922,0.302018
r_work,phenix,torchref,4QKO,refmac,0.2972,0.30537
r_work,phenix,torchref,4QKO,torchref,0.2906,0.29824
r_work,phenix,torchref,4QN8,phenix,0.2889,0.298414
r_work,phenix,torchref,4QN8,refmac,0.2857,0.295105
r_work,phenix,torchref,4QN8,torchref,0.2841,0.291633
r_work,phenix,torchref,4QQR,phenix,0.2452,0.254955
r_work,phenix,torchref,4QQR,refmac,0.2366,0.242496
r_work,phenix,torchref,4QQR,torchref,0.259,0.26492
r_work,phenix,torchref,4QTP,phenix,0.2542,0.270753
r_work,phenix,torchref,4QTP,refmac,0.2543,0.269771
r_work,phenix,torchref,4QTP,torchref,0.2524,0.267098
r_work,phenix,torchref,4QXA,phenix,0.2836,0.303681
r_work,phenix,torchref,4QXA,refmac,0.2747,0.291747
r_work,phenix,torchref,4QXA,torchref,0.2842,0.301774
r_work,phenix,torchref,4R10,phenix,0.2487,0.255663
r_work,phenix,torchref,4R10,refmac,0.2412,0.246109
r_work,phenix,torchref,4R10,torchref,0.2323,0.235487
r_work,phenix,torchref,4REV,refmac,0.3504,0.368083
r_work,phenix,torchref,4REV,torchref,0.3407,0.356981
r_work,phenix,torchref,4RHO,phenix,0.3288,0.332414
r_work,phenix,torchref,4RHO,refmac,0.3227,0.323746
r_work,phenix,torchref,4RHO,torchref,0.3412,0.339533
r_work,phenix,torchref,4RK2,phenix,0.4324,0.456108
r_work,phenix,torchref,4RK2,refmac,0.4266,0.44981
r_work,phenix,torchref,4RK2,torchref,0.4374,0.461386
r_work,phenix,torchref,4RO5,phenix,0.3833,0.39256
r_work,phenix,torchref,4RO5,refmac,0.3954,0.405363
r_work,phenix,torchref,4RO5,torchref,0.3838,0.393344
r_work,phenix,torchref,4RQM,phenix,0.3311,0.37705
r_work,phenix,torchref,4RQM,refmac,0.3205,0.360674
r_work,phenix,torchref,4RQM,torchref,0.3178,0.357184
r_work,phenix,torchref,4TWL,phenix,0.2415,0.252221
r_work,phenix,torchref,4TWL,refmac,0.2384,0.247401
r_work,phenix,torchref,4TWL,torchref,0.2444,0.251466
r_work,phenix,torchref,4U7A,phenix,0.2443,0.248538
r_work,phenix,torchref,4U7A,refmac,0.2346,0.238706
r_work,phenix,torchref,4U7A,torchref,0.2357,0.237782
r_work,phenix,torchref,4UCI,phenix,0.4493,0.46044
r_work,phenix,torchref,4UCI,refmac,0.458,0.467731
r_work,phenix,torchref,4UCI,torchref,0.4742,0.481836
r_work,phenix,torchref,4UDA,phenix,0.2723,0.276234
r_work,phenix,torchref,4UDA,refmac,0.2844,0.289175
r_work,phenix,torchref,4UDA,torchref,0.2579,0.264143
r_work,phenix,torchref,4UDP,phenix,0.2229,0.232272
r_work,phenix,torchref,4UDP,refmac,0.2277,0.234533
r_work,phenix,torchref,4UDP,torchref,0.2255,0.231912
r_work,phenix,torchref,4UWX,phenix,0.3316,0.338805
r_work,phenix,torchref,4UWX,refmac,0.3063,0.310919
r_work,phenix,torchref,4UWX,torchref,0.2891,0.294757
r_work,phenix,torchref,4UYI,phenix,0.3032,0.315104
r_work,phenix,torchref,4UYI,refmac,0.3107,0.320445
r_work,phenix,torchref,4UYI,torchref,0.2928,0.303817
r_work,phenix,torchref,4V15,phenix,0.2448,0.255903
r_work,phenix,torchref,4V15,refmac,0.239,0.249098
r_work,phenix,torchref,4V15,torchref,0.2342,0.244455
r_work,phenix,torchref,4W2R,phenix,0.2465,0.25629
r_work,phenix,torchref,4W2R,refmac,0.2395,0.242408
r_work,phenix,torchref,4W2R,torchref,0.2624,0.264982
r_work,phenix,torchref,4WAL,phenix,0.3553,0.370778
r_work,phenix,torchref,4WAL,refmac,0.3539,0.366041
r_work,phenix,torchref,4WAL,torchref,0.3454,0.35546
r_work,phenix,torchref,4WIP,phenix,0.2519,0.265809
r_work,phenix,torchref,4WIP,refmac,0.3024,0.310018
r_work,phenix,torchref,4WIP,torchref,0.2836,0.284946
r_work,phenix,torchref,4WWM,phenix,0.2676,0.283702
r_work,phenix,torchref,4WWM,refmac,0.2747,0.292088
r_work,phenix,torchref,4WWM,torchref,0.2652,0.278554
r_work,phenix,torchref,4X3E,phenix,0.2293,0.23765
r_work,phenix,torchref,4X3E,refmac,0.2442,0.25158
r_work,phenix,torchref,4X3E,torchref,0.2438,0.250059
r_work,phenix,torchref,4XLG,phenix,0.2755,0.285087
r_work,phenix,torchref,4XLG,refmac,0.2644,0.273596
r_work,phenix,torchref,4XLG,torchref,0.2623,0.26969
r_work,phenix,torchref,4ZSF,phenix,0.4229,0.447513
r_work,phenix,torchref,4ZSF,refmac,0.4142,0.439701
r_work,phenix,torchref,4ZSF,torchref,0.4244,0.448377
r_work,phenix,torchref,4ZV9,phenix,0.2527,0.264122
r_work,phenix,torchref,4ZV9,refmac,0.2723,0.283732
r_work,phenix,torchref,4ZV9,torchref,0.2528,0.261603
r_work,phenix,torchref,5A0T,phenix,0.2672,0.274948
r_work,phenix,torchref,5A0T,refmac,0.2309,0.235849
r_work,phenix,torchref,5A0T,torchref,0.2399,0.244676
r_work,phenix,torchref,5AA5,phenix,0.2584,0.268192
r_work,phenix,torchref,5AA5,refmac,0.2697,0.274815
r_work,phenix,torchref,5AA5,torchref,0.2921,0.296005
r_work,phenix,torchref,5AD0,phenix,0.2355,0.25225
r_work,phenix,torchref,5AD0,refmac,0.3061,0.320202
r_work,phenix,torchref,5AD0,torchref,0.4016,0.418413
r_work,phenix,torchref,5B5I,phenix,0.4677,0.481821
r_work,phenix,torchref,5B5I,refmac,0.4549,0.471481
r_work,phenix,torchref,5B5I,torchref,0.4619,0.474705
r_work,phenix,torchref,5B5Q,phenix,0.2478,0.25832
r_work,phenix,torchref,5B5Q,refmac,0.2515,0.260832
r_work,phenix,torchref,5B5Q,torchref,0.2461,0.253135
r_work,phenix,torchref,5BOV,phenix,0.2454,0.254726
r_work,phenix,torchref,5BOV,refmac,0.2451,0.254586
r_work,phenix,torchref,5BOV,torchref,0.2396,0.247501
r_work,phenix,torchref,5BV6,phenix,0.394,0.406034
r_work,phenix,torchref,5BV6,refmac,0.4457,0.463111
r_work,phenix,torchref,5BV6,torchref,0.4154,0.428262
r_work,phenix,torchref,5C5V,phenix,0.374,0.417989
r_work,phenix,torchref,5C5V,refmac,0.3588,0.398142
r_work,phenix,torchref,5C5V,torchref,0.3711,0.409129
r_work,phenix,torchref,5C7F,phenix,0.2903,0.296766
r_work,phenix,torchref,5C7F,refmac,0.2852,0.284913
r_work,phenix,torchref,5C7F,torchref,0.3049,0.305465
r_work,phenix,torchref,5C8H,phenix,0.3162,0.329188
r_work,phenix,torchref,5C8H,refmac,0.3076,0.316711
r_work,phenix,torchref,5C8H,torchref,0.3075,0.31784
r_work,phenix,torchref,5CVR,phenix,0.2559,0.264529
r_work,phenix,torchref,5CVR,refmac,0.2653,0.268365
r_work,phenix,torchref,5CVR,torchref,0.288,0.287405
r_work,phenix,torchref,5CX2,refmac,0.4868,0.525691
r_work,phenix,torchref,5CX2,torchref,0.5161,0.551597
r_work,phenix,torchref,5D5H,phenix,0.2079,0.222172
r_work,phenix,torchref,5D5H,refmac,0.2158,0.226699
r_work,phenix,torchref,5D5H,torchref,0.2317,0.238744
r_work,phenix,torchref,5DAY,phenix,0.3405,0.356899
r_work,phenix,torchref,5DAY,refmac,0.3248,0.340439
r_work,phenix,torchref,5DAY,torchref,0.3449,0.362944
r_work,phenix,torchref,5DBE,phenix,0.2361,0.246874
r_work,phenix,torchref,5DBE,refmac,0.2343,0.240955
r_work,phenix,torchref,5DBE,torchref,0.263,0.255577
r_work,phenix,torchref,5DRM,phenix,0.2533,0.261386
r_work,phenix,torchref,5DRM,refmac,0.2477,0.254061
r_work,phenix,torchref,5DRM,torchref,0.2458,0.249507
r_work,phenix,torchref,5000000000000000.0,phenix,0.281,0.294641
r_work,phenix,torchref,5000000000000000.0,refmac,0.2658,0.276319
r_work,phenix,torchref,5000000000000000.0,torchref,0.2697,0.279581
r_work,phenix,torchref,5EBB,phenix,0.2894,0.304508
r_work,phenix,torchref,5EBB,refmac,0.2935,0.307746
r_work,phenix,torchref,5EBB,torchref,0.2964,0.303956
r_work,phenix,torchref,5EG2,phenix,0.2569,0.278241
r_work,phenix,torchref,5EG2,refmac,0.2489,0.270669
r_work,phenix,torchref,5EG2,torchref,0.2471,0.265571
r_work,phenix,torchref,5EGE,phenix,0.2407,0.249568
r_work,phenix,torchref,5EGE,refmac,0.2441,0.253316
r_work,phenix,torchref,5EGE,torchref,0.2424,0.25013
r_work,phenix,torchref,5ETA,phenix,0.2628,0.277375
r_work,phenix,torchref,5ETA,refmac,0.2941,0.302617
r_work,phenix,torchref,5ETA,torchref,0.2853,0.294125
r_work,phenix,torchref,5G09,phenix,0.2433,0.247704
r_work,phenix,torchref,5G09,refmac,0.2387,0.242353
r_work,phenix,torchref,5G09,torchref,0.2361,0.240635
r_work,phenix,torchref,5G23,phenix,0.2615,0.267817
r_work,phenix,torchref,5G23,refmac,0.2527,0.258229
r_work,phenix,torchref,5G23,torchref,0.2523,0.256054
r_work,phenix,torchref,5G4I,phenix,0.2574,0.26275
r_work,phenix,torchref,5G4I,refmac,0.2468,0.251762
r_work,phenix,torchref,5G4I,torchref,0.2412,0.246957
r_work,phenix,torchref,5GHR,phenix,0.2938,0.299771
r_work,phenix,torchref,5GHR,refmac,0.2828,0.286635
r_work,phenix,torchref,5GHR,torchref,0.318,0.319405
r_work,phenix,torchref,5GJM,phenix,0.1951,0.225748
r_work,phenix,torchref,5GJM,refmac,0.2094,0.230751
r_work,phenix,torchref,5GJM,torchref,0.3435,0.352279
r_work,phenix,torchref,5GKV,phenix,0.2328,0.241465
r_work,phenix,torchref,5GKV,refmac,0.2329,0.240373
r_work,phenix,torchref,5GKV,torchref,0.2258,0.232088
r_work,phenix,torchref,5GOX,phenix,0.4722,0.510948
r_work,phenix,torchref,5GOX,refmac,0.5034,0.536449
r_work,phenix,torchref,5GOX,torchref,0.5049,0.547173
r_work,phenix,torchref,5GZI,phenix,0.2505,0.270557
r_work,phenix,torchref,5GZI,refmac,0.2535,0.273267
r_work,phenix,torchref,5GZI,torchref,0.2544,0.271565
r_work,phenix,torchref,5H5Y,phenix,0.3096,0.316843
r_work,phenix,torchref,5H5Y,refmac,0.3215,0.326852
r_work,phenix,torchref,5H5Y,torchref,0.3175,0.323647
r_work,phenix,torchref,5HRJ,phenix,0.2971,0.328121
r_work,phenix,torchref,5HRJ,refmac,0.3036,0.333916
r_work,phenix,torchref,5HRJ,torchref,0.2922,0.319926
r_work,phenix,torchref,5I2H,phenix,0.2762,0.297604
r_work,phenix,torchref,5I2H,refmac,0.2826,0.302338
r_work,phenix,torchref,5I2H,torchref,0.2668,0.286727
r_work,phenix,torchref,5I47,phenix,0.2567,0.269407
r_work,phenix,torchref,5I47,refmac,0.2974,0.30589
r_work,phenix,torchref,5I47,torchref,0.2929,0.296124
r_work,phenix,torchref,5I9E,phenix,0.2867,0.315447
r_work,phenix,torchref,5I9E,refmac,0.3023,0.333376
r_work,phenix,torchref,5I9E,torchref,0.319,0.340991
r_work,phenix,torchref,5IAW,phenix,0.2824,0.296207
r_work,phenix,torchref,5IAW,refmac,0.3189,0.329858
r_work,phenix,torchref,5IAW,torchref,0.3125,0.321125
r_work,phenix,torchref,5IQM,phenix,0.307,0.31759
r_work,phenix,torchref,5IQM,refmac,0.3049,0.314474
r_work,phenix,torchref,5IQM,torchref,0.2993,0.308117
r_work,phenix,torchref,5IY4,phenix,0.3328,0.351479
r_work,phenix,torchref,5IY4,refmac,0.2704,0.288109
r_work,phenix,torchref,5IY4,torchref,0.3402,0.341322
r_work,phenix,torchref,5IYX,phenix,0.2603,0.262983
r_work,phenix,torchref,5IYX,refmac,0.2484,0.24629
r_work,phenix,torchref,5IYX,torchref,0.2738,0.274657
r_work,phenix,torchref,5J0A,phenix,0.3789,0.423118
r_work,phenix,torchref,5J0A,refmac,0.3622,0.400794
r_work,phenix,torchref,5J0A,torchref,0.3931,0.433464
r_work,phenix,torchref,5J4A,phenix,0.2575,0.274414
r_work,phenix,torchref,5J4A,refmac,0.2565,0.268169
r_work,phenix,torchref,5J4A,torchref,0.2567,0.269859
r_work,phenix,torchref,5J9K,phenix,0.3199,0.333148
r_work,phenix,torchref,5J9K,refmac,0.3112,0.320536
r_work,phenix,torchref,5J9K,torchref,0.3309,0.337786
r_work,phenix,torchref,5JD9,phenix,0.2664,0.277694
r_work,phenix,torchref,5JD9,refmac,0.2632,0.274846
r_work,phenix,torchref,5JD9,torchref,0.255,0.266453
r_work,phenix,torchref,5JHO,phenix,0.2707,0.284296
r_work,phenix,torchref,5JHO,refmac,0.244,0.250563
r_work,phenix,torchref,5JHO,torchref,0.2631,0.27118
r_work,phenix,torchref,5JI5,phenix,0.233,0.241266
r_work,phenix,torchref,5JI5,refmac,0.241,0.248171
r_work,phenix,torchref,5JI5,torchref,0.2401,0.246416
r_work,phenix,torchref,5JTA,phenix,0.2162,0.227471
r_work,phenix,torchref,5JTA,refmac,0.2061,0.22112
r_work,phenix,torchref,5JTA,torchref,0.2288,0.23177
r_work,phenix,torchref,5K2X,phenix,0.3773,0.386916
r_work,phenix,torchref,5K2X,refmac,0.3768,0.386681
r_work,phenix,torchref,5K2X,torchref,0.3694,0.377469
r_work,phenix,torchref,5K6S,phenix,0.3098,0.313848
r_work,phenix,torchref,5K6S,refmac,0.2902,0.290507
r_work,phenix,torchref,5K6S,torchref,0.2805,0.283284
r_work,phenix,torchref,5LTD,phenix,0.2509,0.266412
r_work,phenix,torchref,5LTD,refmac,0.2546,0.266941
r_work,phenix,torchref,5LTD,torchref,0.2643,0.272249
r_work,phenix,torchref,5LU2,phenix,0.2817,0.289692
r_work,phenix,torchref,5LU2,refmac,0.2516,0.255826
r_work,phenix,torchref,5LU2,torchref,0.2866,0.29279
r_work,phenix,torchref,5LW0,phenix,0.2527,0.263751
r_work,phenix,torchref,5LW0,refmac,0.2447,0.254126
r_work,phenix,torchref,5LW0,torchref,0.2419,0.250218
r_work,phenix,torchref,5ME9,phenix,0.2675,0.272674
r_work,phenix,torchref,5ME9,refmac,0.2674,0.269466
r_work,phenix,torchref,5ME9,torchref,0.2868,0.287553
r_work,phenix,torchref,5MLK,phenix,0.2628,0.270509
r_work,phenix,torchref,5MLK,refmac,0.2452,0.25218
r_work,phenix,torchref,5MLK,torchref,0.2434,0.249293
r_work,phenix,torchref,5MLZ,phenix,0.3172,0.32843
r_work,phenix,torchref,5MLZ,refmac,0.3124,0.322382
r_work,phenix,torchref,5MLZ,torchref,0.3005,0.309555
r_work,phenix,torchref,5MXY,phenix,0.3423,0.370099
r_work,phenix,torchref,5MXY,refmac,0.3561,0.381242
r_work,phenix,torchref,5MXY,torchref,0.3489,0.373238
r_work,phenix,torchref,5N6H,phenix,0.2284,0.255265
r_work,phenix,torchref,5N6H,refmac,0.2284,0.242021
r_work,phenix,torchref,5N6H,torchref,0.2516,0.256272
r_work,phenix,torchref,5N8R,phenix,0.3295,0.341404
r_work,phenix,torchref,5N8R,refmac,0.3574,0.368946
r_work,phenix,torchref,5N8R,torchref,0.3348,0.346319
r_work,phenix,torchref,5NTB,phenix,0.2316,0.238835
r_work,phenix,torchref,5NTB,refmac,0.2274,0.234061
r_work,phenix,torchref,5NTB,torchref,0.2244,0.229852
r_work,phenix,torchref,5O51,refmac,0.287,0.293228
r_work,phenix,torchref,5O51,torchref,0.2747,0.279951
r_work,phenix,torchref,5O6B,phenix,0.4181,0.443565
r_work,phenix,torchref,5O6B,refmac,0.4417,0.468576
r_work,phenix,torchref,5O6B,torchref,0.4222,0.446406
r_work,phenix,torchref,5OF1,phenix,0.3348,0.358024
r_work,phenix,torchref,5OF1,refmac,0.3009,0.320448
r_work,phenix,torchref,5OF1,torchref,0.2993,0.319157
r_work,phenix,torchref,5OF9,phenix,0.2891,0.302718
r_work,phenix,torchref,5OF9,refmac,0.2822,0.293616
r_work,phenix,torchref,5OF9,torchref,0.2842,0.294789
r_work,phenix,torchref,5OMB,phenix,0.3988,0.413688
r_work,phenix,torchref,5OMB,refmac,0.3962,0.41167
r_work,phenix,torchref,5OMB,torchref,0.4059,0.419719
r_work,phenix,torchref,5OU8,phenix,0.3793,0.384126
r_work,phenix,torchref,5OU8,refmac,0.3692,0.369138
r_work,phenix,torchref,5OU8,torchref,0.3657,0.365344
r_work,phenix,torchref,5Q1D,phenix,0.392,0.416018
r_work,phenix,torchref,5Q1D,refmac,0.3729,0.394152
r_work,phenix,torchref,5Q1D,torchref,0.3666,0.388101
r_work,phenix,torchref,5Q1H,phenix,0.347,0.376281
r_work,phenix,torchref,5Q1H,refmac,0.3606,0.385203
r_work,phenix,torchref,5Q1H,torchref,0.3478,0.375782
r_work,phenix,torchref,5SVE,phenix,0.2864,0.297346
r_work,phenix,torchref,5SVE,refmac,0.2748,0.285449
r_work,phenix,torchref,5SVE,torchref,0.3235,0.33992
r_work,phenix,torchref,5T0K,phenix,0.3314,0.355548
r_work,phenix,torchref,5T0K,refmac,0.317,0.340374
r_work,phenix,torchref,5T0K,torchref,0.3245,0.343597
r_work,phenix,torchref,5T0M,phenix,0.3117,0.33741
r_work,phenix,torchref,5T0M,refmac,0.296,0.320261
r_work,phenix,torchref,5T0M,torchref,0.3077,0.325692
r_work,phenix,torchref,5T1G,phenix,0.3029,0.309643
r_work,phenix,torchref,5T1G,refmac,0.2998,0.305377
r_work,phenix,torchref,5T1G,torchref,0.2881,0.292828
r_work,phenix,torchref,5T6J,refmac,0.3045,0.323714
r_work,phenix,torchref,5T6J,torchref,0.3065,0.313087
r_work,phenix,torchref,5TDY,phenix,0.4386,0.459546
r_work,phenix,torchref,5TDY,refmac,0.4396,0.457018
r_work,phenix,torchref,5TDY,torchref,0.4424,0.455241
r_work,phenix,torchref,5TJA,phenix,0.2542,0.263439
r_work,phenix,torchref,5TJA,refmac,0.2755,0.283864
r_work,phenix,torchref,5TJA,torchref,0.2553,0.263845
r_work,phenix,torchref,5TLD,phenix,0.2472,0.255772
r_work,phenix,torchref,5TLD,refmac,0.2636,0.271255
r_work,phenix,torchref,5TLD,torchref,0.2515,0.258125
r_work,phenix,torchref,5TM9,phenix,0.2661,0.273123
r_work,phenix,torchref,5TM9,refmac,0.2482,0.252624
r_work,phenix,torchref,5TM9,torchref,0.2667,0.271893
r_work,phenix,torchref,5TTA,phenix,0.2844,0.295799
r_work,phenix,torchref,5TTA,refmac,0.2804,0.290367
r_work,phenix,torchref,5TTA,torchref,0.2776,0.286878
r_work,phenix,torchref,5TV7,phenix,0.2598,0.279715
r_work,phenix,torchref,5TV7,refmac,0.247,0.264594
r_work,phenix,torchref,5TV7,torchref,0.2547,0.270829
r_work,phenix,torchref,5U6K,phenix,0.2581,0.266336
r_work,phenix,torchref,5U6K,refmac,0.2972,0.30649
r_work,phenix,torchref,5U6K,torchref,0.2535,0.254539
r_work,phenix,torchref,5UQP,phenix,0.4566,0.482184
r_work,phenix,torchref,5UQP,refmac,0.462,0.487133
r_work,phenix,torchref,5UQP,torchref,0.4666,0.491584
r_work,phenix,torchref,5UV4,phenix,0.2486,0.256781
r_work,phenix,torchref,5UV4,refmac,0.2345,0.236525
r_work,phenix,torchref,5UV4,torchref,0.2518,0.254873
r_work,phenix,torchref,5UX5,phenix,0.2391,0.248478
r_work,phenix,torchref,5UX5,refmac,0.2479,0.254852
r_work,phenix,torchref,5UX5,torchref,0.2593,0.264903
r_work,phenix,torchref,5UXG,phenix,0.2475,0.262409
r_work,phenix,torchref,5UXG,refmac,0.2475,0.261357
r_work,phenix,torchref,5UXG,torchref,0.2439,0.25471
r_work,phenix,torchref,5UZU,phenix,0.2475,0.262127
r_work,phenix,torchref,5UZU,refmac,0.2511,0.262978
r_work,phenix,torchref,5UZU,torchref,0.2544,0.263141
r_work,phenix,torchref,5V8W,phenix,0.3149,0.327921
r_work,phenix,torchref,5V8W,refmac,0.3281,0.33955
r_work,phenix,torchref,5V8W,torchref,0.3207,0.332443
r_work,phenix,torchref,5VIA,phenix,0.2712,0.284265
r_work,phenix,torchref,5VIA,refmac,0.2734,0.286771
r_work,phenix,torchref,5VIA,torchref,0.2675,0.278689
r_work,phenix,torchref,5VLB,phenix,0.2371,0.245993
r_work,phenix,torchref,5VLB,refmac,0.2338,0.240723
r_work,phenix,torchref,5VLB,torchref,0.2427,0.249585
r_work,phenix,torchref,5VQG,phenix,0.2693,0.291086
r_work,phenix,torchref,5VQG,refmac,0.3975,0.412497
r_work,phenix,torchref,5VQG,torchref,0.3687,0.377411
r_work,phenix,torchref,5WB4,phenix,0.2896,0.296782
r_work,phenix,torchref,5WB4,refmac,0.2903,0.297051
r_work,phenix,torchref,5WB4,torchref,0.2936,0.298742
r_work,phenix,torchref,5WJQ,phenix,0.5008,0.541811
r_work,phenix,torchref,5WJQ,refmac,0.5659,0.603001
r_work,phenix,torchref,5WJQ,torchref,0.5514,0.576234
r_work,phenix,torchref,5WRR,phenix,0.3275,0.341697
r_work,phenix,torchref,5WRR,refmac,0.2895,0.306077
r_work,phenix,torchref,5WRR,torchref,0.3147,0.325661
r_work,phenix,torchref,5WWW,phenix,0.3691,0.377634
r_work,phenix,torchref,5WWW,refmac,0.3702,0.377163
r_work,phenix,torchref,5WWW,torchref,0.3585,0.363896
r_work,phenix,torchref,5X6S,phenix,0.2208,0.23139
r_work,phenix,torchref,5X6S,refmac,0.2203,0.230374
r_work,phenix,torchref,5X6S,torchref,0.2186,0.226557
r_work,phenix,torchref,5XB7,phenix,0.2339,0.241016
r_work,phenix,torchref,5XB7,refmac,0.2294,0.235805
r_work,phenix,torchref,5XG9,phenix,0.2804,0.30905
r_work,phenix,torchref,5XG9,refmac,0.2807,0.309102
r_work,phenix,torchref,5XG9,torchref,0.276,0.301713
r_work,phenix,torchref,5XHW,phenix,0.2632,0.360631
r_work,phenix,torchref,5XHW,refmac,0.262,0.35465
r_work,phenix,torchref,5XHW,torchref,0.258,0.350762
r_work,phenix,torchref,5XMZ,phenix,0.2871,0.311546
r_work,phenix,torchref,5XMZ,refmac,0.2976,0.318102
r_work,phenix,torchref,5XMZ,torchref,0.2742,0.296319
r_work,phenix,torchref,5XRW,phenix,0.2873,0.305523
r_work,phenix,torchref,5XRW,refmac,0.3668,0.383015
r_work,phenix,torchref,5XRW,torchref,0.3999,0.398265
r_work,phenix,torchref,5XUK,phenix,0.2743,0.29645
r_work,phenix,torchref,5XUK,refmac,0.3068,0.320011
r_work,phenix,torchref,5XUK,torchref,0.2753,0.289643
r_work,phenix,torchref,5XUQ,phenix,0.2439,0.251098
r_work,phenix,torchref,5XUQ,refmac,0.2842,0.292812
r_work,phenix,torchref,5XUQ,torchref,0.2743,0.278431
r_work,phenix,torchref,5XVW,phenix,0.2561,0.273199
r_work,phenix,torchref,5XVW,refmac,0.2557,0.272243
r_work,phenix,torchref,5XVW,torchref,0.2512,0.265136
r_work,phenix,torchref,5Y9I,phenix,0.2878,0.295151
r_work,phenix,torchref,5Y9I,refmac,0.2941,0.300497
r_work,phenix,torchref,5Y9I,torchref,0.2828,0.288321
r_work,phenix,torchref,5YAY,phenix,0.2952,0.311962
r_work,phenix,torchref,5YAY,refmac,0.2917,0.307132
r_work,phenix,torchref,5YAY,torchref,0.2877,0.302315
r_work,phenix,torchref,5Z6D,phenix,0.2489,0.276908
r_work,phenix,torchref,5Z6D,refmac,0.2498,0.275828
r_work,phenix,torchref,5Z6D,torchref,0.2374,0.259506
r_work,phenix,torchref,5Z6V,phenix,0.2535,0.308897
r_work,phenix,torchref,5Z6V,refmac,0.2668,0.278346
r_work,phenix,torchref,5Z6V,torchref,0.2532,0.262709
r_work,phenix,torchref,5Z8L,phenix,0.3781,0.391648
r_work,phenix,torchref,5Z8L,refmac,0.2895,0.298435
r_work,phenix,torchref,5Z8L,torchref,0.2874,0.297311
r_work,phenix,torchref,5ZOO,phenix,0.233,0.249837
r_work,phenix,torchref,5ZOO,refmac,0.2407,0.256216
r_work,phenix,torchref,5ZOO,torchref,0.236,0.250621
r_work,phenix,torchref,6A0E,phenix,0.2433,0.256804
r_work,phenix,torchref,6A0E,refmac,0.235,0.245722
r_work,phenix,torchref,6A0E,torchref,0.2387,0.24887
r_work,phenix,torchref,6A93,phenix,0.4499,0.483895
r_work,phenix,torchref,6A93,refmac,0.4888,0.53427
r_work,phenix,torchref,6A93,torchref,0.4824,0.490386
r_work,phenix,torchref,6AF3,phenix,0.4173,0.470325
r_work,phenix,torchref,6AF3,refmac,0.3975,0.407652
r_work,phenix,torchref,6AF3,torchref,0.4219,0.434209
r_work,phenix,torchref,6AGI,phenix,0.24,0.253306
r_work,phenix,torchref,6AGI,refmac,0.2488,0.258694
r_work,phenix,torchref,6AGI,torchref,0.2857,0.284593
r_work,phenix,torchref,6AL9,refmac,0.2393,0.240911
r_work,phenix,torchref,6AL9,torchref,0.2384,0.241766
r_work,phenix,torchref,6B8Q,phenix,0.4104,0.419693
r_work,phenix,torchref,6B8Q,refmac,0.4051,0.407714
r_work,phenix,torchref,6B8Q,torchref,0.4263,0.43075
r_work,phenix,torchref,6CGO,phenix,0.3537,0.375091
r_work,phenix,torchref,6CGO,refmac,0.3779,0.399267
r_work,phenix,torchref,6CGO,torchref,0.3631,0.383557
r_work,phenix,torchref,6COK,phenix,0.2378,0.262662
r_work,phenix,torchref,6COK,refmac,0.2355,0.258742
r_work,phenix,torchref,6COK,torchref,0.2312,0.252129
r_work,phenix,torchref,6CQL,phenix,0.3667,0.368965
r_work,phenix,torchref,6CQL,refmac,0.3713,0.372865
r_work,phenix,torchref,6CQL,torchref,0.3817,0.38502
r_work,phenix,torchref,6CW5,phenix,0.3249,0.347677
r_work,phenix,torchref,6CW5,refmac,0.3162,0.338101
r_work,phenix,torchref,6CW5,torchref,0.315,0.33646
r_work,phenix,torchref,6D2V,phenix,0.259,0.271973
r_work,phenix,torchref,6D2V,refmac,0.2533,0.265066
r_work,phenix,torchref,6D2V,torchref,0.2553,0.2646
r_work,phenix,torchref,6D97,phenix,0.2001,0.214876
r_work,phenix,torchref,6D97,refmac,0.196,0.208365
r_work,phenix,torchref,6D97,torchref,0.2035,0.213366
r_work,phenix,torchref,6DDT,phenix,0.2401,0.248306
r_work,phenix,torchref,6DDT,refmac,0.2457,0.252362
r_work,phenix,torchref,6DDT,torchref,0.246,0.250911
r_work,phenix,torchref,6DF3,phenix,0.2545,0.276123
r_work,phenix,torchref,6DF3,refmac,0.2469,0.26305
r_work,phenix,torchref,6DF3,torchref,0.2497,0.266389
r_work,phenix,torchref,6E0M,phenix,0.2953,0.301113
r_work,phenix,torchref,6E0M,refmac,0.293,0.29688
r_work,phenix,torchref,6E0M,torchref,0.2781,0.281845
r_work,phenix,torchref,6EC7,phenix,0.304,0.317164
r_work,phenix,torchref,6EC7,refmac,0.3487,0.360077
r_work,phenix,torchref,6EC7,torchref,0.3072,0.319933
r_work,phenix,torchref,6EUS,phenix,0.258,0.267524
r_work,phenix,torchref,6EUS,refmac,0.2565,0.264079
r_work,phenix,torchref,6EUS,torchref,0.2607,0.265778
r_work,phenix,torchref,6EWJ,phenix,0.2609,0.265082
r_work,phenix,torchref,6EWJ,refmac,0.2603,0.264042
r_work,phenix,torchref,6EWJ,torchref,0.2608,0.263322
r_work,phenix,torchref,6EYS,phenix,0.2291,0.244884
r_work,phenix,torchref,6EYS,refmac,0.2399,0.247592
r_work,phenix,torchref,6EYS,torchref,0.2386,0.247865
r_work,phenix,torchref,6F1S,phenix,0.2552,0.267012
r_work,phenix,torchref,6F1S,refmac,0.2694,0.275721
r_work,phenix,torchref,6F1S,torchref,0.2699,0.276125
r_work,phenix,torchref,6FJU,phenix,0.357,0.368666
r_work,phenix,torchref,6FJU,refmac,0.3576,0.368714
r_work,phenix,torchref,6FJU,torchref,0.3493,0.359302
r_work,phenix,torchref,6FOK,phenix,0.2666,0.283323
r_work,phenix,torchref,6FOK,refmac,0.2497,0.26141
r_work,phenix,torchref,6FOK,torchref,0.2546,0.263954
r_work,phenix,torchref,6FX6,phenix,0.2889,0.302673
r_work,phenix,torchref,6FX6,refmac,0.299,0.30701
r_work,phenix,torchref,6FX6,torchref,0.3026,0.304934
r_work,phenix,torchref,6GBS,phenix,0.3758,0.387758
r_work,phenix,torchref,6GBS,refmac,0.3669,0.379775
r_work,phenix,torchref,6GBS,torchref,0.3736,0.385917
r_work,phenix,torchref,6GP7,phenix,0.3031,0.314331
r_work,phenix,torchref,6GP7,refmac,0.3096,0.320465
r_work,phenix,torchref,6GP7,torchref,0.2912,0.302829
r_work,phenix,torchref,6GXS,phenix,0.258,0.261408
r_work,phenix,torchref,6GXS,refmac,0.2639,0.267111
r_work,phenix,torchref,6GXS,torchref,0.2545,0.257918
r_work,phenix,torchref,6HFG,phenix,0.2731,0.314483
r_work,phenix,torchref,6HFG,refmac,0.2631,0.284493
r_work,phenix,torchref,6HFG,torchref,0.2844,0.305622
r_work,phenix,torchref,6HR7,refmac,0.213,0.221077
r_work,phenix,torchref,6HR7,torchref,0.2313,0.235053
r_work,phenix,torchref,6I1R,phenix,0.2412,0.256702
r_work,phenix,torchref,6I1R,refmac,0.2253,0.226477
r_work,phenix,torchref,6I1R,torchref,0.2491,0.254163
r_work,phenix,torchref,6I50,phenix,0.2224,0.232132
r_work,phenix,torchref,6I50,refmac,0.2184,0.226304
r_work,phenix,torchref,6I50,torchref,0.2169,0.223476
r_work,phenix,torchref,6IIW,phenix,0.4306,0.443431
r_work,phenix,torchref,6IIW,refmac,0.4265,0.43851
r_work,phenix,torchref,6IIW,torchref,0.4297,0.442764
r_work,phenix,torchref,6ILR,refmac,0.2466,0.255291
r_work,phenix,torchref,6ILR,torchref,0.252,0.261606
r_work,phenix,torchref,6IQJ,phenix,0.25,0.26211
r_work,phenix,torchref,6IQJ,refmac,0.2594,0.271051
r_work,phenix,torchref,6IQJ,torchref,0.2572,0.26866
r_work,phenix,torchref,6IR8,phenix,0.4285,0.445168
r_work,phenix,torchref,6IR8,refmac,0.4511,0.465231
r_work,phenix,torchref,6IR8,torchref,0.4849,0.500776
r_work,phenix,torchref,6J17,phenix,0.2863,0.296661
r_work,phenix,torchref,6J17,refmac,0.2763,0.285249
r_work,phenix,torchref,6J17,torchref,0.2952,0.301646
r_work,phenix,torchref,6J72,phenix,0.3241,0.335905
r_work,phenix,torchref,6J72,refmac,0.3289,0.339494
r_work,phenix,torchref,6J72,torchref,0.332,0.34147
r_work,phenix,torchref,6J7Y,phenix,0.254,0.263433
r_work,phenix,torchref,6J7Y,refmac,0.2406,0.248849
r_work,phenix,torchref,6J7Y,torchref,0.2442,0.250433
r_work,phenix,torchref,6JC4,phenix,0.2414,0.248627
r_work,phenix,torchref,6JC4,refmac,0.2478,0.25307
r_work,phenix,torchref,6JC4,torchref,0.2479,0.252662
r_work,phenix,torchref,6JJW,phenix,0.4857,0.518718
r_work,phenix,torchref,6JJW,refmac,0.5247,0.557458
r_work,phenix,torchref,6JJW,torchref,0.515,0.539675
r_work,phenix,torchref,6JZA,phenix,0.2823,0.309077
r_work,phenix,torchref,6JZA,refmac,0.2677,0.286941
r_work,phenix,torchref,6JZA,torchref,0.2957,0.315001
r_work,phenix,torchref,6K6R,phenix,0.2549,0.297725
r_work,phenix,torchref,6K6R,refmac,0.2663,0.303573
r_work,phenix,torchref,6K6R,torchref,0.2568,0.295933
r_work,phenix,torchref,6L8E,phenix,0.4568,0.470514
r_work,phenix,torchref,6L8E,refmac,0.4468,0.458511
r_work,phenix,torchref,6L8E,torchref,0.4577,0.473182
r_work,phenix,torchref,6L9F,phenix,0.3044,0.412238
r_work,phenix,torchref,6L9F,refmac,0.3094,0.323176
r_work,phenix,torchref,6L9F,torchref,0.3437,0.35668
r_work,phenix,torchref,6LKG,phenix,0.2469,0.260937
r_work,phenix,torchref,6LKG,refmac,0.2406,0.252079
r_work,phenix,torchref,6LKG,torchref,0.2431,0.254162
r_work,phenix,torchref,6M20,phenix,0.4151,0.425485
r_work,phenix,torchref,6M20,refmac,0.4099,0.417483
r_work,phenix,torchref,6M20,torchref,0.4262,0.433455
r_work,phenix,torchref,6N5U,phenix,0.224,0.230009
r_work,phenix,torchref,6N5U,refmac,0.2426,0.244529
r_work,phenix,torchref,6N5U,torchref,0.2452,0.245307
r_work,phenix,torchref,6O6N,phenix,0.2732,0.281276
r_work,phenix,torchref,6O6N,refmac,0.2667,0.273758
r_work,phenix,torchref,6O6N,torchref,0.2633,0.270985
r_work,phenix,torchref,6OAE,refmac,0.2764,0.295263
r_work,phenix,torchref,6OAE,torchref,0.2824,0.302872
r_work,phenix,torchref,6OHI,phenix,0.4424,0.458751
r_work,phenix,torchref,6OHI,refmac,0.434,0.448326
r_work,phenix,torchref,6OHI,torchref,0.4945,0.533881
r_work,phenix,torchref,6PEU,phenix,0.2846,0.295703
r_work,phenix,torchref,6PEU,refmac,0.2855,0.297419
r_work,phenix,torchref,6PEU,torchref,0.3147,0.322263
r_work,phenix,torchref,6PJQ,phenix,0.2837,0.289167
r_work,phenix,torchref,6PJQ,refmac,0.2935,0.292055
r_work,phenix,torchref,6PJQ,torchref,0.3229,0.328384
r_work,phenix,torchref,6PNP,phenix,0.3002,0.306722
r_work,phenix,torchref,6PNP,refmac,0.2787,0.283504
r_work,phenix,torchref,6PNP,torchref,0.2773,0.280746
r_work,phenix,torchref,6PUP,phenix,0.2931,0.301698
r_work,phenix,torchref,6PUP,refmac,0.2978,0.304415
r_work,phenix,torchref,6PUP,torchref,0.2824,0.289624
r_work,phenix,torchref,6R0L,phenix,0.2071,0.264682
r_work,phenix,torchref,6R0L,refmac,0.2673,0.30162
r_work,phenix,torchref,6R0L,torchref,0.3879,0.493706
r_work,phenix,torchref,6R6T,phenix,0.2241,0.231453
r_work,phenix,torchref,6R6T,refmac,0.2233,0.229254
r_work,phenix,torchref,6R6T,torchref,0.2375,0.243267
r_work,phenix,torchref,6RFT,phenix,0.2669,0.283889
r_work,phenix,torchref,6RFT,refmac,0.2724,0.281964
r_work,phenix,torchref,6RFT,torchref,0.288,0.294968
r_work,phenix,torchref,6RPT,phenix,0.3429,0.357713
r_work,phenix,torchref,6RPT,refmac,0.337,0.34603
r_work,phenix,torchref,6RPT,torchref,0.3497,0.361277
r_work,phenix,torchref,6RR0,phenix,0.3863,0.393448
r_work,phenix,torchref,6RR0,refmac,0.4615,0.475559
r_work,phenix,torchref,6RR0,torchref,0.4166,0.425695
r_work,phenix,torchref,6RSN,phenix,0.2751,0.287591
r_work,phenix,torchref,6RSN,refmac,0.2776,0.285943
r_work,phenix,torchref,6RSN,torchref,0.2644,0.273779
r_work,phenix,torchref,6S2P,phenix,0.3299,0.343022
r_work,phenix,torchref,6S2P,refmac,0.3511,0.36077
r_work,phenix,torchref,6S2P,torchref,0.328,0.339272
r_work,phenix,torchref,6SRB,phenix,0.2936,0.310463
r_work,phenix,torchref,6SRB,refmac,0.3044,0.316883
r_work,phenix,torchref,6SRB,torchref,0.2839,0.296988
r_work,phenix,torchref,6SXW,phenix,0.2787,0.31215
r_work,phenix,torchref,6SXW,refmac,0.2669,0.274486
r_work,phenix,torchref,6SXW,torchref,0.3125,0.318747
r_work,phenix,torchref,6T80,phenix,0.2621,0.28832
r_work,phenix,torchref,6T80,refmac,0.2579,0.280649
r_work,phenix,torchref,6T80,torchref,0.2919,0.312068
r_work,phenix,torchref,6TCT,phenix,0.3266,0.340051
r_work,phenix,torchref,6TCT,refmac,0.3185,0.329701
r_work,phenix,torchref,6TCT,torchref,0.3206,0.333952
r_work,phenix,torchref,6TT5,phenix,0.2741,0.283138
r_work,phenix,torchref,6TT5,refmac,0.2646,0.2727
r_work,phenix,torchref,6TT5,torchref,0.2596,0.267129
r_work,phenix,torchref,6TWJ,phenix,0.2503,0.265244
r_work,phenix,torchref,6TWJ,refmac,0.2489,0.259322
r_work,phenix,torchref,6TWJ,torchref,0.2525,0.262374
r_work,phenix,torchref,6U2D,phenix,0.2935,0.306971
r_work,phenix,torchref,6U2D,refmac,0.3105,0.321561
r_work,phenix,torchref,6U2D,torchref,0.294,0.301277
r_work,phenix,torchref,6U75,phenix,0.2385,0.248897
r_work,phenix,torchref,6U75,refmac,0.2356,0.243566
r_work,phenix,torchref,6U75,torchref,0.2574,0.263862
r_work,phenix,torchref,6UB7,phenix,0.2507,0.263157
r_work,phenix,torchref,6UB7,refmac,0.2429,0.252139
r_work,phenix,torchref,6UB7,torchref,0.2391,0.247797
r_work,phenix,torchref,6V7M,phenix,0.3924,0.428384
r_work,phenix,torchref,6V7M,refmac,0.4041,0.436247
r_work,phenix,torchref,6V7M,torchref,0.4107,0.441342
r_work,phenix,torchref,6VD8,phenix,0.28,0.297614
r_work,phenix,torchref,6VD8,refmac,0.4066,0.416784
r_work,phenix,torchref,6VD8,torchref,0.3053,0.312293
r_work,phenix,torchref,6VHI,phenix,0.2026,0.214086
r_work,phenix,torchref,6VHI,refmac,0.2064,0.213304
r_work,phenix,torchref,6VHI,torchref,0.2028,0.206188
r_work,phenix,torchref,6VPT,phenix,0.229,0.239193
r_work,phenix,torchref,6VPT,refmac,0.2496,0.258957
r_work,phenix,torchref,6VPT,torchref,0.2745,0.280941
r_work,phenix,torchref,6VS7,phenix,0.4412,0.454495
r_work,phenix,torchref,6VS7,refmac,0.5028,0.521873
r_work,phenix,torchref,6VS7,torchref,0.4885,0.506235
r_work,phenix,torchref,6W9K,phenix,0.2679,0.318767
r_work,phenix,torchref,6W9K,refmac,0.2554,0.301807
r_work,phenix,torchref,6W9K,torchref,0.2511,0.343419
r_work,phenix,torchref,6WT6,phenix,0.2344,0.241859
r_work,phenix,torchref,6WT6,refmac,0.2685,0.272279
r_work,phenix,torchref,6WT6,torchref,0.276,0.265877
r_work,phenix,torchref,6XZ6,phenix,0.2359,0.247489
r_work,phenix,torchref,6XZ6,refmac,0.2341,0.238808
r_work,phenix,torchref,6XZ6,torchref,0.251,0.256961
r_work,phenix,torchref,6YFV,phenix,0.4053,0.409336
r_work,phenix,torchref,6YFV,refmac,0.4035,0.405052
r_work,phenix,torchref,6YFV,torchref,0.4283,0.430006
r_work,phenix,torchref,6Z1S,phenix,0.2745,0.281994
r_work,phenix,torchref,6Z1S,refmac,0.2901,0.296932
r_work,phenix,torchref,6Z1S,torchref,0.2654,0.271499
r_work,phenix,torchref,6Z3U,phenix,0.3597,0.36451
r_work,phenix,torchref,6Z3U,refmac,0.46,0.519798
r_work,phenix,torchref,6Z3U,torchref,0.4336,0.427995
r_work,phenix,torchref,6ZH1,phenix,0.3307,0.33999
r_work,phenix,torchref,6ZH1,refmac,0.3269,0.334351
r_work,phenix,torchref,6ZH1,torchref,0.3436,0.348718
r_work,phenix,torchref,6ZUW,phenix,0.3723,0.378645
r_work,phenix,torchref,6ZUW,refmac,0.3696,0.374175
r_work,phenix,torchref,6ZUW,torchref,0.357,0.361851
r_work,phenix,torchref,7AUI,phenix,0.2965,0.307266
r_work,phenix,torchref,7AUI,refmac,0.2761,0.283338
r_work,phenix,torchref,7AUI,torchref,0.2861,0.289766
r_work,phenix,torchref,7BV5,phenix,0.2976,0.315114
r_work,phenix,torchref,7BV5,refmac,0.2908,0.309824
r_work,phenix,torchref,7BV5,torchref,0.3176,0.333049
r_work,phenix,torchref,7BW1,phenix,0.2735,0.292988
r_work,phenix,torchref,7BW1,refmac,0.2777,0.296658
r_work,phenix,torchref,7BW1,torchref,0.2931,0.308566
r_work,phenix,torchref,7C7E,phenix,0.4015,0.427766
r_work,phenix,torchref,7C7E,refmac,0.4015,0.426666
r_work,phenix,torchref,7C7E,torchref,0.4088,0.431098
r_work,phenix,torchref,7CFD,phenix,0.4107,0.418667
r_work,phenix,torchref,7CFD,refmac,0.3641,0.364676
r_work,phenix,torchref,7CFD,torchref,0.4067,0.407769
r_work,phenix,torchref,7CWW,phenix,0.3036,0.312449
r_work,phenix,torchref,7CWW,refmac,0.2994,0.305721
r_work,phenix,torchref,7CWW,torchref,0.2826,0.288229
r_work,phenix,torchref,7D86,phenix,0.3349,0.344419
r_work,phenix,torchref,7D86,refmac,0.3148,0.321757
r_work,phenix,torchref,7D86,torchref,0.3221,0.329346
r_work,phenix,torchref,7DUF,phenix,0.4237,0.464811
r_work,phenix,torchref,7DUF,refmac,0.5143,0.562805
r_work,phenix,torchref,7DUF,torchref,0.4392,0.470032
r_work,phenix,torchref,7DVN,refmac,0.5439,0.580368
r_work,phenix,torchref,7E2E,phenix,0.3563,0.385188
r_work,phenix,torchref,7E2E,refmac,0.3925,0.415832
r_work,phenix,torchref,7E2E,torchref,0.4125,0.432416
r_work,phenix,torchref,7EWF,phenix,0.3218,0.336063
r_work,phenix,torchref,7EWF,refmac,0.3155,0.323475
r_work,phenix,torchref,7EWF,torchref,0.3401,0.347731
r_work,phenix,torchref,7F9K,phenix,0.3544,0.379714
r_work,phenix,torchref,7F9K,refmac,0.429,0.452672
r_work,phenix,torchref,7F9K,torchref,0.3785,0.406365
r_work,phenix,torchref,7F9M,phenix,0.3037,0.343889
r_work,phenix,torchref,7F9M,refmac,0.2693,0.300015
r_work,phenix,torchref,7F9M,torchref,0.3,0.323804
r_work,phenix,torchref,7FHR,phenix,0.2693,0.281181
r_work,phenix,torchref,7FHR,refmac,0.2607,0.271196
r_work,phenix,torchref,7FHR,torchref,0.2657,0.274857
r_work,phenix,torchref,7JI4,phenix,0.3498,0.391666
r_work,phenix,torchref,7JI4,refmac,0.3387,0.373518
r_work,phenix,torchref,7JI4,torchref,0.3378,0.377145
r_work,phenix,torchref,7JN9,phenix,0.5553,0.581723
r_work,phenix,torchref,7JN9,refmac,0.5512,0.566659
r_work,phenix,torchref,7JN9,torchref,0.5626,0.593
r_work,phenix,torchref,7K3J,phenix,0.4005,0.413146
r_work,phenix,torchref,7K3J,refmac,0.2972,0.299976
r_work,phenix,torchref,7K3J,torchref,0.314,0.321817
r_work,phenix,torchref,7KQ0,phenix,0.2772,0.281031
r_work,phenix,torchref,7KQ0,refmac,0.2746,0.276622
r_work,phenix,torchref,7KQ0,torchref,0.2976,0.298009
r_work,phenix,torchref,7LF4,phenix,0.2577,0.276099
r_work,phenix,torchref,7LF4,refmac,0.2659,0.271277
r_work,phenix,torchref,7LF4,torchref,0.2709,0.280118
