metric,scorer_x,scorer_y,code,model_engine,value_x,value_y
r_free,phenix,torchref,1A0F,phenix,0.2498,0.247052
r_free,phenix,torchref,1A0F,refmac,0.2419,0.24071
r_free,phenix,torchref,1A0F,torchref,0.2435,0.242057
r_free,phenix,torchref,1A46,phenix,0.3419,0.345449
r_free,phenix,torchref,1A46,refmac,0.3434,0.35259
r_free,phenix,torchref,1A46,torchref,0.3341,0.336845
r_free,phenix,torchref,1A4E,phenix,0.2341,0.233108
r_free,phenix,torchref,1A4E,refmac,0.2325,0.228952
r_free,phenix,torchref,1A4I,phenix,0.3533,0.353093
r_free,phenix,torchref,1A4I,refmac,0.3251,0.324271
r_free,phenix,torchref,1A4I,torchref,0.3449,0.346322
r_free,phenix,torchref,1A7V,phenix,0.3168,0.315746
r_free,phenix,torchref,1A7V,refmac,0.3038,0.31092
r_free,phenix,torchref,1A7V,torchref,0.3105,0.312184
r_free,phenix,torchref,1AJ6,phenix,0.3352,0.335126
r_free,phenix,torchref,1AJ6,refmac,0.3336,0.323812
r_free,phenix,torchref,1AJ6,torchref,0.3107,0.30733
r_free,phenix,torchref,1AK5,phenix,0.2311,0.232712
r_free,phenix,torchref,1AK5,refmac,0.2276,0.227664
r_free,phenix,torchref,1AK5,torchref,0.2206,0.222854
r_free,phenix,torchref,1ANU,phenix,0.2614,0.256947
r_free,phenix,torchref,1ANU,refmac,0.235,0.231956
r_free,phenix,torchref,1ANU,torchref,0.2464,0.248919
r_free,phenix,torchref,1APX,phenix,0.2916,0.294085
r_free,phenix,torchref,1APX,refmac,0.2937,0.296976
r_free,phenix,torchref,1APX,torchref,0.2942,0.296693
r_free,phenix,torchref,1AQZ,phenix,0.2653,0.2659
r_free,phenix,torchref,1AQZ,refmac,0.2662,0.26566
r_free,phenix,torchref,1AQZ,torchref,0.2717,0.274548
r_free,phenix,torchref,1AT0,refmac,0.3194,0.324791
r_free,phenix,torchref,1AT0,torchref,0.3336,0.337893
r_free,phenix,torchref,1B37,phenix,0.2742,0.273676
r_free,phenix,torchref,1B37,refmac,0.2746,0.274205
r_free,phenix,torchref,1B9K,phenix,0.269,0.275106
r_free,phenix,torchref,1B9K,refmac,0.2744,0.276726
r_free,phenix,torchref,1B9K,torchref,0.2772,0.282313
r_free,phenix,torchref,1BIA,phenix,0.3519,0.348111
r_free,phenix,torchref,1BIA,refmac,0.3515,0.346547
r_free,phenix,torchref,1BIA,torchref,0.3593,0.358134
r_free,phenix,torchref,1BM7,phenix,0.2511,0.253699
r_free,phenix,torchref,1BM7,refmac,0.2462,0.247884
r_free,phenix,torchref,1BM7,torchref,0.2511,0.254161
r_free,phenix,torchref,1BQG,refmac,0.235,0.233312
r_free,phenix,torchref,1BQG,torchref,0.2414,0.239949
r_free,phenix,torchref,1BX0,phenix,0.2816,0.281187
r_free,phenix,torchref,1BX0,refmac,0.283,0.28128
r_free,phenix,torchref,1BX0,torchref,0.2803,0.280678
r_free,phenix,torchref,1BXE,phenix,0.33,0.327287
r_free,phenix,torchref,1BXE,refmac,0.3364,0.342949
r_free,phenix,torchref,1BXE,torchref,0.3288,0.332544
r_free,phenix,torchref,1BYW,phenix,0.2598,0.268942
r_free,phenix,torchref,1BYW,refmac,0.2259,0.217678
r_free,phenix,torchref,1BYW,torchref,0.2473,0.243102
r_free,phenix,torchref,1C3F,phenix,0.3151,0.316125
r_free,phenix,torchref,1C3F,refmac,0.3113,0.309104
r_free,phenix,torchref,1C3F,torchref,0.3136,0.301625
r_free,phenix,torchref,1CI0,phenix,0.2821,0.282058
r_free,phenix,torchref,1CI0,refmac,0.2844,0.293836
r_free,phenix,torchref,1CI0,torchref,0.2883,0.290957
r_free,phenix,torchref,1CSM,phenix,0.25,0.251803
r_free,phenix,torchref,1CSM,refmac,0.2478,0.245835
r_free,phenix,torchref,1CSM,torchref,0.2482,0.25167
r_free,phenix,torchref,1D9E,phenix,0.2588,0.259294
r_free,phenix,torchref,1D9E,refmac,0.2494,0.250024
r_free,phenix,torchref,1DAW,phenix,0.2946,0.301399
r_free,phenix,torchref,1DAW,refmac,0.3021,0.307039
r_free,phenix,torchref,1DAW,torchref,0.3032,0.310852
r_free,phenix,torchref,1DLM,phenix,0.2569,0.260266
r_free,phenix,torchref,1DLM,refmac,0.2644,0.264506
r_free,phenix,torchref,1DLM,torchref,0.2634,0.263003
r_free,phenix,torchref,1DQ3,phenix,0.3714,0.369723
r_free,phenix,torchref,1DQ3,refmac,0.3725,0.375011
r_free,phenix,torchref,1DQ3,torchref,0.3748,0.373341
r_free,phenix,torchref,1DQ8,phenix,0.2809,0.276991
r_free,phenix,torchref,1DQ8,refmac,0.281,0.277824
r_free,phenix,torchref,1DQ8,torchref,0.2857,0.280084
r_free,phenix,torchref,1E79,phenix,0.362,0.366697
r_free,phenix,torchref,1E79,refmac,0.3488,0.350554
r_free,phenix,torchref,1E79,torchref,0.3668,0.373308
r_free,phenix,torchref,1EJ1,phenix,0.308,0.309045
r_free,phenix,torchref,1EJ1,refmac,0.2901,0.299147
r_free,phenix,torchref,1EJ1,torchref,0.3127,0.314915
r_free,phenix,torchref,1EJH,phenix,0.3001,0.301034
r_free,phenix,torchref,1EJH,refmac,0.298,0.298957
r_free,phenix,torchref,1EJH,torchref,0.2963,0.299004
r_free,phenix,torchref,1ETE,phenix,0.3522,0.358985
r_free,phenix,torchref,1ETE,refmac,0.3373,0.340052
r_free,phenix,torchref,1ETE,torchref,0.3553,0.356182
r_free,phenix,torchref,1EZW,phenix,0.2436,0.244773
r_free,phenix,torchref,1EZW,refmac,0.2436,0.243373
r_free,phenix,torchref,1EZW,torchref,0.2428,0.244667
r_free,phenix,torchref,1F97,phenix,0.2553,0.246874
r_free,phenix,torchref,1F97,refmac,0.2325,0.234316
r_free,phenix,torchref,1F97,torchref,0.2566,0.251082
r_free,phenix,torchref,1FG3,phenix,0.3028,0.306738
r_free,phenix,torchref,1FG3,refmac,0.3021,0.30777
r_free,phenix,torchref,1FG3,torchref,0.316,0.322838
r_free,phenix,torchref,1FIO,phenix,0.4176,0.413002
r_free,phenix,torchref,1FIO,refmac,0.4183,0.428421
r_free,phenix,torchref,1FIO,torchref,0.4267,0.423204
r_free,phenix,torchref,1FKM,phenix,0.3102,0.315046
r_free,phenix,torchref,1FKM,refmac,0.3108,0.3122
r_free,phenix,torchref,1FKM,torchref,0.313,0.317447
r_free,phenix,torchref,1FSI,phenix,0.327,0.327175
r_free,phenix,torchref,1FSI,refmac,0.3046,0.306841
r_free,phenix,torchref,1FSI,torchref,0.3205,0.322708
r_free,phenix,torchref,1GHW,phenix,0.4168,0.417245
r_free,phenix,torchref,1GHW,refmac,0.4022,0.401307
r_free,phenix,torchref,1GHW,torchref,0.4046,0.405468
r_free,phenix,torchref,1GPQ,phenix,0.2983,0.299674
r_free,phenix,torchref,1GPQ,refmac,0.2983,0.297903
r_free,phenix,torchref,1GPQ,torchref,0.2877,0.290633
r_free,phenix,torchref,1GQ8,phenix,0.2517,0.253108
r_free,phenix,torchref,1GQ8,refmac,0.257,0.259215
r_free,phenix,torchref,1GQ8,torchref,0.2523,0.253135
r_free,phenix,torchref,1GQ9,phenix,0.3333,0.34606
r_free,phenix,torchref,1GQ9,refmac,0.3023,0.302457
r_free,phenix,torchref,1GQ9,torchref,0.3944,0.411292
r_free,phenix,torchref,1GUI,phenix,0.3143,0.319171
r_free,phenix,torchref,1GUI,refmac,0.3144,0.321333
r_free,phenix,torchref,1GUI,torchref,0.3144,0.317463
r_free,phenix,torchref,1GYJ,phenix,0.2949,0.307807
r_free,phenix,torchref,1GYJ,refmac,0.3179,0.329941
r_free,phenix,torchref,1GYJ,torchref,0.3009,0.308335
r_free,phenix,torchref,1H8V,phenix,0.2759,0.276922
r_free,phenix,torchref,1H8V,refmac,0.2773,0.278655
r_free,phenix,torchref,1H8V,torchref,0.2786,0.280738
r_free,phenix,torchref,1HN0,phenix,0.278,0.28003
r_free,phenix,torchref,1HN0,refmac,0.2698,0.271289
r_free,phenix,torchref,1HN0,torchref,0.2783,0.282012
r_free,phenix,torchref,1HNO,phenix,0.265,0.268713
r_free,phenix,torchref,1HNO,refmac,0.2591,0.252738
r_free,phenix,torchref,1HNO,torchref,0.2575,0.255687
r_free,phenix,torchref,1HTN,phenix,0.2152,0.222873
r_free,phenix,torchref,1HTN,refmac,0.2174,0.234618
r_free,phenix,torchref,1HTN,torchref,0.2143,0.233547
r_free,phenix,torchref,1I1N,phenix,0.2781,0.274433
r_free,phenix,torchref,1I1N,refmac,0.2866,0.283685
r_free,phenix,torchref,1I1N,torchref,0.2788,0.273614
r_free,phenix,torchref,1I3A,phenix,0.3322,0.330865
r_free,phenix,torchref,1I3A,refmac,0.3315,0.321994
r_free,phenix,torchref,1I3A,torchref,0.3295,0.326197
r_free,phenix,torchref,1IDQ,phenix,0.2259,0.229447
r_free,phenix,torchref,1IDQ,refmac,0.2206,0.224204
r_free,phenix,torchref,1IDQ,torchref,0.2259,0.231471
r_free,phenix,torchref,1IKN,phenix,0.4162,0.415892
r_free,phenix,torchref,1IKN,refmac,0.3795,0.380782
r_free,phenix,torchref,1IKN,torchref,0.3717,0.372849
r_free,phenix,torchref,1ITK,phenix,0.2863,0.289395
r_free,phenix,torchref,1ITK,refmac,0.2826,0.285567
r_free,phenix,torchref,1ITK,torchref,0.2874,0.289853
r_free,phenix,torchref,1J3P,phenix,0.275,0.277627
r_free,phenix,torchref,1J3P,refmac,0.2782,0.277604
r_free,phenix,torchref,1J3P,torchref,0.2769,0.27618
r_free,phenix,torchref,1J53,phenix,0.313,0.319495
r_free,phenix,torchref,1J53,refmac,0.3098,0.316514
r_free,phenix,torchref,1J53,torchref,0.3196,0.327343
r_free,phenix,torchref,1J5W,phenix,0.3161,0.314196
r_free,phenix,torchref,1J5W,refmac,0.3188,0.314739
r_free,phenix,torchref,1J5W,torchref,0.3204,0.319124
r_free,phenix,torchref,1J8B,phenix,0.4137,0.417138
r_free,phenix,torchref,1J8B,refmac,0.4505,0.446296
r_free,phenix,torchref,1J8B,torchref,0.4232,0.420332
r_free,phenix,torchref,1JAC,phenix,0.3071,0.307108
r_free,phenix,torchref,1JAC,refmac,0.3034,0.301485
r_free,phenix,torchref,1JAC,torchref,0.3067,0.30939
r_free,phenix,torchref,1JAD,phenix,0.3618,0.3587
r_free,phenix,torchref,1JAD,refmac,0.3657,0.360404
r_free,phenix,torchref,1JAD,torchref,0.3893,0.392453
r_free,phenix,torchref,1JN9,phenix,0.5074,0.516545
r_free,phenix,torchref,1JN9,refmac,0.4937,0.497558
r_free,phenix,torchref,1JN9,torchref,0.5372,0.552251
r_free,phenix,torchref,1JU3,phenix,0.2609,0.260247
r_free,phenix,torchref,1JU3,refmac,0.2638,0.263327
r_free,phenix,torchref,1JU3,torchref,0.2641,0.264457
r_free,phenix,torchref,1K6D,phenix,0.2852,0.282373
r_free,phenix,torchref,1K6D,refmac,0.2738,0.269955
r_free,phenix,torchref,1K6D,torchref,0.2879,0.283302
r_free,phenix,torchref,1K7T,phenix,0.3335,0.333182
r_free,phenix,torchref,1K7T,refmac,0.3124,0.314085
r_free,phenix,torchref,1K7T,torchref,0.3218,0.321568
r_free,phenix,torchref,1L9X,phenix,0.2457,0.245855
r_free,phenix,torchref,1L9X,refmac,0.2439,0.243663
r_free,phenix,torchref,1L9X,torchref,0.2472,0.246449
r_free,phenix,torchref,1LNZ,phenix,0.4717,0.474985
r_free,phenix,torchref,1LNZ,refmac,0.4604,0.475774
r_free,phenix,torchref,1LNZ,torchref,0.4799,0.483843
r_free,phenix,torchref,1M6E,phenix,0.2461,0.236522
r_free,phenix,torchref,1M6E,refmac,0.2503,0.235347
r_free,phenix,torchref,1M6E,torchref,0.249,0.243004
r_free,phenix,torchref,1N0L,phenix,0.3643,0.364002
r_free,phenix,torchref,1N0L,refmac,0.3571,0.359885
r_free,phenix,torchref,1N0L,torchref,0.3655,0.364369
r_free,phenix,torchref,1N6J,phenix,0.4456,0.449996
r_free,phenix,torchref,1N6J,refmac,0.4256,0.424014
r_free,phenix,torchref,1N6J,torchref,0.4338,0.423342
r_free,phenix,torchref,1O4V,phenix,0.2379,0.240115
r_free,phenix,torchref,1O4V,refmac,0.2388,0.241895
r_free,phenix,torchref,1O4V,torchref,0.2392,0.242086
r_free,phenix,torchref,1O5T,phenix,0.3645,0.364057
r_free,phenix,torchref,1O5T,refmac,0.3671,0.371529
r_free,phenix,torchref,1O5T,torchref,0.382,0.383328
r_free,phenix,torchref,1O6D,phenix,0.2882,0.288453
r_free,phenix,torchref,1O6D,refmac,0.2845,0.282916
r_free,phenix,torchref,1O6D,torchref,0.2848,0.290865
r_free,phenix,torchref,1OBR,phenix,0.2084,0.212065
r_free,phenix,torchref,1OBR,refmac,0.2104,0.21257
r_free,phenix,torchref,1OBR,torchref,0.2226,0.220179
r_free,phenix,torchref,1OC0,phenix,0.3387,0.339626
r_free,phenix,torchref,1OC0,refmac,0.3245,0.329056
r_free,phenix,torchref,1OC0,torchref,0.3316,0.338682
r_free,phenix,torchref,1OE4,phenix,0.2948,0.293134
r_free,phenix,torchref,1OE4,refmac,0.2927,0.294585
r_free,phenix,torchref,1OE4,torchref,0.2952,0.297824
r_free,phenix,torchref,1OMW,phenix,0.3622,0.363455
r_free,phenix,torchref,1OMW,refmac,0.3261,0.32778
r_free,phenix,torchref,1OMW,torchref,0.3366,0.336142
r_free,phenix,torchref,1OQE,phenix,0.2694,0.274426
r_free,phenix,torchref,1OQE,refmac,0.246,0.254186
r_free,phenix,torchref,1OQE,torchref,0.2596,0.265587
r_free,phenix,torchref,1OSC,phenix,0.2606,0.256141
r_free,phenix,torchref,1OSC,refmac,0.2565,0.254305
r_free,phenix,torchref,1OSC,torchref,0.2605,0.256787
r_free,phenix,torchref,1OY5,phenix,0.3649,0.359993
r_free,phenix,torchref,1OY5,refmac,0.3528,0.346281
r_free,phenix,torchref,1OY5,torchref,0.3519,0.345412
r_free,phenix,torchref,1P3C,phenix,0.2242,0.219413
r_free,phenix,torchref,1P3C,refmac,0.2257,0.222173
r_free,phenix,torchref,1P3C,torchref,0.2256,0.220645
r_free,phenix,torchref,1P4X,phenix,0.3579,0.357271
r_free,phenix,torchref,1P4X,refmac,0.3277,0.330599
r_free,phenix,torchref,1P4X,torchref,0.3522,0.353834
r_free,phenix,torchref,1PG3,phenix,0.2751,0.273939
r_free,phenix,torchref,1PG3,refmac,0.276,0.274853
r_free,phenix,torchref,1PG3,torchref,0.2752,0.272915
r_free,phenix,torchref,1PJR,phenix,0.3484,0.349817
r_free,phenix,torchref,1PJR,refmac,0.3323,0.332014
r_free,phenix,torchref,1PJR,torchref,0.3521,0.354226
r_free,phenix,torchref,1PXZ,phenix,0.2493,0.254587
r_free,phenix,torchref,1PXZ,refmac,0.2491,0.254889
r_free,phenix,torchref,1PXZ,torchref,0.2488,0.254352
r_free,phenix,torchref,1Q15,phenix,0.2943,0.295577
r_free,phenix,torchref,1Q15,refmac,0.2908,0.292299
r_free,phenix,torchref,1Q15,torchref,0.3009,0.303208
r_free,phenix,torchref,1QB5,phenix,0.2343,0.238416
r_free,phenix,torchref,1QB5,refmac,0.2358,0.241188
r_free,phenix,torchref,1QB5,torchref,0.2377,0.241739
r_free,phenix,torchref,1QD9,phenix,0.3033,0.309938
r_free,phenix,torchref,1QD9,refmac,0.3259,0.325011
r_free,phenix,torchref,1QD9,torchref,0.3277,0.327933
r_free,phenix,torchref,1QJV,phenix,0.2681,0.264986
r_free,phenix,torchref,1QJV,refmac,0.266,0.262214
r_free,phenix,torchref,1QJV,torchref,0.2721,0.270719
r_free,phenix,torchref,1QZN,phenix,0.2843,0.284601
r_free,phenix,torchref,1QZN,refmac,0.2836,0.280782
r_free,phenix,torchref,1QZN,torchref,0.2809,0.282047
r_free,phenix,torchref,1R1K,phenix,0.3419,0.357842
r_free,phenix,torchref,1R1K,refmac,0.3141,0.323181
r_free,phenix,torchref,1R1K,torchref,0.3427,0.354763
r_free,phenix,torchref,1R3U,phenix,0.2736,0.270085
r_free,phenix,torchref,1R3U,refmac,0.2703,0.268547
r_free,phenix,torchref,1R3U,torchref,0.2721,0.269881
r_free,phenix,torchref,1RFX,phenix,0.3952,0.394651
r_free,phenix,torchref,1RFX,refmac,0.3709,0.376142
r_free,phenix,torchref,1RFX,torchref,0.3784,0.380364
r_free,phenix,torchref,1RHC,phenix,0.2486,0.247459
r_free,phenix,torchref,1RHC,refmac,0.2394,0.239474
r_free,phenix,torchref,1RHC,torchref,0.2472,0.24566
r_free,phenix,torchref,1RJ1,phenix,0.2854,0.282436
r_free,phenix,torchref,1RJ1,refmac,0.2757,0.270151
r_free,phenix,torchref,1RJ1,torchref,0.2757,0.272324
r_free,phenix,torchref,1RJD,phenix,0.2703,0.270749
r_free,phenix,torchref,1RJD,refmac,0.2749,0.274765
r_free,phenix,torchref,1RJD,torchref,0.2721,0.273208
r_free,phenix,torchref,1RKG,phenix,0.3368,0.336865
r_free,phenix,torchref,1RKG,refmac,0.3279,0.3248
r_free,phenix,torchref,1RKG,torchref,0.3329,0.335685
r_free,phenix,torchref,1RZN,phenix,0.2624,0.264084
r_free,phenix,torchref,1RZN,refmac,0.274,0.271839
r_free,phenix,torchref,1RZN,torchref,0.2694,0.269096
r_free,phenix,torchref,1S1C,phenix,0.3796,0.386149
r_free,phenix,torchref,1S1C,refmac,0.3715,0.370697
r_free,phenix,torchref,1S1C,torchref,0.3776,0.377337
r_free,phenix,torchref,1SO2,phenix,0.2811,0.279636
r_free,phenix,torchref,1SO2,refmac,0.2766,0.277047
r_free,phenix,torchref,1SO2,torchref,0.2812,0.279238
r_free,phenix,torchref,1SOT,phenix,0.3609,0.365923
r_free,phenix,torchref,1SOT,refmac,0.3445,0.348074
r_free,phenix,torchref,1SOT,torchref,0.3489,0.350813
r_free,phenix,torchref,1T3I,phenix,0.2619,0.259841
r_free,phenix,torchref,1T3I,refmac,0.2614,0.259741
r_free,phenix,torchref,1T3I,torchref,0.2674,0.265058
r_free,phenix,torchref,1TE5,phenix,0.3494,0.348631
r_free,phenix,torchref,1TE5,refmac,0.3367,0.335139
r_free,phenix,torchref,1TE5,torchref,0.3512,0.350527
r_free,phenix,torchref,1TGS,phenix,0.2862,0.28587
r_free,phenix,torchref,1TGS,refmac,0.2909,0.292636
r_free,phenix,torchref,1TGS,torchref,0.2782,0.280995
r_free,phenix,torchref,1TML,phenix,0.2303,0.254318
r_free,phenix,torchref,1TML,refmac,0.2241,0.22905
r_free,phenix,torchref,1TML,torchref,0.2476,0.24576
r_free,phenix,torchref,1TVL,phenix,0.2931,0.294771
r_free,phenix,torchref,1TVL,refmac,0.2759,0.276543
r_free,phenix,torchref,1TVL,torchref,0.2752,0.275744
r_free,phenix,torchref,1U1I,phenix,0.3186,0.325331
r_free,phenix,torchref,1U1I,refmac,0.3168,0.323829
r_free,phenix,torchref,1U1I,torchref,0.3268,0.330315
r_free,phenix,torchref,1UEF,phenix,0.4358,0.429262
r_free,phenix,torchref,1UEF,refmac,0.3885,0.408216
r_free,phenix,torchref,1UEF,torchref,0.3995,0.403005
r_free,phenix,torchref,1UJK,phenix,0.3228,0.321243
r_free,phenix,torchref,1UJK,refmac,0.3343,0.33154
r_free,phenix,torchref,1UJK,torchref,0.3288,0.326887
r_free,phenix,torchref,1UKV,phenix,0.3514,0.351747
r_free,phenix,torchref,1UKV,refmac,0.3515,0.351789
r_free,phenix,torchref,1UKV,torchref,0.3433,0.342337
r_free,phenix,torchref,1UTB,phenix,0.2705,0.269809
r_free,phenix,torchref,1UTB,refmac,0.2569,0.253737
r_free,phenix,torchref,1UTB,torchref,0.2652,0.258969
r_free,phenix,torchref,1UVQ,phenix,0.3455,0.342275
r_free,phenix,torchref,1UVQ,refmac,0.3356,0.332525
r_free,phenix,torchref,1UVQ,torchref,0.3294,0.32775
r_free,phenix,torchref,1V8Q,phenix,0.2849,0.294604
r_free,phenix,torchref,1V8Q,refmac,0.2711,0.267541
r_free,phenix,torchref,1V8Q,torchref,0.3176,0.32224
r_free,phenix,torchref,1VB3,phenix,0.2588,0.254486
r_free,phenix,torchref,1VB3,refmac,0.2632,0.263394
r_free,phenix,torchref,1VB3,torchref,0.2641,0.260852
r_free,phenix,torchref,1VCE,phenix,0.298,0.297547
r_free,phenix,torchref,1VCE,refmac,0.2916,0.287808
r_free,phenix,torchref,1VCE,torchref,0.3041,0.300328
r_free,phenix,torchref,1VDD,phenix,0.3041,0.309192
r_free,phenix,torchref,1VDD,refmac,0.2922,0.290828
r_free,phenix,torchref,1VDD,torchref,0.3074,0.306187
r_free,phenix,torchref,1VER,phenix,0.2575,0.293689
r_free,phenix,torchref,1VER,refmac,0.2363,0.284952
r_free,phenix,torchref,1VER,torchref,0.2683,0.302076
r_free,phenix,torchref,1VK0,phenix,0.2952,0.296603
r_free,phenix,torchref,1VK0,refmac,0.3052,0.306149
r_free,phenix,torchref,1VK0,torchref,0.3008,0.299438
r_free,phenix,torchref,1VLM,phenix,0.3379,0.338677
r_free,phenix,torchref,1VLM,refmac,0.3284,0.336737
r_free,phenix,torchref,1VLM,torchref,0.3267,0.329779
r_free,phenix,torchref,1VR4,phenix,0.3432,0.345458
r_free,phenix,torchref,1VR4,refmac,0.3327,0.332552
r_free,phenix,torchref,1VR4,torchref,0.3451,0.346207
r_free,phenix,torchref,1VRQ,phenix,0.2874,0.28574
r_free,phenix,torchref,1VRQ,refmac,0.283,0.282147
r_free,phenix,torchref,1VRQ,torchref,0.2875,0.284166
r_free,phenix,torchref,1W2Y,phenix,0.2955,0.293616
r_free,phenix,torchref,1W2Y,refmac,0.2883,0.286152
r_free,phenix,torchref,1W2Y,torchref,0.2886,0.287088
r_free,phenix,torchref,1W8A,phenix,0.2548,0.260137
r_free,phenix,torchref,1W8A,refmac,0.2758,0.270436
r_free,phenix,torchref,1W8A,torchref,0.2787,0.271831
r_free,phenix,torchref,1WD8,phenix,0.2925,0.303505
r_free,phenix,torchref,1WD8,refmac,0.2779,0.274827
r_free,phenix,torchref,1WD8,torchref,0.2774,0.290928
r_free,phenix,torchref,1WDV,phenix,0.3079,0.308902
r_free,phenix,torchref,1WDV,refmac,0.3059,0.308236
r_free,phenix,torchref,1WDV,torchref,0.304,0.304433
r_free,phenix,torchref,1WLZ,phenix,0.2999,0.298608
r_free,phenix,torchref,1WLZ,refmac,0.2988,0.299994
r_free,phenix,torchref,1WLZ,torchref,0.2976,0.297924
r_free,phenix,torchref,1WTJ,phenix,0.2879,0.288677
r_free,phenix,torchref,1WTJ,refmac,0.274,0.274036
r_free,phenix,torchref,1WTJ,torchref,0.2683,0.269162
r_free,phenix,torchref,1WTY,phenix,0.3148,0.317263
r_free,phenix,torchref,1WTY,refmac,0.313,0.313477
r_free,phenix,torchref,1WTY,torchref,0.3176,0.320553
r_free,phenix,torchref,1WU2,phenix,0.3618,0.366101
r_free,phenix,torchref,1WU2,refmac,0.3547,0.359142
r_free,phenix,torchref,1WU2,torchref,0.3608,0.362499
r_free,phenix,torchref,1WV8,phenix,0.4414,0.433614
r_free,phenix,torchref,1WV8,refmac,0.4604,0.469576
r_free,phenix,torchref,1WV8,torchref,0.4169,0.419762
r_free,phenix,torchref,1WW9,phenix,0.3034,0.298756
r_free,phenix,torchref,1WW9,refmac,0.2941,0.292751
r_free,phenix,torchref,1WW9,torchref,0.2974,0.29776
r_free,phenix,torchref,1X1Q,phenix,0.3785,0.384541
r_free,phenix,torchref,1X1Q,refmac,0.3382,0.345107
r_free,phenix,torchref,1X1Q,torchref,0.405,0.405375
r_free,phenix,torchref,1X6O,phenix,0.302,0.297503
r_free,phenix,torchref,1X6O,refmac,0.3087,0.308627
r_free,phenix,torchref,1X6O,torchref,0.2893,0.289116
r_free,phenix,torchref,1XHD,phenix,0.3082,0.30503
r_free,phenix,torchref,1XHD,refmac,0.2933,0.290892
r_free,phenix,torchref,1XVS,phenix,0.3202,0.327297
r_free,phenix,torchref,1XVS,refmac,0.3093,0.316035
r_free,phenix,torchref,1XVS,torchref,0.3245,0.330171
r_free,phenix,torchref,1XX1,phenix,0.2763,0.276427
r_free,phenix,torchref,1XX1,refmac,0.2744,0.273702
r_free,phenix,torchref,1XX1,torchref,0.2749,0.274548
r_free,phenix,torchref,1Y08,refmac,0.2956,0.29895
r_free,phenix,torchref,1Y08,torchref,0.2907,0.296679
r_free,phenix,torchref,1Y7O,phenix,0.3547,0.353648
r_free,phenix,torchref,1Y7O,refmac,0.3495,0.348906
r_free,phenix,torchref,1Y7O,torchref,0.3451,0.344042
r_free,phenix,torchref,1Y8Q,phenix,0.2568,0.258561
r_free,phenix,torchref,1Y8Q,refmac,0.2544,0.256081
r_free,phenix,torchref,1Y8Q,torchref,0.2604,0.258616
r_free,phenix,torchref,1Y98,refmac,0.3062,0.313236
r_free,phenix,torchref,1Y98,torchref,0.3223,0.319011
r_free,phenix,torchref,1YEM,phenix,0.2904,0.283947
r_free,phenix,torchref,1YEM,refmac,0.2763,0.273087
r_free,phenix,torchref,1YEM,torchref,0.2832,0.275468
r_free,phenix,torchref,1YK3,phenix,0.3037,0.304385
r_free,phenix,torchref,1YK3,refmac,0.3015,0.298524
r_free,phenix,torchref,1YK3,torchref,0.3046,0.303578
r_free,phenix,torchref,1YMQ,phenix,0.2649,0.259449
r_free,phenix,torchref,1YMQ,refmac,0.2587,0.258398
r_free,phenix,torchref,1YMQ,torchref,0.2628,0.25643
r_free,phenix,torchref,1YRX,refmac,0.5112,0.502502
r_free,phenix,torchref,1YRX,torchref,0.5164,0.50725
r_free,phenix,torchref,1Z05,phenix,0.3652,0.367181
r_free,phenix,torchref,1Z05,refmac,0.3151,0.314043
r_free,phenix,torchref,1Z05,torchref,0.3473,0.348938
r_free,phenix,torchref,1Z3X,phenix,0.2807,0.280882
r_free,phenix,torchref,1Z3X,refmac,0.2784,0.274978
r_free,phenix,torchref,1Z3X,torchref,0.2789,0.277261
r_free,phenix,torchref,1ZEJ,phenix,0.3187,0.323192
r_free,phenix,torchref,1ZEJ,refmac,0.3101,0.312871
r_free,phenix,torchref,1ZEJ,torchref,0.3146,0.31767
r_free,phenix,torchref,1ZJ8,phenix,0.2995,0.304548
r_free,phenix,torchref,1ZJ8,refmac,0.3214,0.324102
r_free,phenix,torchref,1ZJ8,torchref,0.2899,0.297391
r_free,phenix,torchref,1ZKL,phenix,0.2653,0.262974
r_free,phenix,torchref,1ZKL,refmac,0.266,0.263198
r_free,phenix,torchref,1ZKL,torchref,0.2658,0.263601
r_free,phenix,torchref,1ZZ0,phenix,0.25,0.250399
r_free,phenix,torchref,1ZZ0,refmac,0.2443,0.244073
r_free,phenix,torchref,1ZZ0,torchref,0.2474,0.247168
r_free,phenix,torchref,2A25,phenix,0.3708,0.366275
r_free,phenix,torchref,2A25,refmac,0.3281,0.331286
r_free,phenix,torchref,2A25,torchref,0.3404,0.341274
r_free,phenix,torchref,2A3V,phenix,0.454,0.452446
r_free,phenix,torchref,2A3V,refmac,0.4383,0.440796
r_free,phenix,torchref,2A3V,torchref,0.4666,0.473504
r_free,phenix,torchref,2A65,refmac,0.2626,0.265773
r_free,phenix,torchref,2A65,torchref,0.2622,0.265553
r_free,phenix,torchref,2A9S,phenix,0.2396,0.23535
r_free,phenix,torchref,2A9S,refmac,0.2449,0.238786
r_free,phenix,torchref,2A9S,torchref,0.2389,0.234947
r_free,phenix,torchref,2ACJ,phenix,0.511,0.518766
r_free,phenix,torchref,2ACJ,refmac,0.5243,0.535777
r_free,phenix,torchref,2ACJ,torchref,0.4847,0.489321
r_free,phenix,torchref,2AE0,phenix,0.483,0.493162
r_free,phenix,torchref,2AE0,refmac,0.4593,0.469699
r_free,phenix,torchref,2AE0,torchref,0.4775,0.486966
r_free,phenix,torchref,2AG0,phenix,0.2781,0.278794
r_free,phenix,torchref,2AG0,refmac,0.2769,0.276899
r_free,phenix,torchref,2AG0,torchref,0.2844,0.282445
r_free,phenix,torchref,2AHR,phenix,0.3416,0.340521
r_free,phenix,torchref,2AHR,refmac,0.3291,0.327987
r_free,phenix,torchref,2AHR,torchref,0.337,0.335659
r_free,phenix,torchref,2AP2,phenix,0.54,0.544685
r_free,phenix,torchref,2AP2,refmac,0.5335,0.536657
r_free,phenix,torchref,2AP2,torchref,0.536,0.540304
r_free,phenix,torchref,2AQ4,phenix,0.3502,0.3561
r_free,phenix,torchref,2AQ4,refmac,0.3484,0.352736
r_free,phenix,torchref,2AQ4,torchref,0.3463,0.353143
r_free,phenix,torchref,2B2N,phenix,0.321,0.31935
r_free,phenix,torchref,2B2N,refmac,0.3027,0.300838
r_free,phenix,torchref,2B2N,torchref,0.3089,0.308955
r_free,phenix,torchref,2B3X,phenix,0.389,0.392277
r_free,phenix,torchref,2B3X,refmac,0.3781,0.376508
r_free,phenix,torchref,2B3X,torchref,0.4118,0.408559
r_free,phenix,torchref,2B5E,phenix,0.4397,0.43889
r_free,phenix,torchref,2B5E,refmac,0.3716,0.376696
r_free,phenix,torchref,2B5E,torchref,0.4076,0.415014
r_free,phenix,torchref,2B7O,phenix,0.3043,0.30685
r_free,phenix,torchref,2B7O,refmac,0.3044,0.305107
r_free,phenix,torchref,2B7O,torchref,0.3001,0.302271
r_free,phenix,torchref,2BON,phenix,0.3124,0.317458
r_free,phenix,torchref,2BON,refmac,0.3082,0.308541
r_free,phenix,torchref,2BON,torchref,0.3171,0.321601
r_free,phenix,torchref,2BTY,phenix,0.3324,0.332966
r_free,phenix,torchref,2BTY,refmac,0.315,0.317284
r_free,phenix,torchref,2BTY,torchref,0.3439,0.347922
r_free,phenix,torchref,2C8X,phenix,0.402,0.399976
r_free,phenix,torchref,2C8X,refmac,0.4075,0.405057
r_free,phenix,torchref,2C8X,torchref,0.4115,0.408617
r_free,phenix,torchref,2C90,phenix,0.4325,0.430265
r_free,phenix,torchref,2C90,refmac,0.4237,0.418323
r_free,phenix,torchref,2C90,torchref,0.4231,0.426042
r_free,phenix,torchref,2CB4,phenix,0.2891,0.287557
r_free,phenix,torchref,2CB4,refmac,0.2852,0.283508
r_free,phenix,torchref,2CB4,torchref,0.293,0.291581
r_free,phenix,torchref,2CCH,phenix,0.373,0.371804
r_free,phenix,torchref,2CCH,refmac,0.3475,0.344552
r_free,phenix,torchref,2CCH,torchref,0.3435,0.338078
r_free,phenix,torchref,2CCM,phenix,0.2817,0.278137
r_free,phenix,torchref,2CCM,refmac,0.2817,0.28157
r_free,phenix,torchref,2CCM,torchref,0.2777,0.275669
r_free,phenix,torchref,2CKL,phenix,0.3298,0.328349
r_free,phenix,torchref,2CKL,refmac,0.327,0.329234
r_free,phenix,torchref,2CKL,torchref,0.3374,0.337884
r_free,phenix,torchref,2CZV,phenix,0.293,0.293604
r_free,phenix,torchref,2CZV,refmac,0.2895,0.287705
r_free,phenix,torchref,2CZV,torchref,0.2907,0.289529
r_free,phenix,torchref,2D0T,phenix,0.2736,0.27582
r_free,phenix,torchref,2D0T,refmac,0.2638,0.269772
r_free,phenix,torchref,2D0T,torchref,0.2731,0.272958
r_free,phenix,torchref,2D68,phenix,0.2713,0.27098
r_free,phenix,torchref,2D68,refmac,0.2727,0.273044
r_free,phenix,torchref,2D68,torchref,0.2615,0.261453
r_free,phenix,torchref,2DOB,phenix,0.4794,0.516731
r_free,phenix,torchref,2DOB,refmac,0.5402,0.551444
r_free,phenix,torchref,2DOB,torchref,0.5667,0.637695
r_free,phenix,torchref,2DQ6,phenix,0.2733,0.272893
r_free,phenix,torchref,2DQ6,refmac,0.2715,0.271839
r_free,phenix,torchref,2DQ6,torchref,0.2669,0.266418
r_free,phenix,torchref,2DRY,phenix,0.4157,0.418115
r_free,phenix,torchref,2DRY,refmac,0.4197,0.423369
r_free,phenix,torchref,2DRY,torchref,0.4185,0.422668
r_free,phenix,torchref,2DX6,phenix,0.3466,0.352474
r_free,phenix,torchref,2DX6,refmac,0.3499,0.355303
r_free,phenix,torchref,2DX6,torchref,0.3652,0.374451
r_free,phenix,torchref,2E1M,phenix,0.5321,0.521154
r_free,phenix,torchref,2E1M,refmac,0.5414,0.54403
r_free,phenix,torchref,2E1M,torchref,0.5627,0.565101
r_free,phenix,torchref,2EO4,phenix,0.3304,0.331833
r_free,phenix,torchref,2EO4,refmac,0.3105,0.310575
r_free,phenix,torchref,2EO4,torchref,0.319,0.319642
r_free,phenix,torchref,2EU9,phenix,0.2951,0.295481
r_free,phenix,torchref,2EU9,refmac,0.2862,0.286766
r_free,phenix,torchref,2EU9,torchref,0.2893,0.290238
r_free,phenix,torchref,2EXU,phenix,0.5172,0.521459
r_free,phenix,torchref,2EXU,refmac,0.5183,0.52449
r_free,phenix,torchref,2EXU,torchref,0.5126,0.527648
r_free,phenix,torchref,2F1F,phenix,0.3114,0.30983
r_free,phenix,torchref,2F1F,refmac,0.295,0.29453
r_free,phenix,torchref,2F1F,torchref,0.2896,0.290932
r_free,phenix,torchref,2F2E,phenix,0.3097,0.321168
r_free,phenix,torchref,2F2E,refmac,0.3,0.306635
r_free,phenix,torchref,2F2E,torchref,0.3222,0.330034
r_free,phenix,torchref,2F8L,phenix,0.2664,0.271333
r_free,phenix,torchref,2F8L,refmac,0.2655,0.27229
r_free,phenix,torchref,2F8L,torchref,0.2666,0.269826
r_free,phenix,torchref,2F9I,phenix,0.2685,0.268583
r_free,phenix,torchref,2F9I,refmac,0.2631,0.265909
r_free,phenix,torchref,2F9I,torchref,0.2665,0.266953
r_free,phenix,torchref,2F9Z,phenix,0.3352,0.333868
r_free,phenix,torchref,2F9Z,refmac,0.3265,0.338509
r_free,phenix,torchref,2F9Z,torchref,0.3217,0.326362
r_free,phenix,torchref,2FEX,phenix,0.326,0.323597
r_free,phenix,torchref,2FEX,refmac,0.3233,0.319668
r_free,phenix,torchref,2FEX,torchref,0.3269,0.32551
r_free,phenix,torchref,2FFF,phenix,0.2973,0.300745
r_free,phenix,torchref,2FFF,refmac,0.2853,0.290827
r_free,phenix,torchref,2FFF,torchref,0.2907,0.294405
r_free,phenix,torchref,2FH9,phenix,0.4059,0.399119
r_free,phenix,torchref,2FH9,refmac,0.3808,0.36378
r_free,phenix,torchref,2FH9,torchref,0.3793,0.369344
r_free,phenix,torchref,2FTX,phenix,0.3819,0.386698
r_free,phenix,torchref,2FTX,refmac,0.3867,0.39347
r_free,phenix,torchref,2FTX,torchref,0.3766,0.376473
r_free,phenix,torchref,2G9W,phenix,0.4433,0.440168
r_free,phenix,torchref,2G9W,refmac,0.4174,0.429293
r_free,phenix,torchref,2G9W,torchref,0.427,0.432721
r_free,phenix,torchref,2GA1,phenix,0.4758,0.485744
r_free,phenix,torchref,2GA1,refmac,0.4709,0.477757
r_free,phenix,torchref,2GA1,torchref,0.5062,0.48973
r_free,phenix,torchref,2GA9,phenix,0.3183,0.316371
r_free,phenix,torchref,2GA9,refmac,0.323,0.322887
r_free,phenix,torchref,2GA9,torchref,0.3214,0.320864
r_free,phenix,torchref,2GD9,phenix,0.3504,0.35307
r_free,phenix,torchref,2GD9,refmac,0.3531,0.353825
r_free,phenix,torchref,2GD9,torchref,0.3538,0.35724
r_free,phenix,torchref,2GT1,phenix,0.341,0.340274
r_free,phenix,torchref,2GT1,refmac,0.3096,0.311123
r_free,phenix,torchref,2GT1,torchref,0.3342,0.334707
r_free,phenix,torchref,2GUH,phenix,0.3628,0.363621
r_free,phenix,torchref,2GUH,refmac,0.3617,0.359903
r_free,phenix,torchref,2GUH,torchref,0.3631,0.361509
r_free,phenix,torchref,2HXW,phenix,0.2991,0.297261
r_free,phenix,torchref,2HXW,refmac,0.2934,0.293096
r_free,phenix,torchref,2HXW,torchref,0.2938,0.291364
r_free,phenix,torchref,2I53,phenix,0.2522,0.255106
r_free,phenix,torchref,2I53,refmac,0.2566,0.259349
r_free,phenix,torchref,2I53,torchref,0.25,0.25489
r_free,phenix,torchref,2I7H,phenix,0.3022,0.29865
r_free,phenix,torchref,2I7H,refmac,0.2908,0.288733
r_free,phenix,torchref,2I7H,torchref,0.2974,0.29423
r_free,phenix,torchref,2IJE,phenix,0.3011,0.299301
r_free,phenix,torchref,2IJE,refmac,0.293,0.284089
r_free,phenix,torchref,2IJE,torchref,0.3,0.292847
r_free,phenix,torchref,2IO7,phenix,0.2801,0.281089
r_free,phenix,torchref,2IO7,refmac,0.2785,0.280789
r_free,phenix,torchref,2IO7,torchref,0.2785,0.282103
r_free,phenix,torchref,2IUC,phenix,0.2649,0.27288
r_free,phenix,torchref,2IUC,refmac,0.2697,0.27585
r_free,phenix,torchref,2IUC,torchref,0.2698,0.278139
r_free,phenix,torchref,2IVF,phenix,0.3253,0.323609
r_free,phenix,torchref,2IVF,refmac,0.3184,0.316229
r_free,phenix,torchref,2IVF,torchref,0.3253,0.322888
r_free,phenix,torchref,2IVM,phenix,0.2316,0.234312
r_free,phenix,torchref,2IVM,refmac,0.3179,0.326684
r_free,phenix,torchref,2IVM,torchref,0.2239,0.220737
r_free,phenix,torchref,2JAC,phenix,0.2894,0.282496
r_free,phenix,torchref,2JAC,refmac,0.2929,0.268927
r_free,phenix,torchref,2JAC,torchref,0.2881,0.270795
r_free,phenix,torchref,2JBV,refmac,0.282,0.281097
r_free,phenix,torchref,2JBV,torchref,0.2906,0.289547
r_free,phenix,torchref,2JFN,phenix,0.2693,0.269403
r_free,phenix,torchref,2JFN,refmac,0.2625,0.263299
r_free,phenix,torchref,2JFN,torchref,0.2625,0.260198
r_free,phenix,torchref,2JH3,phenix,0.2947,0.297606
r_free,phenix,torchref,2JH3,refmac,0.2881,0.290224
r_free,phenix,torchref,2JH3,torchref,0.2965,0.299497
r_free,phenix,torchref,2NLY,phenix,0.2366,0.243716
r_free,phenix,torchref,2NLY,refmac,0.2315,0.24766
r_free,phenix,torchref,2NLY,torchref,0.2366,0.24362
r_free,phenix,torchref,2NN4,phenix,0.3295,0.320543
r_free,phenix,torchref,2NN4,refmac,0.3105,0.301149
r_free,phenix,torchref,2NN4,torchref,0.3059,0.293116
r_free,phenix,torchref,2NTX,phenix,0.3799,0.378325
r_free,phenix,torchref,2NTX,refmac,0.3641,0.362124
r_free,phenix,torchref,2NTX,torchref,0.3793,0.37568
r_free,phenix,torchref,2NVN,phenix,0.3249,0.325655
r_free,phenix,torchref,2NVN,refmac,0.2926,0.288023
r_free,phenix,torchref,2NVN,torchref,0.2897,0.298072
r_free,phenix,torchref,2OD8,phenix,0.3765,0.374127
r_free,phenix,torchref,2OD8,refmac,0.3659,0.366709
r_free,phenix,torchref,2OD8,torchref,0.3497,0.364647
r_free,phenix,torchref,2OO2,phenix,0.2607,0.277418
r_free,phenix,torchref,2OO2,refmac,0.291,0.304149
r_free,phenix,torchref,2OO2,torchref,0.2721,0.289085
r_free,phenix,torchref,2OO3,phenix,0.2422,0.246483
r_free,phenix,torchref,2OO3,refmac,0.249,0.248891
r_free,phenix,torchref,2OO3,torchref,0.2459,0.248502
r_free,phenix,torchref,2P0U,phenix,0.2607,0.260546
r_free,phenix,torchref,2P0U,refmac,0.2601,0.259155
r_free,phenix,torchref,2P0U,torchref,0.2608,0.261357
r_free,phenix,torchref,2P1L,phenix,0.341,0.337395
r_free,phenix,torchref,2P1L,refmac,0.3249,0.316807
r_free,phenix,torchref,2P1L,torchref,0.3372,0.331239
r_free,phenix,torchref,2P38,phenix,0.3513,0.348136
r_free,phenix,torchref,2P38,refmac,0.3355,0.333874
r_free,phenix,torchref,2P38,torchref,0.3468,0.343462
r_free,phenix,torchref,2P62,phenix,0.3001,0.296447
r_free,phenix,torchref,2P62,refmac,0.2867,0.284599
r_free,phenix,torchref,2P62,torchref,0.2815,0.279473
r_free,phenix,torchref,2P8J,phenix,0.3149,0.31901
r_free,phenix,torchref,2P8J,refmac,0.3101,0.313492
r_free,phenix,torchref,2P8J,torchref,0.3147,0.317035
r_free,phenix,torchref,2P8Q,phenix,0.3482,0.344219
r_free,phenix,torchref,2P8Q,refmac,0.3316,0.330968
r_free,phenix,torchref,2P8Q,torchref,0.3601,0.356451
r_free,phenix,torchref,2PAV,phenix,0.3043,0.302146
r_free,phenix,torchref,2PAV,refmac,0.3015,0.301981
r_free,phenix,torchref,2PAV,torchref,0.2973,0.297068
r_free,phenix,torchref,2PJS,phenix,0.319,0.313572
r_free,phenix,torchref,2PJS,refmac,0.3136,0.312473
r_free,phenix,torchref,2PJS,torchref,0.3202,0.315802
r_free,phenix,torchref,2PK9,phenix,0.3604,0.386876
r_free,phenix,torchref,2PK9,refmac,0.3532,0.370299
r_free,phenix,torchref,2PK9,torchref,0.3631,0.381208
r_free,phenix,torchref,2PN0,phenix,0.4096,0.407781
r_free,phenix,torchref,2PN0,refmac,0.4029,0.399868
r_free,phenix,torchref,2PN0,torchref,0.405,0.406717
r_free,phenix,torchref,2PQN,phenix,0.4067,0.410328
r_free,phenix,torchref,2PQN,refmac,0.3492,0.353804
r_free,phenix,torchref,2PQN,torchref,0.3489,0.345218
r_free,phenix,torchref,2PQV,phenix,0.3104,0.309011
r_free,phenix,torchref,2PQV,refmac,0.3029,0.301494
r_free,phenix,torchref,2PQV,torchref,0.3001,0.298683
r_free,phenix,torchref,2PY2,phenix,0.2944,0.293423
r_free,phenix,torchref,2PY2,refmac,0.2984,0.297394
r_free,phenix,torchref,2PY2,torchref,0.2862,0.284533
r_free,phenix,torchref,2Q1Z,phenix,0.4679,0.491261
r_free,phenix,torchref,2Q1Z,refmac,0.4237,0.424482
r_free,phenix,torchref,2Q1Z,torchref,0.4588,0.463592
r_free,phenix,torchref,2QCO,phenix,0.3096,0.314545
r_free,phenix,torchref,2QCO,refmac,0.3177,0.320662
r_free,phenix,torchref,2QCO,torchref,0.3064,0.311042
r_free,phenix,torchref,2QE9,phenix,0.3692,0.375325
r_free,phenix,torchref,2QE9,refmac,0.3606,0.363762
r_free,phenix,torchref,2QE9,torchref,0.37,0.373735
r_free,phenix,torchref,2QH9,phenix,0.3325,0.334793
r_free,phenix,torchref,2QH9,refmac,0.3343,0.338291
r_free,phenix,torchref,2QH9,torchref,0.3327,0.339467
r_free,phenix,torchref,2QHL,phenix,0.2767,0.275461
r_free,phenix,torchref,2QHL,refmac,0.2931,0.293604
r_free,phenix,torchref,2QHL,torchref,0.2785,0.279129
r_free,phenix,torchref,2QKL,phenix,0.4227,0.432966
r_free,phenix,torchref,2QKL,refmac,0.4126,0.435702
r_free,phenix,torchref,2QKL,torchref,0.3949,0.400274
r_free,phenix,torchref,2QL3,phenix,0.3033,0.3025
r_free,phenix,torchref,2QL3,refmac,0.3044,0.301747
r_free,phenix,torchref,2QL3,torchref,0.3012,0.301129
r_free,phenix,torchref,2QM7,phenix,0.3301,0.329735
r_free,phenix,torchref,2QM7,refmac,0.3252,0.32521
r_free,phenix,torchref,2QM7,torchref,0.3326,0.331853
r_free,phenix,torchref,2QML,phenix,0.3599,0.355392
r_free,phenix,torchref,2QML,refmac,0.349,0.346211
r_free,phenix,torchref,2QML,torchref,0.3632,0.359205
r_free,phenix,torchref,2QOS,phenix,0.36,0.357934
r_free,phenix,torchref,2QOS,refmac,0.3694,0.373038
r_free,phenix,torchref,2QOS,torchref,0.3474,0.346813
r_free,phenix,torchref,2QSV,phenix,0.347,0.344912
r_free,phenix,torchref,2QSV,refmac,0.335,0.33186
r_free,phenix,torchref,2QSV,torchref,0.3352,0.329794
r_free,phenix,torchref,2QYA,phenix,0.3572,0.366379
r_free,phenix,torchref,2QYA,refmac,0.3516,0.362527
r_free,phenix,torchref,2QYA,torchref,0.3472,0.365259
r_free,phenix,torchref,2R5F,phenix,0.3099,0.30934
r_free,phenix,torchref,2R5F,refmac,0.314,0.303686
r_free,phenix,torchref,2R5F,torchref,0.3084,0.294334
r_free,phenix,torchref,2R6R,phenix,0.3032,0.300221
r_free,phenix,torchref,2R6R,refmac,0.2951,0.29206
r_free,phenix,torchref,2R6R,torchref,0.3078,0.303465
r_free,phenix,torchref,2RCC,phenix,0.325,0.326829
r_free,phenix,torchref,2RCC,refmac,0.323,0.323087
r_free,phenix,torchref,2RCC,torchref,0.3226,0.32543
r_free,phenix,torchref,2RH3,phenix,0.2603,0.255315
r_free,phenix,torchref,2RH3,refmac,0.2603,0.256034
r_free,phenix,torchref,2RH3,torchref,0.2585,0.256713
r_free,phenix,torchref,2UZ8,refmac,0.3218,0.32087
r_free,phenix,torchref,2UZ8,torchref,0.3261,0.327532
r_free,phenix,torchref,2V62,phenix,0.2835,0.274861
r_free,phenix,torchref,2V62,refmac,0.2829,0.274405
r_free,phenix,torchref,2V62,torchref,0.2802,0.271681
r_free,phenix,torchref,2VEF,phenix,0.3169,0.319538
r_free,phenix,torchref,2VEF,refmac,0.3184,0.321084
r_free,phenix,torchref,2VEF,torchref,0.3243,0.325259
r_free,phenix,torchref,2VUN,phenix,0.2512,0.249655
r_free,phenix,torchref,2VUN,refmac,0.2502,0.24788
r_free,phenix,torchref,2VUN,torchref,0.2501,0.247476
r_free,phenix,torchref,2VZB,phenix,0.2817,0.281395
r_free,phenix,torchref,2VZB,refmac,0.2865,0.288063
r_free,phenix,torchref,2VZB,torchref,0.2891,0.290424
r_free,phenix,torchref,2W3X,phenix,0.2818,0.280279
r_free,phenix,torchref,2W3X,refmac,0.2799,0.27736
r_free,phenix,torchref,2W3X,torchref,0.276,0.274522
r_free,phenix,torchref,2W9Y,phenix,0.3156,0.311482
r_free,phenix,torchref,2W9Y,refmac,0.3033,0.309024
r_free,phenix,torchref,2W9Y,torchref,0.3064,0.306421
r_free,phenix,torchref,2WDZ,phenix,0.2783,0.276869
r_free,phenix,torchref,2WDZ,refmac,0.2786,0.275163
r_free,phenix,torchref,2WDZ,torchref,0.2766,0.27584
r_free,phenix,torchref,2WNH,phenix,0.2627,0.261819
r_free,phenix,torchref,2WNH,refmac,0.2604,0.261404
r_free,phenix,torchref,2WNH,torchref,0.2623,0.262099
r_free,phenix,torchref,2WP1,phenix,0.4772,0.484516
r_free,phenix,torchref,2WP1,refmac,0.4504,0.452772
r_free,phenix,torchref,2WP1,torchref,0.4717,0.464797
r_free,phenix,torchref,2X1C,phenix,0.2404,0.242251
r_free,phenix,torchref,2X1C,refmac,0.2367,0.23883
r_free,phenix,torchref,2X1C,torchref,0.2406,0.241736
r_free,phenix,torchref,2X26,phenix,0.4654,0.462023
r_free,phenix,torchref,2X26,refmac,0.461,0.460257
r_free,phenix,torchref,2X26,torchref,0.4784,0.476687
r_free,phenix,torchref,2XD0,phenix,0.4605,0.468697
r_free,phenix,torchref,2XD0,refmac,0.4414,0.453688
r_free,phenix,torchref,2XD0,torchref,0.4582,0.468714
r_free,phenix,torchref,2XDO,phenix,0.289,0.289849
r_free,phenix,torchref,2XDO,refmac,0.3023,0.299989
r_free,phenix,torchref,2XDO,torchref,0.2932,0.293356
r_free,phenix,torchref,2XN4,phenix,0.3276,0.333618
r_free,phenix,torchref,2XN4,refmac,0.3415,0.344149
r_free,phenix,torchref,2XN4,torchref,0.3795,0.384299
r_free,phenix,torchref,2XPI,phenix,0.2738,0.271018
r_free,phenix,torchref,2XPI,refmac,0.2871,0.28561
r_free,phenix,torchref,2XPI,torchref,0.2825,0.279316
r_free,phenix,torchref,2XPL,phenix,0.3258,0.326568
r_free,phenix,torchref,2XPL,refmac,0.3119,0.309797
r_free,phenix,torchref,2XPL,torchref,0.3265,0.324922
r_free,phenix,torchref,2XVS,phenix,0.4538,0.44516
r_free,phenix,torchref,2XVS,refmac,0.4321,0.427745
r_free,phenix,torchref,2XVS,torchref,0.4339,0.426897
r_free,phenix,torchref,2Y9W,phenix,0.3351,0.330938
r_free,phenix,torchref,2Y9W,refmac,0.3316,0.328957
r_free,phenix,torchref,2Y9W,torchref,0.3375,0.333408
r_free,phenix,torchref,2YEU,phenix,0.3866,0.390289
r_free,phenix,torchref,2YEU,refmac,0.3787,0.382066
r_free,phenix,torchref,2YEU,torchref,0.392,0.392802
r_free,phenix,torchref,2YFA,phenix,0.373,0.368728
r_free,phenix,torchref,2YFA,refmac,0.3784,0.374611
r_free,phenix,torchref,2YFA,torchref,0.3763,0.372125
r_free,phenix,torchref,2YGB,phenix,0.3067,0.304259
r_free,phenix,torchref,2YGB,refmac,0.3569,0.35528
r_free,phenix,torchref,2YGB,torchref,0.3216,0.317873
r_free,phenix,torchref,2YGK,phenix,0.3805,0.379275
r_free,phenix,torchref,2YGK,refmac,0.3568,0.356179
r_free,phenix,torchref,2YGK,torchref,0.3465,0.356023
r_free,phenix,torchref,2YJT,phenix,0.2614,0.281671
r_free,phenix,torchref,2YJT,refmac,0.2725,0.283103
r_free,phenix,torchref,2YJT,torchref,0.3382,0.375402
r_free,phenix,torchref,2YN0,phenix,0.2723,0.269449
r_free,phenix,torchref,2YN0,refmac,0.2714,0.269206
r_free,phenix,torchref,2YN0,torchref,0.2743,0.270945
r_free,phenix,torchref,2Z1D,phenix,0.278,0.276482
r_free,phenix,torchref,2Z1D,refmac,0.2771,0.276827
r_free,phenix,torchref,2Z1D,torchref,0.2787,0.277903
r_free,phenix,torchref,2Z1Z,phenix,0.252,0.252768
r_free,phenix,torchref,2Z1Z,refmac,0.2454,0.245971
r_free,phenix,torchref,2Z1Z,torchref,0.2482,0.249043
r_free,phenix,torchref,2Z7E,phenix,0.3716,0.371241
r_free,phenix,torchref,2Z7E,refmac,0.3543,0.352116
r_free,phenix,torchref,2Z7E,torchref,0.352,0.345945
r_free,phenix,torchref,2ZIU,phenix,0.5009,0.508148
r_free,phenix,torchref,2ZIU,refmac,0.5002,0.503644
r_free,phenix,torchref,2ZIU,torchref,0.4991,0.503692
r_free,phenix,torchref,2ZME,phenix,0.3738,0.394004
r_free,phenix,torchref,2ZME,refmac,0.3457,0.374439
r_free,phenix,torchref,2ZME,torchref,0.3525,0.364908
r_free,phenix,torchref,2ZON,phenix,0.2624,0.262107
r_free,phenix,torchref,2ZON,refmac,0.2612,0.259707
r_free,phenix,torchref,2ZON,torchref,0.2662,0.264942
r_free,phenix,torchref,2ZUL,phenix,0.2807,0.284088
r_free,phenix,torchref,2ZUL,refmac,0.2812,0.284224
r_free,phenix,torchref,2ZUL,torchref,0.2726,0.273224
r_free,phenix,torchref,3A58,phenix,0.3685,0.365313
r_free,phenix,torchref,3A58,refmac,0.3527,0.35304
r_free,phenix,torchref,3A58,torchref,0.3595,0.357112
r_free,phenix,torchref,3ADO,phenix,0.2527,0.252136
r_free,phenix,torchref,3ADO,refmac,0.2568,0.253586
r_free,phenix,torchref,3ADO,torchref,0.2549,0.253405
r_free,phenix,torchref,3AJW,refmac,0.4148,0.411529
r_free,phenix,torchref,3AJW,torchref,0.3863,0.392105
r_free,phenix,torchref,3AMH,phenix,0.2411,0.238068
r_free,phenix,torchref,3AMH,refmac,0.2445,0.24239
r_free,phenix,torchref,3AMH,torchref,0.2454,0.244235
r_free,phenix,torchref,3AQG,phenix,0.2824,0.279846
r_free,phenix,torchref,3AQG,refmac,0.299,0.283133
r_free,phenix,torchref,3AQG,torchref,0.3316,0.307254
r_free,phenix,torchref,3ATQ,phenix,0.2885,0.283561
r_free,phenix,torchref,3ATQ,refmac,0.2762,0.272266
r_free,phenix,torchref,3ATQ,torchref,0.2797,0.275819
r_free,phenix,torchref,3AV4,phenix,0.3487,0.366407
r_free,phenix,torchref,3AV4,refmac,0.3369,0.356719
r_free,phenix,torchref,3AV4,torchref,0.3675,0.387913
r_free,phenix,torchref,3B23,refmac,0.4831,0.481385
r_free,phenix,torchref,3B23,torchref,0.512,0.559707
r_free,phenix,torchref,3B2D,phenix,0.3204,0.323501
r_free,phenix,torchref,3B2D,refmac,0.3135,0.323947
r_free,phenix,torchref,3B2D,torchref,0.3586,0.36602
r_free,phenix,torchref,3B8I,phenix,0.3093,0.308304
r_free,phenix,torchref,3B8I,refmac,0.3032,0.301909
r_free,phenix,torchref,3B8I,torchref,0.3031,0.301842
r_free,phenix,torchref,3BCI,phenix,0.2834,0.283245
r_free,phenix,torchref,3BCI,refmac,0.2825,0.280504
r_free,phenix,torchref,3BCI,torchref,0.2918,0.287825
r_free,phenix,torchref,3BGU,phenix,0.3621,0.364911
r_free,phenix,torchref,3BGU,refmac,0.3622,0.362262
r_free,phenix,torchref,3BGU,torchref,0.3541,0.357113
r_free,phenix,torchref,3BJ6,phenix,0.3688,0.359007
r_free,phenix,torchref,3BJ6,refmac,0.3603,0.354774
r_free,phenix,torchref,3BJ6,torchref,0.3446,0.336691
r_free,phenix,torchref,3BNK,phenix,0.2914,0.28739
r_free,phenix,torchref,3BNK,refmac,0.2869,0.284414
r_free,phenix,torchref,3BNK,torchref,0.2882,0.282748
r_free,phenix,torchref,3BSD,phenix,0.3904,0.401823
r_free,phenix,torchref,3BSD,refmac,0.3828,0.396737
r_free,phenix,torchref,3BVQ,phenix,0.3617,0.360321
r_free,phenix,torchref,3BVQ,refmac,0.3443,0.346285
r_free,phenix,torchref,3BVQ,torchref,0.375,0.378623
r_free,phenix,torchref,3C7J,phenix,0.5669,0.570976
r_free,phenix,torchref,3C7J,refmac,0.5782,0.582618
r_free,phenix,torchref,3C7J,torchref,0.5555,0.563942
r_free,phenix,torchref,3CAX,phenix,0.2366,0.230497
r_free,phenix,torchref,3CAX,refmac,0.244,0.234356
r_free,phenix,torchref,3CAX,torchref,0.2345,0.227538
r_free,phenix,torchref,3CB0,phenix,0.2781,0.277828
r_free,phenix,torchref,3CB0,refmac,0.2819,0.282096
r_free,phenix,torchref,3CB0,torchref,0.2754,0.27514
r_free,phenix,torchref,3CB5,phenix,0.2993,0.301494
r_free,phenix,torchref,3CB5,refmac,0.305,0.305569
r_free,phenix,torchref,3CB5,torchref,0.3051,0.305176
r_free,phenix,torchref,3CBM,phenix,0.3059,0.305236
r_free,phenix,torchref,3CBM,refmac,0.2987,0.302085
r_free,phenix,torchref,3CBM,torchref,0.285,0.290785
r_free,phenix,torchref,3CGG,phenix,0.3225,0.330144
r_free,phenix,torchref,3CGG,refmac,0.3249,0.328473
r_free,phenix,torchref,3CGG,torchref,0.337,0.33948
r_free,phenix,torchref,3CMQ,phenix,0.265,0.261717
r_free,phenix,torchref,3CMQ,refmac,0.2547,0.251193
r_free,phenix,torchref,3CMQ,torchref,0.2612,0.25558
r_free,phenix,torchref,3CQO,phenix,0.275,0.269305
r_free,phenix,torchref,3CQO,refmac,0.2707,0.266079
r_free,phenix,torchref,3CQO,torchref,0.2707,0.264837
r_free,phenix,torchref,3CU3,phenix,0.3926,0.398199
r_free,phenix,torchref,3CU3,refmac,0.3814,0.392096
r_free,phenix,torchref,3CU3,torchref,0.4191,0.44976
r_free,phenix,torchref,3CXM,phenix,0.2611,0.255667
r_free,phenix,torchref,3CXM,refmac,0.2606,0.257649
r_free,phenix,torchref,3CXM,torchref,0.2635,0.260351
r_free,phenix,torchref,3D1M,phenix,0.2996,0.297779
r_free,phenix,torchref,3D1M,refmac,0.2978,0.295228
r_free,phenix,torchref,3D1M,torchref,0.2916,0.287779
r_free,phenix,torchref,3D49,phenix,0.395,0.393321
r_free,phenix,torchref,3D49,refmac,0.3789,0.379639
r_free,phenix,torchref,3D49,torchref,0.3594,0.359461
r_free,phenix,torchref,3DEE,phenix,0.4388,0.441025
r_free,phenix,torchref,3DEE,refmac,0.4283,0.422781
r_free,phenix,torchref,3DEE,torchref,0.435,0.433722
r_free,phenix,torchref,3DIW,phenix,0.4788,0.467312
r_free,phenix,torchref,3DIW,refmac,0.3722,0.367149
r_free,phenix,torchref,3DIW,torchref,0.4208,0.410965
r_free,phenix,torchref,3DJD,phenix,0.2951,0.296184
r_free,phenix,torchref,3DJD,refmac,0.2952,0.294404
r_free,phenix,torchref,3DJD,torchref,0.298,0.298224
r_free,phenix,torchref,3DJN,phenix,0.2429,0.245828
r_free,phenix,torchref,3DJN,refmac,0.2331,0.234333
r_free,phenix,torchref,3DJN,torchref,0.2308,0.237192
r_free,phenix,torchref,3DLA,phenix,0.25,0.257391
r_free,phenix,torchref,3DLA,refmac,0.2481,0.252919
r_free,phenix,torchref,3DLA,torchref,0.2609,0.266919
r_free,phenix,torchref,3DOH,refmac,0.2681,0.273721
r_free,phenix,torchref,3DOH,torchref,0.2726,0.275083
r_free,phenix,torchref,3DXI,phenix,0.3421,0.338948
r_free,phenix,torchref,3DXI,refmac,0.3367,0.333656
r_free,phenix,torchref,3DXI,torchref,0.3482,0.347148
r_free,phenix,torchref,3E7P,phenix,0.2924,0.295455
r_free,phenix,torchref,3E7P,refmac,0.2918,0.288607
r_free,phenix,torchref,3E7P,torchref,0.2809,0.28116
r_free,phenix,torchref,3E8S,phenix,0.2965,0.298508
r_free,phenix,torchref,3E8S,refmac,0.2903,0.29335
r_free,phenix,torchref,3E8S,torchref,0.2952,0.295932
r_free,phenix,torchref,3E8V,phenix,0.2546,0.271022
r_free,phenix,torchref,3E8V,refmac,0.3581,0.378061
r_free,phenix,torchref,3E8V,torchref,0.2577,0.274499
r_free,phenix,torchref,3E98,phenix,0.3922,0.392928
r_free,phenix,torchref,3E98,refmac,0.3888,0.387105
r_free,phenix,torchref,3E98,torchref,0.3948,0.391101
r_free,phenix,torchref,3E99,phenix,0.3351,0.344413
r_free,phenix,torchref,3E99,refmac,0.3175,0.322633
r_free,phenix,torchref,3E99,torchref,0.3227,0.325567
r_free,phenix,torchref,3EC1,phenix,0.3758,0.374686
r_free,phenix,torchref,3EC1,refmac,0.3743,0.36827
r_free,phenix,torchref,3EC1,torchref,0.3842,0.384434
r_free,phenix,torchref,3ED4,phenix,0.3304,0.330945
r_free,phenix,torchref,3ED4,refmac,0.3277,0.327608
r_free,phenix,torchref,3ED4,torchref,0.3304,0.330026
r_free,phenix,torchref,3EFY,phenix,0.3085,0.309711
r_free,phenix,torchref,3EFY,refmac,0.3076,0.303921
r_free,phenix,torchref,3EFY,torchref,0.3012,0.299704
r_free,phenix,torchref,3ER7,refmac,0.3242,0.323292
r_free,phenix,torchref,3ER7,torchref,0.3204,0.317748
r_free,phenix,torchref,3EUS,phenix,0.3041,0.303551
r_free,phenix,torchref,3EUS,refmac,0.2944,0.295312
r_free,phenix,torchref,3EUS,torchref,0.2906,0.290065
r_free,phenix,torchref,3FBI,phenix,0.3697,0.368694
r_free,phenix,torchref,3FBI,refmac,0.3442,0.340325
r_free,phenix,torchref,3FBI,torchref,0.3458,0.352775
r_free,phenix,torchref,3FJU,phenix,0.3051,0.305078
r_free,phenix,torchref,3FJU,refmac,0.3127,0.313295
r_free,phenix,torchref,3FJU,torchref,0.3098,0.310678
r_free,phenix,torchref,3FKK,phenix,0.2509,0.25216
r_free,phenix,torchref,3FKK,refmac,0.2527,0.254516
r_free,phenix,torchref,3FKK,torchref,0.2549,0.256835
r_free,phenix,torchref,3FPR,phenix,0.3212,0.322326
r_free,phenix,torchref,3FPR,refmac,0.2954,0.297676
r_free,phenix,torchref,3FPR,torchref,0.3011,0.303016
r_free,phenix,torchref,3FVE,phenix,0.29,0.276798
r_free,phenix,torchref,3FVE,refmac,0.2908,0.279235
r_free,phenix,torchref,3FVE,torchref,0.2896,0.276941
r_free,phenix,torchref,3FVV,refmac,0.2828,0.284038
r_free,phenix,torchref,3FVV,torchref,0.2946,0.295368
r_free,phenix,torchref,3G39,phenix,0.2496,0.243727
r_free,phenix,torchref,3G39,refmac,0.2483,0.244467
r_free,phenix,torchref,3G39,torchref,0.2461,0.242919
r_free,phenix,torchref,3G3O,phenix,0.2928,0.285373
r_free,phenix,torchref,3G3O,refmac,0.2772,0.275541
r_free,phenix,torchref,3G3O,torchref,0.3074,0.302957
r_free,phenix,torchref,3G6L,phenix,0.2977,0.301838
r_free,phenix,torchref,3G6L,refmac,0.3081,0.312411
r_free,phenix,torchref,3G6L,torchref,0.3101,0.312532
r_free,phenix,torchref,3G85,phenix,0.3461,0.342539
r_free,phenix,torchref,3G85,refmac,0.3463,0.343968
r_free,phenix,torchref,3G85,torchref,0.3456,0.343263
r_free,phenix,torchref,3GF6,phenix,0.3339,0.334906
r_free,phenix,torchref,3GF6,refmac,0.3401,0.337493
r_free,phenix,torchref,3GF6,torchref,0.3425,0.340336
r_free,phenix,torchref,3GLR,phenix,0.3397,0.339257
r_free,phenix,torchref,3GLR,refmac,0.3152,0.310874
r_free,phenix,torchref,3GLR,torchref,0.3261,0.320071
r_free,phenix,torchref,3GM5,phenix,0.3595,0.365676
r_free,phenix,torchref,3GM5,refmac,0.3784,0.383949
r_free,phenix,torchref,3GM5,torchref,0.3824,0.383122
r_free,phenix,torchref,3GMV,phenix,0.3107,0.399749
r_free,phenix,torchref,3GMV,refmac,0.3447,0.44517
r_free,phenix,torchref,3GMV,torchref,0.3812,0.40838
r_free,phenix,torchref,3GQU,phenix,0.3482,0.3329
r_free,phenix,torchref,3GQU,refmac,0.3605,0.352832
r_free,phenix,torchref,3GQU,torchref,0.3497,0.350078
r_free,phenix,torchref,3GR5,phenix,0.323,0.323552
r_free,phenix,torchref,3GR5,refmac,0.3213,0.32163
r_free,phenix,torchref,3GR5,torchref,0.3195,0.321004
r_free,phenix,torchref,3GXQ,phenix,0.3824,0.390649
r_free,phenix,torchref,3GXQ,refmac,0.3869,0.393989
r_free,phenix,torchref,3GXQ,torchref,0.4064,0.407628
r_free,phenix,torchref,3H1T,phenix,0.3156,0.310965
r_free,phenix,torchref,3H1T,refmac,0.3068,0.300168
r_free,phenix,torchref,3H1T,torchref,0.3126,0.304889
r_free,phenix,torchref,3H6E,phenix,0.3135,0.308937
r_free,phenix,torchref,3H6E,refmac,0.3065,0.304486
r_free,phenix,torchref,3H6E,torchref,0.3184,0.31807
r_free,phenix,torchref,3H6R,phenix,0.2749,0.282276
r_free,phenix,torchref,3H6R,refmac,0.2626,0.265437
r_free,phenix,torchref,3H6R,torchref,0.2703,0.277243
r_free,phenix,torchref,3H7O,phenix,0.2596,0.259597
r_free,phenix,torchref,3H7O,refmac,0.2592,0.261492
r_free,phenix,torchref,3H7O,torchref,0.2557,0.255388
r_free,phenix,torchref,3HBC,phenix,0.3464,0.345226
r_free,phenix,torchref,3HBC,refmac,0.3142,0.312733
r_free,phenix,torchref,3HBC,torchref,0.3303,0.334959
r_free,phenix,torchref,3HHC,phenix,0.439,0.438913
r_free,phenix,torchref,3HHC,refmac,0.4326,0.428252
r_free,phenix,torchref,3HHC,torchref,0.4159,0.413486
r_free,phenix,torchref,3HL0,phenix,0.3659,0.365126
r_free,phenix,torchref,3HL0,refmac,0.3429,0.344022
r_free,phenix,torchref,3HL0,torchref,0.3575,0.35645
r_free,phenix,torchref,3HST,phenix,0.2822,0.278525
r_free,phenix,torchref,3HST,refmac,0.2909,0.287827
r_free,phenix,torchref,3HST,torchref,0.2824,0.280637
r_free,phenix,torchref,3HTK,phenix,0.4502,0.442013
r_free,phenix,torchref,3HTK,refmac,0.447,0.451502
r_free,phenix,torchref,3HTK,torchref,0.4232,0.417782
r_free,phenix,torchref,3HTV,phenix,0.3631,0.361389
r_free,phenix,torchref,3HTV,refmac,0.3341,0.334151
r_free,phenix,torchref,3HTV,torchref,0.3581,0.355546
r_free,phenix,torchref,3I38,phenix,0.371,0.371675
r_free,phenix,torchref,3I38,refmac,0.3471,0.349104
r_free,phenix,torchref,3I38,torchref,0.3627,0.365331
r_free,phenix,torchref,3IC8,phenix,0.3403,0.339974
r_free,phenix,torchref,3IC8,refmac,0.3333,0.326146
r_free,phenix,torchref,3IC8,torchref,0.3489,0.341128
r_free,phenix,torchref,3IHU,phenix,0.4002,0.401708
r_free,phenix,torchref,3IHU,refmac,0.4022,0.408195
r_free,phenix,torchref,3IHU,torchref,0.4112,0.414527
r_free,phenix,torchref,3IUG,phenix,0.3027,0.299531
r_free,phenix,torchref,3IUG,refmac,0.3015,0.298974
r_free,phenix,torchref,3IUG,torchref,0.3006,0.299227
r_free,phenix,torchref,3IVB,phenix,0.5192,0.520018
r_free,phenix,torchref,3IVB,refmac,0.4588,0.459078
r_free,phenix,torchref,3IVB,torchref,0.479,0.472427
r_free,phenix,torchref,3JST,phenix,0.29,0.292528
r_free,phenix,torchref,3JST,refmac,0.284,0.284631
r_free,phenix,torchref,3JST,torchref,0.2874,0.288459
r_free,phenix,torchref,3JWH,phenix,0.3358,0.334473
r_free,phenix,torchref,3JWH,refmac,0.3178,0.317635
r_free,phenix,torchref,3JWH,torchref,0.3304,0.327503
r_free,phenix,torchref,3K7M,phenix,0.324,0.32371
r_free,phenix,torchref,3K7M,refmac,0.3131,0.313243
r_free,phenix,torchref,3KFW,phenix,0.3805,0.380035
r_free,phenix,torchref,3KFW,refmac,0.3759,0.356045
r_free,phenix,torchref,3KFW,torchref,0.3664,0.362404
r_free,phenix,torchref,3KGR,phenix,0.3126,0.308565
r_free,phenix,torchref,3KGR,refmac,0.3193,0.318835
r_free,phenix,torchref,3KGR,torchref,0.3126,0.309661
r_free,phenix,torchref,3KKD,phenix,0.4027,0.410249
r_free,phenix,torchref,3KKD,refmac,0.3883,0.391859
r_free,phenix,torchref,3KKD,torchref,0.4016,0.41457
r_free,phenix,torchref,3KKE,phenix,0.2929,0.296816
r_free,phenix,torchref,3KKE,refmac,0.2856,0.289259
r_free,phenix,torchref,3KKE,torchref,0.2873,0.290568
r_free,phenix,torchref,3KOL,phenix,0.3733,0.368535
r_free,phenix,torchref,3KOL,refmac,0.331,0.326602
r_free,phenix,torchref,3KOL,torchref,0.3563,0.357604
r_free,phenix,torchref,3KXR,phenix,0.4766,0.470355
r_free,phenix,torchref,3KXR,refmac,0.4598,0.451172
r_free,phenix,torchref,3KXR,torchref,0.4392,0.439213
r_free,phenix,torchref,3KZP,phenix,0.3999,0.394832
r_free,phenix,torchref,3KZP,refmac,0.4051,0.409428
r_free,phenix,torchref,3KZP,torchref,0.3862,0.383545
r_free,phenix,torchref,3L1W,phenix,0.2693,0.268518
r_free,phenix,torchref,3L1W,refmac,0.2677,0.266969
r_free,phenix,torchref,3L1W,torchref,0.2689,0.268491
r_free,phenix,torchref,3L2H,phenix,0.3176,0.31531
r_free,phenix,torchref,3L2H,refmac,0.3186,0.315937
r_free,phenix,torchref,3L2H,torchref,0.3158,0.312448
r_free,phenix,torchref,3L6F,phenix,0.3304,0.331976
r_free,phenix,torchref,3L6F,refmac,0.3114,0.312179
r_free,phenix,torchref,3L6F,torchref,0.3312,0.331303
r_free,phenix,torchref,3LLI,phenix,0.3315,0.325722
r_free,phenix,torchref,3LLI,refmac,0.3305,0.325727
r_free,phenix,torchref,3LLI,torchref,0.3175,0.31262
r_free,phenix,torchref,3LOC,phenix,0.337,0.331838
r_free,phenix,torchref,3LOC,refmac,0.3157,0.32021
r_free,phenix,torchref,3LOC,torchref,0.3267,0.323935
r_free,phenix,torchref,3LS0,phenix,0.2367,0.237206
r_free,phenix,torchref,3LS0,refmac,0.2409,0.242591
r_free,phenix,torchref,3LS0,torchref,0.2355,0.235865
r_free,phenix,torchref,3LW3,phenix,0.2644,0.265379
r_free,phenix,torchref,3LW3,refmac,0.2712,0.266087
r_free,phenix,torchref,3LW3,torchref,0.2641,0.262759
r_free,phenix,torchref,3M1G,phenix,0.2854,0.285051
r_free,phenix,torchref,3M1G,refmac,0.2832,0.282822
r_free,phenix,torchref,3M1T,phenix,0.3747,0.37672
r_free,phenix,torchref,3M1T,refmac,0.3749,0.374639
r_free,phenix,torchref,3M1T,torchref,0.3681,0.370548
r_free,phenix,torchref,3M91,phenix,0.5343,0.529224
r_free,phenix,torchref,3M91,refmac,0.5058,0.513519
r_free,phenix,torchref,3M91,torchref,0.4946,0.490529
r_free,phenix,torchref,3MB2,phenix,0.453,0.45951
r_free,phenix,torchref,3MB2,refmac,0.4262,0.435316
r_free,phenix,torchref,3MB2,torchref,0.4425,0.451268
r_free,phenix,torchref,3MKR,phenix,0.268,0.268418
r_free,phenix,torchref,3MKR,refmac,0.2614,0.25713
r_free,phenix,torchref,3MKR,torchref,0.2697,0.271295
r_free,phenix,torchref,3ML3,phenix,0.3102,0.306124
r_free,phenix,torchref,3ML3,refmac,0.3189,0.305118
r_free,phenix,torchref,3ML3,torchref,0.3092,0.30231
r_free,phenix,torchref,3MML,phenix,0.3104,0.311194
r_free,phenix,torchref,3MML,refmac,0.3005,0.299881
r_free,phenix,torchref,3MML,torchref,0.3159,0.320407
r_free,phenix,torchref,3MQ2,phenix,0.3448,0.345964
r_free,phenix,torchref,3MQ2,refmac,0.3331,0.33503
r_free,phenix,torchref,3MQ2,torchref,0.3388,0.338869
r_free,phenix,torchref,3MV2,phenix,0.3044,0.322999
r_free,phenix,torchref,3MV2,refmac,0.3358,0.352335
r_free,phenix,torchref,3MV2,torchref,0.3028,0.311033
r_free,phenix,torchref,3MYU,phenix,0.2967,0.297388
r_free,phenix,torchref,3MYU,refmac,0.2962,0.294546
r_free,phenix,torchref,3MYU,torchref,0.2984,0.298226
r_free,phenix,torchref,3N39,phenix,0.2911,0.286974
r_free,phenix,torchref,3N39,refmac,0.2848,0.283965
r_free,phenix,torchref,3N39,torchref,0.2887,0.28406
r_free,phenix,torchref,3N55,phenix,0.3048,0.309936
r_free,phenix,torchref,3N55,refmac,0.301,0.302059
r_free,phenix,torchref,3N55,torchref,0.3058,0.30773
r_free,phenix,torchref,3N5L,phenix,0.3075,0.303541
r_free,phenix,torchref,3N5L,refmac,0.2979,0.292236
r_free,phenix,torchref,3N5L,torchref,0.3086,0.304384
r_free,phenix,torchref,3N74,phenix,0.2714,0.271379
r_free,phenix,torchref,3N74,refmac,0.2684,0.269214
r_free,phenix,torchref,3N74,torchref,0.2723,0.272444
r_free,phenix,torchref,3N9U,phenix,0.2846,0.28533
r_free,phenix,torchref,3N9U,refmac,0.2944,0.296947
r_free,phenix,torchref,3N9U,torchref,0.286,0.291041
r_free,phenix,torchref,3NJB,phenix,0.2993,0.302135
r_free,phenix,torchref,3NJB,refmac,0.2954,0.297134
r_free,phenix,torchref,3NJE,phenix,0.311,0.312159
r_free,phenix,torchref,3NJE,refmac,0.2943,0.297509
r_free,phenix,torchref,3NJE,torchref,0.2963,0.298723
r_free,phenix,torchref,3NO8,phenix,0.3073,0.301738
r_free,phenix,torchref,3NO8,refmac,0.315,0.307971
r_free,phenix,torchref,3NO8,torchref,0.3234,0.319346
r_free,phenix,torchref,3NYY,refmac,0.3127,0.310114
r_free,phenix,torchref,3NYY,torchref,0.3213,0.319837
r_free,phenix,torchref,3OAP,phenix,0.2572,0.257419
r_free,phenix,torchref,3OAP,refmac,0.2567,0.258041
r_free,phenix,torchref,3OAP,torchref,0.2562,0.261015
r_free,phenix,torchref,3OC7,phenix,0.2555,0.256036
r_free,phenix,torchref,3OC7,refmac,0.252,0.252793
r_free,phenix,torchref,3OC7,torchref,0.2525,0.252705
r_free,phenix,torchref,3OEC,phenix,0.2935,0.291842
r_free,phenix,torchref,3OEC,refmac,0.2928,0.292626
r_free,phenix,torchref,3OEC,torchref,0.2951,0.295786
r_free,phenix,torchref,3OFJ,phenix,0.3232,0.327251
r_free,phenix,torchref,3OFJ,refmac,0.3609,0.354023
r_free,phenix,torchref,3OFJ,torchref,0.3471,0.348875
r_free,phenix,torchref,3OOQ,phenix,0.2973,0.298204
r_free,phenix,torchref,3OOQ,refmac,0.2966,0.297957
r_free,phenix,torchref,3OOQ,torchref,0.3002,0.301344
r_free,phenix,torchref,3P86,phenix,0.2888,0.284875
r_free,phenix,torchref,3P86,refmac,0.279,0.279072
r_free,phenix,torchref,3P86,torchref,0.2885,0.283835
r_free,phenix,torchref,3PFY,phenix,0.3983,0.395473
r_free,phenix,torchref,3PFY,refmac,0.3802,0.369942
r_free,phenix,torchref,3PFY,torchref,0.3788,0.378671
r_free,phenix,torchref,3PPU,phenix,0.2663,0.266047
r_free,phenix,torchref,3PPU,refmac,0.2609,0.265622
r_free,phenix,torchref,3PPU,torchref,0.2644,0.267988
r_free,phenix,torchref,3PZ8,phenix,0.326,0.336285
r_free,phenix,torchref,3PZ8,refmac,0.3103,0.314917
r_free,phenix,torchref,3PZ8,torchref,0.3192,0.334042
r_free,phenix,torchref,3QC1,phenix,0.397,0.391347
r_free,phenix,torchref,3QC1,refmac,0.3523,0.348834
r_free,phenix,torchref,3QC1,torchref,0.389,0.383071
r_free,phenix,torchref,3QDO,refmac,0.3579,0.345647
r_free,phenix,torchref,3QDO,torchref,0.3293,0.326171
r_free,phenix,torchref,3QKL,phenix,0.3009,0.306746
r_free,phenix,torchref,3QKL,refmac,0.2963,0.299058
r_free,phenix,torchref,3QKL,torchref,0.2941,0.296221
r_free,phenix,torchref,3QLA,phenix,0.3897,0.383359
r_free,phenix,torchref,3QLA,refmac,0.3871,0.385099
r_free,phenix,torchref,3QLA,torchref,0.3826,0.37767
r_free,phenix,torchref,3QNM,phenix,0.3036,0.302167
r_free,phenix,torchref,3QNM,refmac,0.3146,0.310862
r_free,phenix,torchref,3QNM,torchref,0.3129,0.313522
r_free,phenix,torchref,3QTA,phenix,0.3579,0.356757
r_free,phenix,torchref,3QTA,refmac,0.3518,0.353354
r_free,phenix,torchref,3QTA,torchref,0.3501,0.349451
r_free,phenix,torchref,3QVJ,phenix,0.3001,0.296795
r_free,phenix,torchref,3QVJ,refmac,0.3038,0.300282
r_free,phenix,torchref,3QVJ,torchref,0.3096,0.300925
r_free,phenix,torchref,3R0Q,phenix,0.3143,0.319706
r_free,phenix,torchref,3R0Q,refmac,0.3329,0.338993
r_free,phenix,torchref,3R0Q,torchref,0.3303,0.333637
r_free,phenix,torchref,3R6B,phenix,0.5303,0.518014
r_free,phenix,torchref,3R6B,refmac,0.5395,0.581807
r_free,phenix,torchref,3R6B,torchref,0.5204,0.534397
r_free,phenix,torchref,3RAZ,phenix,0.3323,0.315856
r_free,phenix,torchref,3RAZ,refmac,0.3341,0.322773
r_free,phenix,torchref,3RAZ,torchref,0.3256,0.308572
r_free,phenix,torchref,3RLE,phenix,0.4877,0.490111
r_free,phenix,torchref,3RLE,refmac,0.4828,0.488899
r_free,phenix,torchref,3RLE,torchref,0.4895,0.49558
r_free,phenix,torchref,3RQ4,phenix,0.3267,0.325183
r_free,phenix,torchref,3RQ4,refmac,0.3276,0.326975
r_free,phenix,torchref,3RQ4,torchref,0.3307,0.327382
r_free,phenix,torchref,3RST,phenix,0.2482,0.247905
r_free,phenix,torchref,3RST,refmac,0.2469,0.246964
r_free,phenix,torchref,3RST,torchref,0.2514,0.250222
r_free,phenix,torchref,3SF5,phenix,0.2879,0.281818
r_free,phenix,torchref,3SF5,refmac,0.29,0.280273
r_free,phenix,torchref,3SF5,torchref,0.299,0.292058
r_free,phenix,torchref,3SHW,phenix,0.3063,0.320804
r_free,phenix,torchref,3SHW,refmac,0.2841,0.302273
r_free,phenix,torchref,3SHW,torchref,0.2919,0.313832
r_free,phenix,torchref,3SOL,phenix,0.356,0.34988
r_free,phenix,torchref,3SOL,refmac,0.3174,0.315523
r_free,phenix,torchref,3SOL,torchref,0.3355,0.332954
r_free,phenix,torchref,3SUZ,phenix,0.4409,0.449191
r_free,phenix,torchref,3SUZ,refmac,0.4424,0.439071
r_free,phenix,torchref,3SUZ,torchref,0.4564,0.45463
r_free,phenix,torchref,3T0Q,phenix,0.3516,0.346117
r_free,phenix,torchref,3T0Q,refmac,0.3381,0.335803
r_free,phenix,torchref,3T0Q,torchref,0.3517,0.343512
r_free,phenix,torchref,3T9O,phenix,0.2976,0.297021
r_free,phenix,torchref,3T9O,refmac,0.281,0.272602
r_free,phenix,torchref,3T9O,torchref,0.3066,0.302915
r_free,phenix,torchref,3TCO,phenix,0.2838,0.282627
r_free,phenix,torchref,3TCO,refmac,0.293,0.293341
r_free,phenix,torchref,3TCO,torchref,0.2888,0.286104
r_free,phenix,torchref,3THF,phenix,0.312,0.293267
r_free,phenix,torchref,3THF,refmac,0.2755,0.268244
r_free,phenix,torchref,3THF,torchref,0.303,0.289161
r_free,phenix,torchref,3TIX,phenix,0.3903,0.395816
r_free,phenix,torchref,3TIX,refmac,0.3948,0.40243
r_free,phenix,torchref,3TIX,torchref,0.3896,0.397817
r_free,phenix,torchref,3TSZ,phenix,0.3247,0.323655
r_free,phenix,torchref,3TSZ,refmac,0.2961,0.296106
r_free,phenix,torchref,3TSZ,torchref,0.3138,0.312197
r_free,phenix,torchref,3TU7,phenix,0.4449,0.441893
r_free,phenix,torchref,3TU7,refmac,0.4495,0.445526
r_free,phenix,torchref,3TU7,torchref,0.5156,0.458078
r_free,phenix,torchref,3TVA,phenix,0.2758,0.274672
r_free,phenix,torchref,3TVA,refmac,0.2734,0.272474
r_free,phenix,torchref,3TVA,torchref,0.2733,0.273453
r_free,phenix,torchref,3U1D,phenix,0.3544,0.362422
r_free,phenix,torchref,3U1D,refmac,0.3538,0.36243
r_free,phenix,torchref,3U1D,torchref,0.3539,0.362105
r_free,phenix,torchref,3U2A,phenix,0.3515,0.34621
r_free,phenix,torchref,3U2A,refmac,0.3506,0.344709
r_free,phenix,torchref,3U2A,torchref,0.3515,0.345872
r_free,phenix,torchref,3U66,phenix,0.4011,0.403614
r_free,phenix,torchref,3U66,refmac,0.4127,0.423398
r_free,phenix,torchref,3U66,torchref,0.4378,0.424651
r_free,phenix,torchref,3U9L,phenix,0.3015,0.307175
r_free,phenix,torchref,3U9L,refmac,0.2897,0.294113
r_free,phenix,torchref,3U9L,torchref,0.3011,0.305212
r_free,phenix,torchref,3UJ6,refmac,0.3035,0.303032
r_free,phenix,torchref,3UJ6,torchref,0.3013,0.299191
r_free,phenix,torchref,3UN9,phenix,0.4123,0.408347
r_free,phenix,torchref,3UN9,refmac,0.3945,0.389493
r_free,phenix,torchref,3UN9,torchref,0.3941,0.38879
r_free,phenix,torchref,3UNG,phenix,0.3451,0.33975
r_free,phenix,torchref,3UNG,refmac,0.3211,0.311167
r_free,phenix,torchref,3UNG,torchref,0.3375,0.330401
r_free,phenix,torchref,3UTN,phenix,0.2621,0.264706
r_free,phenix,torchref,3UTN,refmac,0.27,0.274117
r_free,phenix,torchref,3UTN,torchref,0.2671,0.267767
r_free,phenix,torchref,3UVO,phenix,0.322,0.323426
r_free,phenix,torchref,3UVO,refmac,0.3092,0.30704
r_free,phenix,torchref,3UVO,torchref,0.3369,0.331625
r_free,phenix,torchref,3V70,phenix,0.3105,0.323346
r_free,phenix,torchref,3V70,refmac,0.3018,0.307269
r_free,phenix,torchref,3V70,torchref,0.3052,0.312531
r_free,phenix,torchref,3VD8,phenix,0.5987,0.60662
r_free,phenix,torchref,3VD8,refmac,0.5709,0.566343
r_free,phenix,torchref,3VD8,torchref,0.5993,0.591671
r_free,phenix,torchref,3VEP,phenix,0.5495,0.543783
r_free,phenix,torchref,3VEP,refmac,0.5375,0.54525
r_free,phenix,torchref,3VEP,torchref,0.5214,0.534046
r_free,phenix,torchref,3VFO,phenix,0.3346,0.337838
r_free,phenix,torchref,3VFO,refmac,0.4216,0.421937
r_free,phenix,torchref,3VFO,torchref,0.3462,0.348567
r_free,phenix,torchref,3VFP,phenix,0.3348,0.337463
r_free,phenix,torchref,3VFP,refmac,0.4419,0.445043
r_free,phenix,torchref,3VFP,torchref,0.3972,0.408813
r_free,phenix,torchref,3VHL,phenix,0.3685,0.373038
r_free,phenix,torchref,3VHL,refmac,0.3507,0.358501
r_free,phenix,torchref,3VHL,torchref,0.3698,0.373343
r_free,phenix,torchref,3VPB,phenix,0.2992,0.298925
r_free,phenix,torchref,3VPB,refmac,0.2957,0.294666
r_free,phenix,torchref,3VPB,torchref,0.2936,0.293612
r_free,phenix,torchref,3VRJ,phenix,0.4059,0.405272
r_free,phenix,torchref,3VRJ,refmac,0.3998,0.40069
r_free,phenix,torchref,3VRJ,torchref,0.4055,0.40573
r_free,phenix,torchref,3VSM,phenix,0.2752,0.279853
r_free,phenix,torchref,3VSM,refmac,0.2796,0.280118
r_free,phenix,torchref,3VSM,torchref,0.2746,0.274953
r_free,phenix,torchref,3VST,phenix,0.2513,0.25167
r_free,phenix,torchref,3VST,refmac,0.251,0.251049
r_free,phenix,torchref,3VST,torchref,0.2508,0.251072
r_free,phenix,torchref,3VUQ,phenix,0.3267,0.325487
r_free,phenix,torchref,3VUQ,refmac,0.3255,0.326538
r_free,phenix,torchref,3VUQ,torchref,0.3282,0.331084
r_free,phenix,torchref,3VYN,phenix,0.2514,0.250246
r_free,phenix,torchref,3VYN,refmac,0.2519,0.250357
r_free,phenix,torchref,3VYN,torchref,0.2586,0.262911
r_free,phenix,torchref,3W0L,phenix,0.3641,0.375042
r_free,phenix,torchref,3W0L,refmac,0.3612,0.376584
r_free,phenix,torchref,3W0L,torchref,0.3862,0.403817
r_free,phenix,torchref,3W3T,phenix,0.3369,0.344734
r_free,phenix,torchref,3W3T,refmac,0.3065,0.320623
r_free,phenix,torchref,3W3T,torchref,0.3425,0.36179
r_free,phenix,torchref,3W3W,phenix,0.2793,0.278948
r_free,phenix,torchref,3W3W,refmac,0.2974,0.298595
r_free,phenix,torchref,3W3W,torchref,0.2856,0.284658
r_free,phenix,torchref,3W56,phenix,0.3212,0.325948
r_free,phenix,torchref,3W56,refmac,0.3353,0.335198
r_free,phenix,torchref,3W56,torchref,0.3158,0.31826
r_free,phenix,torchref,3W8W,phenix,0.3257,0.325674
r_free,phenix,torchref,3W8W,refmac,0.318,0.317681
r_free,phenix,torchref,3W8W,torchref,0.3238,0.325181
r_free,phenix,torchref,3WNV,phenix,0.3025,0.301666
r_free,phenix,torchref,3WNV,refmac,0.307,0.307293
r_free,phenix,torchref,3WNV,torchref,0.3006,0.299702
r_free,phenix,torchref,3WTQ,phenix,0.3208,0.32458
r_free,phenix,torchref,3WTQ,refmac,0.3096,0.306027
r_free,phenix,torchref,3WTQ,torchref,0.2991,0.30316
r_free,phenix,torchref,3WW1,phenix,0.2634,0.263384
r_free,phenix,torchref,3WW1,refmac,0.254,0.257283
r_free,phenix,torchref,3WW1,torchref,0.2655,0.264091
r_free,phenix,torchref,3X0X,phenix,0.2719,0.275164
r_free,phenix,torchref,3X0X,refmac,0.2658,0.267783
r_free,phenix,torchref,3X0X,torchref,0.2736,0.276381
r_free,phenix,torchref,3ZH9,phenix,0.2808,0.274575
r_free,phenix,torchref,3ZH9,refmac,0.268,0.256458
r_free,phenix,torchref,3ZH9,torchref,0.2716,0.262256
r_free,phenix,torchref,3ZIE,phenix,0.3008,0.300985
r_free,phenix,torchref,3ZIE,refmac,0.3096,0.310318
r_free,phenix,torchref,3ZIE,torchref,0.3113,0.311825
r_free,phenix,torchref,4AK1,phenix,0.4359,0.43859
r_free,phenix,torchref,4AK1,refmac,0.4648,0.470948
r_free,phenix,torchref,4AK1,torchref,0.4353,0.440585
r_free,phenix,torchref,4ALY,phenix,0.2668,0.266953
r_free,phenix,torchref,4ALY,refmac,0.2572,0.263688
r_free,phenix,torchref,4ALY,torchref,0.2611,0.267914
r_free,phenix,torchref,4AOM,phenix,0.3189,0.321064
r_free,phenix,torchref,4AOM,refmac,0.3206,0.321515
r_free,phenix,torchref,4AOM,torchref,0.3143,0.310812
r_free,phenix,torchref,4AUP,phenix,0.3239,0.329438
r_free,phenix,torchref,4AUP,refmac,0.3214,0.328412
r_free,phenix,torchref,4AUP,torchref,0.3306,0.336534
r_free,phenix,torchref,4B18,phenix,0.2715,0.274552
r_free,phenix,torchref,4B18,refmac,0.3028,0.302728
r_free,phenix,torchref,4B18,torchref,0.2682,0.272297
r_free,phenix,torchref,4BU1,phenix,0.4474,0.467746
r_free,phenix,torchref,4BU1,refmac,0.4364,0.455001
r_free,phenix,torchref,4BU1,torchref,0.4677,0.485234
r_free,phenix,torchref,4BVE,phenix,0.3143,0.314212
r_free,phenix,torchref,4BVE,refmac,0.3024,0.302005
r_free,phenix,torchref,4BVE,torchref,0.3152,0.315472
r_free,phenix,torchref,4BX9,phenix,0.3054,0.300203
r_free,phenix,torchref,4BX9,refmac,0.2961,0.290343
r_free,phenix,torchref,4BX9,torchref,0.3074,0.302478
r_free,phenix,torchref,4C1S,phenix,0.2797,0.279335
r_free,phenix,torchref,4C1S,refmac,0.2844,0.285237
r_free,phenix,torchref,4C1S,torchref,0.287,0.286646
r_free,phenix,torchref,4C6R,phenix,0.3207,0.321286
r_free,phenix,torchref,4C6R,refmac,0.3354,0.332943
r_free,phenix,torchref,4C6R,torchref,0.3209,0.321909
r_free,phenix,torchref,4CE5,phenix,0.2541,0.252107
r_free,phenix,torchref,4CE5,refmac,0.2545,0.252974
r_free,phenix,torchref,4CE5,torchref,0.2521,0.250166
r_free,phenix,torchref,4CGB,phenix,0.5483,0.553349
r_free,phenix,torchref,4CGB,refmac,0.5661,0.583658
r_free,phenix,torchref,4CGB,torchref,0.5875,0.608555
r_free,phenix,torchref,4CH9,phenix,0.2714,0.272217
r_free,phenix,torchref,4CH9,refmac,0.2681,0.267666
r_free,phenix,torchref,4CH9,torchref,0.2627,0.262956
r_free,phenix,torchref,4CKT,phenix,0.3119,0.349196
r_free,phenix,torchref,4CKT,refmac,0.3398,0.388642
r_free,phenix,torchref,4CKT,torchref,0.3371,0.444888
r_free,phenix,torchref,4CLF,phenix,0.3618,0.359373
r_free,phenix,torchref,4CLF,refmac,0.3506,0.349235
r_free,phenix,torchref,4CLF,torchref,0.3405,0.338616
r_free,phenix,torchref,4CSO,phenix,0.3137,0.313707
r_free,phenix,torchref,4CSO,refmac,0.3042,0.29938
r_free,phenix,torchref,4CSO,torchref,0.3144,0.313257
r_free,phenix,torchref,4D51,phenix,0.3167,0.306932
r_free,phenix,torchref,4D51,refmac,0.3064,0.303651
r_free,phenix,torchref,4D51,torchref,0.3154,0.307494
r_free,phenix,torchref,4DA2,phenix,0.2904,0.289598
r_free,phenix,torchref,4DA2,refmac,0.2883,0.288127
r_free,phenix,torchref,4DA2,torchref,0.296,0.294964
r_free,phenix,torchref,4DOV,phenix,0.3453,0.343142
r_free,phenix,torchref,4DOV,refmac,0.3432,0.341505
r_free,phenix,torchref,4DOV,torchref,0.336,0.334742
r_free,phenix,torchref,4EOY,phenix,0.4209,0.428426
r_free,phenix,torchref,4EOY,refmac,0.4152,0.431211
r_free,phenix,torchref,4EOY,torchref,0.4386,0.458443
r_free,phenix,torchref,4EWI,phenix,0.4373,0.418385
r_free,phenix,torchref,4EWI,refmac,0.4299,0.407969
r_free,phenix,torchref,4EWI,torchref,0.4307,0.409227
r_free,phenix,torchref,4EX5,phenix,0.2899,0.284932
r_free,phenix,torchref,4EX5,refmac,0.2755,0.270087
r_free,phenix,torchref,4EX5,torchref,0.2773,0.27625
r_free,phenix,torchref,4F0F,phenix,0.3452,0.345802
r_free,phenix,torchref,4F0F,refmac,0.3439,0.343952
r_free,phenix,torchref,4F0F,torchref,0.3382,0.342774
r_free,phenix,torchref,4F27,phenix,0.3391,0.331556
r_free,phenix,torchref,4F27,refmac,0.3305,0.326632
r_free,phenix,torchref,4F27,torchref,0.3187,0.313383
r_free,phenix,torchref,4FC4,phenix,0.2423,0.240574
r_free,phenix,torchref,4FC4,refmac,0.2433,0.240514
r_free,phenix,torchref,4FC4,torchref,0.2497,0.248988
r_free,phenix,torchref,4FE9,phenix,0.275,0.274332
r_free,phenix,torchref,4FE9,refmac,0.2735,0.273032
r_free,phenix,torchref,4FE9,torchref,0.2804,0.280681
r_free,phenix,torchref,4FIX,phenix,0.2728,0.269513
r_free,phenix,torchref,4FIX,refmac,0.289,0.285837
r_free,phenix,torchref,4FIX,torchref,0.2754,0.270329
r_free,phenix,torchref,4FYU,phenix,0.2944,0.295543
r_free,phenix,torchref,4FYU,refmac,0.2988,0.298964
r_free,phenix,torchref,4FYU,torchref,0.3006,0.302623
r_free,phenix,torchref,4G3H,phenix,0.3915,0.395222
r_free,phenix,torchref,4G3H,refmac,0.3788,0.380981
r_free,phenix,torchref,4G3H,torchref,0.3863,0.390531
r_free,phenix,torchref,4GMV,phenix,0.3126,0.323223
r_free,phenix,torchref,4GMV,refmac,0.311,0.320352
r_free,phenix,torchref,4GMV,torchref,0.3228,0.334691
r_free,phenix,torchref,4H9D,phenix,0.3798,0.363773
r_free,phenix,torchref,4H9D,refmac,0.372,0.351351
r_free,phenix,torchref,4H9D,torchref,0.3952,0.368969
r_free,phenix,torchref,4HIA,phenix,0.3332,0.333335
r_free,phenix,torchref,4HIA,refmac,0.3263,0.327879
r_free,phenix,torchref,4HIA,torchref,0.3391,0.342867
r_free,phenix,torchref,4HJW,phenix,0.2901,0.290751
r_free,phenix,torchref,4HJW,refmac,0.2849,0.285369
r_free,phenix,torchref,4HJW,torchref,0.2962,0.295753
r_free,phenix,torchref,4HKA,phenix,0.314,0.308454
r_free,phenix,torchref,4HKA,refmac,0.2865,0.284141
r_free,phenix,torchref,4HKA,torchref,0.2911,0.286779
r_free,phenix,torchref,4HUJ,phenix,0.3083,0.305233
r_free,phenix,torchref,4HUJ,refmac,0.3073,0.304268
r_free,phenix,torchref,4HUJ,torchref,0.315,0.312299
r_free,phenix,torchref,4ICH,phenix,0.3403,0.339779
r_free,phenix,torchref,4ICH,refmac,0.3264,0.32582
r_free,phenix,torchref,4ICH,torchref,0.328,0.326069
r_free,phenix,torchref,4IDI,phenix,0.3122,0.31214
r_free,phenix,torchref,4IDI,refmac,0.3159,0.323462
r_free,phenix,torchref,4IDI,torchref,0.3127,0.315693
r_free,phenix,torchref,4JGX,phenix,0.287,0.287112
r_free,phenix,torchref,4JGX,refmac,0.2819,0.285172
r_free,phenix,torchref,4JGX,torchref,0.2917,0.292832
r_free,phenix,torchref,4JHN,phenix,0.2497,0.249103
r_free,phenix,torchref,4JHN,refmac,0.245,0.243657
r_free,phenix,torchref,4JHN,torchref,0.2498,0.247456
r_free,phenix,torchref,4JLX,refmac,0.2997,0.298506
r_free,phenix,torchref,4JLX,torchref,0.2999,0.297481
r_free,phenix,torchref,4JX2,phenix,0.3716,0.379412
r_free,phenix,torchref,4JX2,refmac,0.319,0.319531
r_free,phenix,torchref,4JX2,torchref,0.4226,0.432947
r_free,phenix,torchref,4K36,phenix,0.3443,0.339897
r_free,phenix,torchref,4K36,refmac,0.339,0.333862
r_free,phenix,torchref,4K36,torchref,0.3485,0.343907
r_free,phenix,torchref,4KH9,phenix,0.3114,0.315234
r_free,phenix,torchref,4KH9,refmac,0.3048,0.308181
r_free,phenix,torchref,4KH9,torchref,0.3092,0.31076
r_free,phenix,torchref,4KYQ,phenix,0.3339,0.330357
r_free,phenix,torchref,4KYQ,refmac,0.3059,0.307009
r_free,phenix,torchref,4KYQ,torchref,0.3308,0.327131
r_free,phenix,torchref,4L7Z,phenix,0.3361,0.335319
r_free,phenix,torchref,4L7Z,refmac,0.3202,0.319368
r_free,phenix,torchref,4L7Z,torchref,0.3314,0.32942
r_free,phenix,torchref,4L9U,phenix,0.5541,0.543541
r_free,phenix,torchref,4L9U,refmac,0.5258,0.516904
r_free,phenix,torchref,4L9U,torchref,0.5151,0.511856
r_free,phenix,torchref,4LD7,phenix,0.3143,0.318539
r_free,phenix,torchref,4LD7,refmac,0.3231,0.328679
r_free,phenix,torchref,4LD7,torchref,0.3238,0.32934
r_free,phenix,torchref,4LZ2,phenix,0.3356,0.328296
r_free,phenix,torchref,4LZ2,refmac,0.3181,0.309633
r_free,phenix,torchref,4LZ2,torchref,0.3302,0.328044
r_free,phenix,torchref,4MAA,phenix,0.2767,0.285969
r_free,phenix,torchref,4MAA,refmac,0.2739,0.280958
r_free,phenix,torchref,4MAA,torchref,0.2801,0.288571
r_free,phenix,torchref,4ME9,phenix,0.306,0.308147
r_free,phenix,torchref,4ME9,refmac,0.2936,0.29238
r_free,phenix,torchref,4ME9,torchref,0.3231,0.3194
r_free,phenix,torchref,4MG5,phenix,0.3203,0.322014
r_free,phenix,torchref,4MG5,refmac,0.2955,0.297511
r_free,phenix,torchref,4MG5,torchref,0.2921,0.295173
r_free,phenix,torchref,4MG6,phenix,0.3345,0.334771
r_free,phenix,torchref,4MG6,refmac,0.3322,0.333658
r_free,phenix,torchref,4MG6,torchref,0.3149,0.313303
r_free,phenix,torchref,4MJG,phenix,0.3198,0.320594
r_free,phenix,torchref,4MJG,refmac,0.3203,0.316385
r_free,phenix,torchref,4MJG,torchref,0.3305,0.31305
r_free,phenix,torchref,4N39,phenix,0.3718,0.371196
r_free,phenix,torchref,4N39,refmac,0.3544,0.355738
r_free,phenix,torchref,4N39,torchref,0.3489,0.34825
r_free,phenix,torchref,4N5X,phenix,0.4162,0.421876
r_free,phenix,torchref,4N5X,refmac,0.4161,0.419303
r_free,phenix,torchref,4N5X,torchref,0.4357,0.42534
r_free,phenix,torchref,4NPJ,phenix,0.3417,0.346117
r_free,phenix,torchref,4NPJ,refmac,0.3385,0.34405
r_free,phenix,torchref,4NPJ,torchref,0.3454,0.346561
r_free,phenix,torchref,4NUF,phenix,0.4297,0.433945
r_free,phenix,torchref,4NUF,refmac,0.4305,0.43718
r_free,phenix,torchref,4NUF,torchref,0.4291,0.43599
r_free,phenix,torchref,4NWZ,phenix,0.3069,0.309028
r_free,phenix,torchref,4NWZ,refmac,0.3257,0.327479
r_free,phenix,torchref,4NWZ,torchref,0.3139,0.317542
r_free,phenix,torchref,4O62,phenix,0.4467,0.442338
r_free,phenix,torchref,4O62,refmac,0.4273,0.425157
r_free,phenix,torchref,4O62,torchref,0.4367,0.429057
r_free,phenix,torchref,4O92,phenix,0.4724,0.47452
r_free,phenix,torchref,4O92,refmac,0.4446,0.46852
r_free,phenix,torchref,4O92,torchref,0.4718,0.462485
r_free,phenix,torchref,4OC8,phenix,0.4373,0.438434
r_free,phenix,torchref,4OC8,refmac,0.4406,0.449226
r_free,phenix,torchref,4OC8,torchref,0.4539,0.451506
r_free,phenix,torchref,4OF8,phenix,0.2986,0.299169
r_free,phenix,torchref,4OF8,refmac,0.3013,0.301771
r_free,phenix,torchref,4OF8,torchref,0.3002,0.299704
r_free,phenix,torchref,4OFF,phenix,0.5053,0.521143
r_free,phenix,torchref,4OFF,refmac,0.5023,0.510689
r_free,phenix,torchref,4OFF,torchref,0.5242,0.560834
r_free,phenix,torchref,4OX3,phenix,0.3185,0.308924
r_free,phenix,torchref,4OX3,refmac,0.3152,0.307474
r_free,phenix,torchref,4OX3,torchref,0.3182,0.309608
r_free,phenix,torchref,4PDE,phenix,0.2906,0.298459
r_free,phenix,torchref,4PDE,refmac,0.2822,0.313773
r_free,phenix,torchref,4PDE,torchref,0.3006,0.310178
r_free,phenix,torchref,4PFS,phenix,0.3219,0.3209
r_free,phenix,torchref,4PFS,refmac,0.3218,0.32052
r_free,phenix,torchref,4PFS,torchref,0.3206,0.316386
r_free,phenix,torchref,4PQZ,phenix,0.2918,0.281354
r_free,phenix,torchref,4PQZ,refmac,0.2867,0.292353
r_free,phenix,torchref,4PQZ,torchref,0.288,0.285125
r_free,phenix,torchref,4PRA,phenix,0.332,0.330753
r_free,phenix,torchref,4PRA,refmac,0.3777,0.378869
r_free,phenix,torchref,4PRA,torchref,0.3098,0.309663
r_free,phenix,torchref,4PSI,phenix,0.4669,0.490007
r_free,phenix,torchref,4PSI,refmac,0.431,0.429271
r_free,phenix,torchref,4PSI,torchref,0.4642,0.461755
r_free,phenix,torchref,4PV4,phenix,0.2765,0.275454
r_free,phenix,torchref,4PV4,refmac,0.2893,0.287598
r_free,phenix,torchref,4PV4,torchref,0.2764,0.274677
r_free,phenix,torchref,4Q13,phenix,0.2921,0.292057
r_free,phenix,torchref,4Q13,refmac,0.2807,0.277985
r_free,phenix,torchref,4Q13,torchref,0.3141,0.314345
r_free,phenix,torchref,4Q63,phenix,0.4224,0.41607
r_free,phenix,torchref,4Q63,refmac,0.4229,0.412104
r_free,phenix,torchref,4Q63,torchref,0.3914,0.378297
r_free,phenix,torchref,4QH8,phenix,0.2734,0.273865
r_free,phenix,torchref,4QH8,refmac,0.2914,0.293476
r_free,phenix,torchref,4QH8,torchref,0.2869,0.289317
r_free,phenix,torchref,4QKO,phenix,0.3344,0.333986
r_free,phenix,torchref,4QKO,refmac,0.3381,0.335988
r_free,phenix,torchref,4QKO,torchref,0.3381,0.33471
r_free,phenix,torchref,4QN8,phenix,0.3252,0.325474
r_free,phenix,torchref,4QN8,refmac,0.3232,0.324752
r_free,phenix,torchref,4QN8,torchref,0.3287,0.329631
r_free,phenix,torchref,4QQR,phenix,0.3119,0.312985
r_free,phenix,torchref,4QQR,refmac,0.2911,0.291056
r_free,phenix,torchref,4QQR,torchref,0.3054,0.308409
r_free,phenix,torchref,4QTP,phenix,0.2885,0.288107
r_free,phenix,torchref,4QTP,refmac,0.2874,0.284321
r_free,phenix,torchref,4QTP,torchref,0.2936,0.289888
r_free,phenix,torchref,4QXA,phenix,0.3478,0.355002
r_free,phenix,torchref,4QXA,refmac,0.3358,0.342507
r_free,phenix,torchref,4QXA,torchref,0.3403,0.34604
r_free,phenix,torchref,4R10,phenix,0.2638,0.263544
r_free,phenix,torchref,4R10,refmac,0.2635,0.260024
r_free,phenix,torchref,4R10,torchref,0.2538,0.248355
r_free,phenix,torchref,4REV,refmac,0.3851,0.382626
r_free,phenix,torchref,4REV,torchref,0.3771,0.371608
r_free,phenix,torchref,4RHO,phenix,0.3891,0.390527
r_free,phenix,torchref,4RHO,refmac,0.3819,0.386892
r_free,phenix,torchref,4RHO,torchref,0.3908,0.386633
r_free,phenix,torchref,4RK2,phenix,0.4827,0.48325
r_free,phenix,torchref,4RK2,refmac,0.4878,0.484625
r_free,phenix,torchref,4RK2,torchref,0.4933,0.49107
r_free,phenix,torchref,4RO5,phenix,0.4197,0.417518
r_free,phenix,torchref,4RO5,refmac,0.433,0.430325
r_free,phenix,torchref,4RO5,torchref,0.4182,0.418338
r_free,phenix,torchref,4RQM,phenix,0.3369,0.337134
r_free,phenix,torchref,4RQM,refmac,0.3299,0.328575
r_free,phenix,torchref,4RQM,torchref,0.3343,0.337815
r_free,phenix,torchref,4TWL,phenix,0.3052,0.305655
r_free,phenix,torchref,4TWL,refmac,0.3015,0.298692
r_free,phenix,torchref,4TWL,torchref,0.3016,0.299191
r_free,phenix,torchref,4U7A,phenix,0.2705,0.264572
r_free,phenix,torchref,4U7A,refmac,0.2597,0.253449
r_free,phenix,torchref,4U7A,torchref,0.2634,0.257546
r_free,phenix,torchref,4UCI,phenix,0.4827,0.47953
r_free,phenix,torchref,4UCI,refmac,0.477,0.480537
r_free,phenix,torchref,4UCI,torchref,0.4845,0.482024
r_free,phenix,torchref,4UDA,phenix,0.3156,0.313099
r_free,phenix,torchref,4UDA,refmac,0.3012,0.298602
r_free,phenix,torchref,4UDA,torchref,0.2844,0.284278
r_free,phenix,torchref,4UDP,phenix,0.27,0.269618
r_free,phenix,torchref,4UDP,refmac,0.2692,0.269881
r_free,phenix,torchref,4UDP,torchref,0.2734,0.273343
r_free,phenix,torchref,4UWX,phenix,0.3716,0.374163
r_free,phenix,torchref,4UWX,refmac,0.3296,0.334942
r_free,phenix,torchref,4UWX,torchref,0.3271,0.328317
r_free,phenix,torchref,4UYI,phenix,0.2968,0.301594
r_free,phenix,torchref,4UYI,refmac,0.3104,0.316892
r_free,phenix,torchref,4UYI,torchref,0.2899,0.296835
r_free,phenix,torchref,4V15,phenix,0.2651,0.265338
r_free,phenix,torchref,4V15,refmac,0.2603,0.261571
r_free,phenix,torchref,4V15,torchref,0.261,0.260724
r_free,phenix,torchref,4W2R,phenix,0.3126,0.325402
r_free,phenix,torchref,4W2R,refmac,0.31,0.314521
r_free,phenix,torchref,4W2R,torchref,0.3132,0.318028
r_free,phenix,torchref,4WAL,phenix,0.3889,0.393812
r_free,phenix,torchref,4WAL,refmac,0.3896,0.38764
r_free,phenix,torchref,4WAL,torchref,0.3925,0.390019
r_free,phenix,torchref,4WIP,phenix,0.3135,0.31228
r_free,phenix,torchref,4WIP,refmac,0.349,0.343411
r_free,phenix,torchref,4WIP,torchref,0.3199,0.324247
r_free,phenix,torchref,4WWM,phenix,0.32,0.330426
r_free,phenix,torchref,4WWM,refmac,0.3091,0.320579
r_free,phenix,torchref,4WWM,torchref,0.3063,0.317533
r_free,phenix,torchref,4X3E,phenix,0.2868,0.285482
r_free,phenix,torchref,4X3E,refmac,0.2797,0.280327
r_free,phenix,torchref,4X3E,torchref,0.2849,0.2876
r_free,phenix,torchref,4XLG,phenix,0.2977,0.299666
r_free,phenix,torchref,4XLG,refmac,0.296,0.296612
r_free,phenix,torchref,4XLG,torchref,0.2834,0.285962
r_free,phenix,torchref,4ZSF,phenix,0.4405,0.443212
r_free,phenix,torchref,4ZSF,refmac,0.4274,0.431105
r_free,phenix,torchref,4ZSF,torchref,0.4385,0.435392
r_free,phenix,torchref,4ZV9,phenix,0.2816,0.282788
r_free,phenix,torchref,4ZV9,refmac,0.3002,0.297624
r_free,phenix,torchref,4ZV9,torchref,0.2851,0.284153
r_free,phenix,torchref,5A0T,phenix,0.2863,0.28882
r_free,phenix,torchref,5A0T,refmac,0.2596,0.259596
r_free,phenix,torchref,5A0T,torchref,0.2602,0.259605
r_free,phenix,torchref,5AA5,phenix,0.332,0.333665
r_free,phenix,torchref,5AA5,refmac,0.3293,0.331864
r_free,phenix,torchref,5AA5,torchref,0.3416,0.342496
r_free,phenix,torchref,5AD0,phenix,0.3567,0.361533
r_free,phenix,torchref,5AD0,refmac,0.3444,0.357766
r_free,phenix,torchref,5AD0,torchref,0.4391,0.513019
r_free,phenix,torchref,5B5I,phenix,0.5079,0.511216
r_free,phenix,torchref,5B5I,refmac,0.4762,0.479702
r_free,phenix,torchref,5B5I,torchref,0.486,0.491965
r_free,phenix,torchref,5B5Q,phenix,0.2759,0.280115
r_free,phenix,torchref,5B5Q,refmac,0.2828,0.284059
r_free,phenix,torchref,5B5Q,torchref,0.2843,0.287387
r_free,phenix,torchref,5BOV,phenix,0.2639,0.262908
r_free,phenix,torchref,5BOV,refmac,0.264,0.26342
r_free,phenix,torchref,5BOV,torchref,0.2683,0.266995
r_free,phenix,torchref,5BV6,phenix,0.4633,0.46623
r_free,phenix,torchref,5BV6,refmac,0.4933,0.498608
r_free,phenix,torchref,5BV6,torchref,0.4492,0.455724
r_free,phenix,torchref,5C5V,phenix,0.3874,0.394677
r_free,phenix,torchref,5C5V,refmac,0.3882,0.387511
r_free,phenix,torchref,5C5V,torchref,0.3913,0.386576
r_free,phenix,torchref,5C7F,phenix,0.3573,0.35812
r_free,phenix,torchref,5C7F,refmac,0.3125,0.316435
r_free,phenix,torchref,5C7F,torchref,0.3392,0.338507
r_free,phenix,torchref,5C8H,phenix,0.3605,0.362416
r_free,phenix,torchref,5C8H,refmac,0.3567,0.356057
r_free,phenix,torchref,5C8H,torchref,0.3462,0.343909
r_free,phenix,torchref,5CVR,phenix,0.3123,0.308877
r_free,phenix,torchref,5CVR,refmac,0.3103,0.310634
r_free,phenix,torchref,5CVR,torchref,0.3258,0.321203
r_free,phenix,torchref,5CX2,refmac,0.5473,0.551118
r_free,phenix,torchref,5CX2,torchref,0.551,0.555261
r_free,phenix,torchref,5D5H,phenix,0.2594,0.25918
r_free,phenix,torchref,5D5H,refmac,0.2615,0.266172
r_free,phenix,torchref,5D5H,torchref,0.2704,0.272722
r_free,phenix,torchref,5DAY,phenix,0.414,0.411272
r_free,phenix,torchref,5DAY,refmac,0.3812,0.378079
r_free,phenix,torchref,5DAY,torchref,0.4082,0.406945
r_free,phenix,torchref,5DBE,phenix,0.2686,0.266267
r_free,phenix,torchref,5DBE,refmac,0.2887,0.285234
r_free,phenix,torchref,5DBE,torchref,0.3019,0.299072
r_free,phenix,torchref,5DRM,phenix,0.2855,0.287289
r_free,phenix,torchref,5DRM,refmac,0.2784,0.278055
r_free,phenix,torchref,5DRM,torchref,0.2809,0.280091
r_free,phenix,torchref,5E15,phenix,0.3359,0.331012
r_free,phenix,torchref,5E15,refmac,0.3194,0.311998
r_free,phenix,torchref,5E15,torchref,0.317,0.314487
r_free,phenix,torchref,5EBB,phenix,0.3442,0.365368
r_free,phenix,torchref,5EBB,refmac,0.3449,0.36028
r_free,phenix,torchref,5EBB,torchref,0.3856,0.40451
r_free,phenix,torchref,5EG2,phenix,0.2655,0.261117
r_free,phenix,torchref,5EG2,refmac,0.2555,0.254943
r_free,phenix,torchref,5EG2,torchref,0.2607,0.258797
r_free,phenix,torchref,5EGE,phenix,0.279,0.277577
r_free,phenix,torchref,5EGE,refmac,0.277,0.272815
r_free,phenix,torchref,5EGE,torchref,0.2788,0.277262
r_free,phenix,torchref,5ETA,phenix,0.3328,0.338386
r_free,phenix,torchref,5ETA,refmac,0.3131,0.318159
r_free,phenix,torchref,5ETA,torchref,0.3396,0.344737
r_free,phenix,torchref,5G09,phenix,0.2781,0.278085
r_free,phenix,torchref,5G09,refmac,0.2758,0.273423
r_free,phenix,torchref,5G09,torchref,0.2775,0.276345
r_free,phenix,torchref,5G23,phenix,0.2865,0.284318
r_free,phenix,torchref,5G23,refmac,0.2791,0.275141
r_free,phenix,torchref,5G23,torchref,0.283,0.278261
r_free,phenix,torchref,5G4I,phenix,0.2659,0.267121
r_free,phenix,torchref,5G4I,refmac,0.2597,0.260524
r_free,phenix,torchref,5G4I,torchref,0.2576,0.258424
r_free,phenix,torchref,5GHR,phenix,0.3562,0.353282
r_free,phenix,torchref,5GHR,refmac,0.3462,0.346667
r_free,phenix,torchref,5GHR,torchref,0.3528,0.35392
r_free,phenix,torchref,5GJM,phenix,0.2771,0.292254
r_free,phenix,torchref,5GJM,refmac,0.2648,0.277017
r_free,phenix,torchref,5GJM,torchref,0.3842,0.461122
r_free,phenix,torchref,5GKV,phenix,0.2673,0.271352
r_free,phenix,torchref,5GKV,refmac,0.2776,0.281967
r_free,phenix,torchref,5GKV,torchref,0.2785,0.280863
r_free,phenix,torchref,5GOX,phenix,0.5888,0.594693
r_free,phenix,torchref,5GOX,refmac,0.564,0.578745
r_free,phenix,torchref,5GOX,torchref,0.5524,0.559577
r_free,phenix,torchref,5GZI,phenix,0.3044,0.307048
r_free,phenix,torchref,5GZI,refmac,0.2992,0.300568
r_free,phenix,torchref,5GZI,torchref,0.3067,0.311955
r_free,phenix,torchref,5H5Y,phenix,0.3587,0.356111
r_free,phenix,torchref,5H5Y,refmac,0.3495,0.351018
r_free,phenix,torchref,5H5Y,torchref,0.3685,0.363608
r_free,phenix,torchref,5HRJ,phenix,0.3513,0.344958
r_free,phenix,torchref,5HRJ,refmac,0.3505,0.347294
r_free,phenix,torchref,5HRJ,torchref,0.3363,0.336022
r_free,phenix,torchref,5I2H,phenix,0.2793,0.279892
r_free,phenix,torchref,5I2H,refmac,0.2987,0.300261
r_free,phenix,torchref,5I2H,torchref,0.2813,0.281167
r_free,phenix,torchref,5I47,phenix,0.3062,0.305587
r_free,phenix,torchref,5I47,refmac,0.3299,0.328909
r_free,phenix,torchref,5I47,torchref,0.3299,0.322914
r_free,phenix,torchref,5I9E,phenix,0.3625,0.379368
r_free,phenix,torchref,5I9E,refmac,0.3842,0.406746
r_free,phenix,torchref,5I9E,torchref,0.369,0.38946
r_free,phenix,torchref,5IAW,phenix,0.3597,0.361967
r_free,phenix,torchref,5IAW,refmac,0.3741,0.373984
r_free,phenix,torchref,5IAW,torchref,0.3664,0.375103
r_free,phenix,torchref,5IQM,phenix,0.3294,0.332684
r_free,phenix,torchref,5IQM,refmac,0.3232,0.327032
r_free,phenix,torchref,5IQM,torchref,0.322,0.326058
r_free,phenix,torchref,5IY4,phenix,0.3882,0.39609
r_free,phenix,torchref,5IY4,refmac,0.3252,0.323896
r_free,phenix,torchref,5IY4,torchref,0.3818,0.374143
r_free,phenix,torchref,5IYX,phenix,0.3241,0.320389
r_free,phenix,torchref,5IYX,refmac,0.3062,0.308966
r_free,phenix,torchref,5IYX,torchref,0.3256,0.323528
r_free,phenix,torchref,5J0A,phenix,0.4321,0.442462
r_free,phenix,torchref,5J0A,refmac,0.3956,0.399445
r_free,phenix,torchref,5J0A,torchref,0.4213,0.42874
r_free,phenix,torchref,5J4A,phenix,0.3006,0.301609
r_free,phenix,torchref,5J4A,refmac,0.3104,0.310042
r_free,phenix,torchref,5J4A,torchref,0.3049,0.306547
r_free,phenix,torchref,5J9K,phenix,0.384,0.375424
r_free,phenix,torchref,5J9K,refmac,0.3659,0.369133
r_free,phenix,torchref,5J9K,torchref,0.3747,0.366494
r_free,phenix,torchref,5JD9,phenix,0.2917,0.290595
r_free,phenix,torchref,5JD9,refmac,0.2968,0.299636
r_free,phenix,torchref,5JD9,torchref,0.2926,0.291758
r_free,phenix,torchref,5JHO,phenix,0.3304,0.321693
r_free,phenix,torchref,5JHO,refmac,0.3073,0.303681
r_free,phenix,torchref,5JHO,torchref,0.3108,0.305626
r_free,phenix,torchref,5JI5,phenix,0.3027,0.304108
r_free,phenix,torchref,5JI5,refmac,0.3015,0.307113
r_free,phenix,torchref,5JI5,torchref,0.3036,0.305869
r_free,phenix,torchref,5JTA,phenix,0.2535,0.25015
r_free,phenix,torchref,5JTA,refmac,0.2376,0.245678
r_free,phenix,torchref,5JTA,torchref,0.2512,0.245205
r_free,phenix,torchref,5K2X,phenix,0.3919,0.389632
r_free,phenix,torchref,5K2X,refmac,0.3966,0.394784
r_free,phenix,torchref,5K2X,torchref,0.3897,0.391587
r_free,phenix,torchref,5K6S,phenix,0.3357,0.344565
r_free,phenix,torchref,5K6S,refmac,0.2923,0.293769
r_free,phenix,torchref,5K6S,torchref,0.2919,0.300585
r_free,phenix,torchref,5LTD,phenix,0.3164,0.312975
r_free,phenix,torchref,5LTD,refmac,0.2922,0.294471
r_free,phenix,torchref,5LTD,torchref,0.3157,0.320487
r_free,phenix,torchref,5LU2,phenix,0.3518,0.335746
r_free,phenix,torchref,5LU2,refmac,0.3195,0.310137
r_free,phenix,torchref,5LU2,torchref,0.3353,0.316306
r_free,phenix,torchref,5LW0,phenix,0.2712,0.269069
r_free,phenix,torchref,5LW0,refmac,0.2686,0.265704
r_free,phenix,torchref,5LW0,torchref,0.2771,0.273976
r_free,phenix,torchref,5ME9,phenix,0.3488,0.351524
r_free,phenix,torchref,5ME9,refmac,0.3274,0.324415
r_free,phenix,torchref,5ME9,torchref,0.3478,0.348976
r_free,phenix,torchref,5MLK,phenix,0.2894,0.286922
r_free,phenix,torchref,5MLK,refmac,0.272,0.269243
r_free,phenix,torchref,5MLK,torchref,0.2763,0.275476
r_free,phenix,torchref,5MLZ,phenix,0.351,0.349897
r_free,phenix,torchref,5MLZ,refmac,0.3453,0.339478
r_free,phenix,torchref,5MLZ,torchref,0.3315,0.32706
r_free,phenix,torchref,5MXY,phenix,0.3561,0.377014
r_free,phenix,torchref,5MXY,refmac,0.3857,0.388279
r_free,phenix,torchref,5MXY,torchref,0.3779,0.394601
r_free,phenix,torchref,5N6H,phenix,0.2674,0.289227
r_free,phenix,torchref,5N6H,refmac,0.2642,0.275938
r_free,phenix,torchref,5N6H,torchref,0.2743,0.292112
r_free,phenix,torchref,5N8R,phenix,0.3761,0.37572
r_free,phenix,torchref,5N8R,refmac,0.3439,0.345756
r_free,phenix,torchref,5N8R,torchref,0.3643,0.36702
r_free,phenix,torchref,5NTB,phenix,0.245,0.236438
r_free,phenix,torchref,5NTB,refmac,0.24,0.234036
r_free,phenix,torchref,5NTB,torchref,0.2352,0.233093
r_free,phenix,torchref,5O51,refmac,0.3366,0.342553
r_free,phenix,torchref,5O51,torchref,0.3358,0.332643
r_free,phenix,torchref,5O6B,phenix,0.4775,0.475594
r_free,phenix,torchref,5O6B,refmac,0.4579,0.456137
r_free,phenix,torchref,5O6B,torchref,0.4588,0.456697
r_free,phenix,torchref,5OF1,phenix,0.3655,0.366909
r_free,phenix,torchref,5OF1,refmac,0.3282,0.328933
r_free,phenix,torchref,5OF1,torchref,0.3475,0.348351
r_free,phenix,torchref,5OF9,phenix,0.3115,0.309389
r_free,phenix,torchref,5OF9,refmac,0.3042,0.301698
r_free,phenix,torchref,5OF9,torchref,0.3039,0.30063
r_free,phenix,torchref,5OMB,phenix,0.4355,0.43204
r_free,phenix,torchref,5OMB,refmac,0.4306,0.429129
r_free,phenix,torchref,5OMB,torchref,0.4428,0.441853
r_free,phenix,torchref,5OU8,phenix,0.4292,0.419775
r_free,phenix,torchref,5OU8,refmac,0.3909,0.388756
r_free,phenix,torchref,5OU8,torchref,0.3856,0.378714
r_free,phenix,torchref,5Q1D,phenix,0.4394,0.440183
r_free,phenix,torchref,5Q1D,refmac,0.4258,0.42115
r_free,phenix,torchref,5Q1D,torchref,0.403,0.402228
r_free,phenix,torchref,5Q1H,phenix,0.4175,0.415369
r_free,phenix,torchref,5Q1H,refmac,0.3989,0.400549
r_free,phenix,torchref,5Q1H,torchref,0.3997,0.4015
r_free,phenix,torchref,5SVE,phenix,0.3359,0.345698
r_free,phenix,torchref,5SVE,refmac,0.3197,0.326063
r_free,phenix,torchref,5SVE,torchref,0.3598,0.376824
r_free,phenix,torchref,5T0K,phenix,0.3786,0.390172
r_free,phenix,torchref,5T0K,refmac,0.3674,0.382017
r_free,phenix,torchref,5T0K,torchref,0.3723,0.381229
r_free,phenix,torchref,5T0M,phenix,0.3707,0.379699
r_free,phenix,torchref,5T0M,refmac,0.3555,0.367123
r_free,phenix,torchref,5T0M,torchref,0.3717,0.376022
r_free,phenix,torchref,5T1G,phenix,0.3036,0.301484
r_free,phenix,torchref,5T1G,refmac,0.3329,0.336063
r_free,phenix,torchref,5T1G,torchref,0.2942,0.297147
r_free,phenix,torchref,5T6J,refmac,0.3808,0.378606
r_free,phenix,torchref,5T6J,torchref,0.3848,0.377888
r_free,phenix,torchref,5TDY,phenix,0.5333,0.542428
r_free,phenix,torchref,5TDY,refmac,0.473,0.472249
r_free,phenix,torchref,5TDY,torchref,0.4945,0.492678
r_free,phenix,torchref,5TJA,phenix,0.3299,0.330006
r_free,phenix,torchref,5TJA,refmac,0.3131,0.319302
r_free,phenix,torchref,5TJA,torchref,0.3243,0.32253
r_free,phenix,torchref,5TLD,phenix,0.3118,0.313771
r_free,phenix,torchref,5TLD,refmac,0.3196,0.320036
r_free,phenix,torchref,5TLD,torchref,0.3034,0.302697
r_free,phenix,torchref,5TM9,phenix,0.3524,0.343018
r_free,phenix,torchref,5TM9,refmac,0.3131,0.30302
r_free,phenix,torchref,5TM9,torchref,0.3316,0.327866
r_free,phenix,torchref,5TTA,phenix,0.3267,0.325223
r_free,phenix,torchref,5TTA,refmac,0.3192,0.320764
r_free,phenix,torchref,5TTA,torchref,0.3174,0.317721
r_free,phenix,torchref,5TV7,phenix,0.2953,0.299047
r_free,phenix,torchref,5TV7,refmac,0.2767,0.284124
r_free,phenix,torchref,5TV7,torchref,0.2906,0.293803
r_free,phenix,torchref,5U6K,phenix,0.3049,0.301856
r_free,phenix,torchref,5U6K,refmac,0.3261,0.319947
r_free,phenix,torchref,5U6K,torchref,0.2822,0.279937
r_free,phenix,torchref,5UQP,phenix,0.5063,0.507559
r_free,phenix,torchref,5UQP,refmac,0.4916,0.482632
r_free,phenix,torchref,5UQP,torchref,0.5198,0.516032
r_free,phenix,torchref,5UV4,phenix,0.3091,0.314483
r_free,phenix,torchref,5UV4,refmac,0.2861,0.278941
r_free,phenix,torchref,5UV4,torchref,0.2893,0.283928
r_free,phenix,torchref,5UX5,phenix,0.2994,0.296076
r_free,phenix,torchref,5UX5,refmac,0.2907,0.28973
r_free,phenix,torchref,5UX5,torchref,0.3002,0.298199
r_free,phenix,torchref,5UXG,phenix,0.2839,0.282459
r_free,phenix,torchref,5UXG,refmac,0.2863,0.28529
r_free,phenix,torchref,5UXG,torchref,0.2838,0.282235
r_free,phenix,torchref,5UZU,phenix,0.3137,0.310779
r_free,phenix,torchref,5UZU,refmac,0.3111,0.306641
r_free,phenix,torchref,5UZU,torchref,0.3067,0.305583
r_free,phenix,torchref,5V8W,phenix,0.3667,0.366586
r_free,phenix,torchref,5V8W,refmac,0.3634,0.364236
r_free,phenix,torchref,5V8W,torchref,0.3647,0.368179
r_free,phenix,torchref,5VIA,phenix,0.2762,0.271837
r_free,phenix,torchref,5VIA,refmac,0.2868,0.282621
r_free,phenix,torchref,5VIA,torchref,0.2776,0.274867
r_free,phenix,torchref,5VLB,phenix,0.2929,0.291137
r_free,phenix,torchref,5VLB,refmac,0.2829,0.282083
r_free,phenix,torchref,5VLB,torchref,0.2948,0.293189
r_free,phenix,torchref,5VQG,phenix,0.36,0.363004
r_free,phenix,torchref,5VQG,refmac,0.3928,0.391695
r_free,phenix,torchref,5VQG,torchref,0.3959,0.391666
r_free,phenix,torchref,5WB4,phenix,0.3415,0.340753
r_free,phenix,torchref,5WB4,refmac,0.3344,0.331919
r_free,phenix,torchref,5WB4,torchref,0.3379,0.333426
r_free,phenix,torchref,5WJQ,phenix,0.5772,0.647624
r_free,phenix,torchref,5WJQ,refmac,0.6001,0.619343
r_free,phenix,torchref,5WJQ,torchref,0.5738,0.603959
r_free,phenix,torchref,5WRR,phenix,0.364,0.361726
r_free,phenix,torchref,5WRR,refmac,0.3276,0.322722
r_free,phenix,torchref,5WRR,torchref,0.3421,0.339337
r_free,phenix,torchref,5WWW,phenix,0.2997,0.30184
r_free,phenix,torchref,5WWW,refmac,0.3001,0.305878
r_free,phenix,torchref,5WWW,torchref,0.3131,0.320521
r_free,phenix,torchref,5X6S,phenix,0.2536,0.250084
r_free,phenix,torchref,5X6S,refmac,0.254,0.250574
r_free,phenix,torchref,5X6S,torchref,0.2567,0.253509
r_free,phenix,torchref,5XB7,phenix,0.263,0.260746
r_free,phenix,torchref,5XB7,refmac,0.2598,0.257194
r_free,phenix,torchref,5XG9,phenix,0.2965,0.295834
r_free,phenix,torchref,5XG9,refmac,0.3083,0.306375
r_free,phenix,torchref,5XG9,torchref,0.3046,0.305941
r_free,phenix,torchref,5XHW,phenix,0.2831,0.286308
r_free,phenix,torchref,5XHW,refmac,0.2811,0.282947
r_free,phenix,torchref,5XHW,torchref,0.2755,0.279279
r_free,phenix,torchref,5XMZ,phenix,0.3436,0.336883
r_free,phenix,torchref,5XMZ,refmac,0.3378,0.331026
r_free,phenix,torchref,5XMZ,torchref,0.3312,0.324853
r_free,phenix,torchref,5XRW,phenix,0.3676,0.36872
r_free,phenix,torchref,5XRW,refmac,0.4019,0.402041
r_free,phenix,torchref,5XRW,torchref,0.4754,0.493865
r_free,phenix,torchref,5XUK,phenix,0.3148,0.295781
r_free,phenix,torchref,5XUK,refmac,0.393,0.398401
r_free,phenix,torchref,5XUK,torchref,0.3069,0.302091
r_free,phenix,torchref,5XUQ,phenix,0.3673,0.342743
r_free,phenix,torchref,5XUQ,refmac,0.3616,0.347109
r_free,phenix,torchref,5XUQ,torchref,0.3545,0.350779
r_free,phenix,torchref,5XVW,phenix,0.2863,0.286804
r_free,phenix,torchref,5XVW,refmac,0.2861,0.287876
r_free,phenix,torchref,5XVW,torchref,0.2834,0.284111
r_free,phenix,torchref,5Y9I,phenix,0.3258,0.324422
r_free,phenix,torchref,5Y9I,refmac,0.3301,0.32942
r_free,phenix,torchref,5Y9I,torchref,0.3282,0.324828
r_free,phenix,torchref,5YAY,phenix,0.3132,0.311759
r_free,phenix,torchref,5YAY,refmac,0.3198,0.323118
r_free,phenix,torchref,5YAY,torchref,0.3181,0.31768
r_free,phenix,torchref,5Z6D,phenix,0.2873,0.284863
r_free,phenix,torchref,5Z6D,refmac,0.2891,0.288561
r_free,phenix,torchref,5Z6D,torchref,0.284,0.282928
r_free,phenix,torchref,5Z6V,phenix,0.3103,0.309783
r_free,phenix,torchref,5Z6V,refmac,0.323,0.326795
r_free,phenix,torchref,5Z6V,torchref,0.3132,0.312643
r_free,phenix,torchref,5Z8L,phenix,0.4572,0.460263
r_free,phenix,torchref,5Z8L,refmac,0.3381,0.337875
r_free,phenix,torchref,5Z8L,torchref,0.3634,0.367137
r_free,phenix,torchref,5ZOO,phenix,0.2404,0.244827
r_free,phenix,torchref,5ZOO,refmac,0.2507,0.255019
r_free,phenix,torchref,5ZOO,torchref,0.2478,0.248459
r_free,phenix,torchref,6A0E,phenix,0.3124,0.309832
r_free,phenix,torchref,6A0E,refmac,0.3037,0.301864
r_free,phenix,torchref,6A0E,torchref,0.309,0.306542
r_free,phenix,torchref,6A93,phenix,0.4884,0.47808
r_free,phenix,torchref,6A93,refmac,0.5066,0.51843
r_free,phenix,torchref,6A93,torchref,0.497,0.4703
r_free,phenix,torchref,6AF3,phenix,0.4841,0.489561
r_free,phenix,torchref,6AF3,refmac,0.4533,0.463736
r_free,phenix,torchref,6AF3,torchref,0.4581,0.461248
r_free,phenix,torchref,6AGI,phenix,0.3076,0.316399
r_free,phenix,torchref,6AGI,refmac,0.305,0.306317
r_free,phenix,torchref,6AGI,torchref,0.3155,0.320598
r_free,phenix,torchref,6AL9,refmac,0.2754,0.278946
r_free,phenix,torchref,6AL9,torchref,0.2773,0.269922
r_free,phenix,torchref,6B8Q,phenix,0.4787,0.480643
r_free,phenix,torchref,6B8Q,refmac,0.4723,0.474111
r_free,phenix,torchref,6B8Q,torchref,0.4739,0.470184
r_free,phenix,torchref,6CGO,phenix,0.3993,0.400452
r_free,phenix,torchref,6CGO,refmac,0.3868,0.388162
r_free,phenix,torchref,6CGO,torchref,0.4037,0.408251
r_free,phenix,torchref,6COK,phenix,0.2819,0.286027
r_free,phenix,torchref,6COK,refmac,0.2789,0.281261
r_free,phenix,torchref,6COK,torchref,0.2851,0.29095
r_free,phenix,torchref,6CQL,phenix,0.4108,0.409298
r_free,phenix,torchref,6CQL,refmac,0.4157,0.415324
r_free,phenix,torchref,6CQL,torchref,0.3988,0.398545
r_free,phenix,torchref,6CW5,phenix,0.361,0.354587
r_free,phenix,torchref,6CW5,refmac,0.3445,0.336964
r_free,phenix,torchref,6CW5,torchref,0.3513,0.3469
r_free,phenix,torchref,6D2V,phenix,0.2945,0.293
r_free,phenix,torchref,6D2V,refmac,0.2768,0.27692
r_free,phenix,torchref,6D2V,torchref,0.2896,0.292222
r_free,phenix,torchref,6D97,phenix,0.2461,0.246692
r_free,phenix,torchref,6D97,refmac,0.2425,0.242863
r_free,phenix,torchref,6D97,torchref,0.2521,0.254281
r_free,phenix,torchref,6DDT,phenix,0.3012,0.298609
r_free,phenix,torchref,6DDT,refmac,0.3015,0.298401
r_free,phenix,torchref,6DDT,torchref,0.2972,0.296119
r_free,phenix,torchref,6DF3,phenix,0.3066,0.309412
r_free,phenix,torchref,6DF3,refmac,0.301,0.300969
r_free,phenix,torchref,6DF3,torchref,0.3073,0.304895
r_free,phenix,torchref,6E0M,phenix,0.3164,0.321762
r_free,phenix,torchref,6E0M,refmac,0.3143,0.317462
r_free,phenix,torchref,6E0M,torchref,0.2954,0.297429
r_free,phenix,torchref,6EC7,phenix,0.3551,0.361028
r_free,phenix,torchref,6EC7,refmac,0.318,0.324474
r_free,phenix,torchref,6EC7,torchref,0.3472,0.357074
r_free,phenix,torchref,6EUS,phenix,0.3001,0.29904
r_free,phenix,torchref,6EUS,refmac,0.3026,0.302469
r_free,phenix,torchref,6EUS,torchref,0.3019,0.301424
r_free,phenix,torchref,6EWJ,phenix,0.3061,0.30715
r_free,phenix,torchref,6EWJ,refmac,0.3071,0.309788
r_free,phenix,torchref,6EWJ,torchref,0.3102,0.313004
r_free,phenix,torchref,6EYS,phenix,0.2776,0.280906
r_free,phenix,torchref,6EYS,refmac,0.2869,0.288311
r_free,phenix,torchref,6EYS,torchref,0.2856,0.286394
r_free,phenix,torchref,6F1S,phenix,0.3028,0.313172
r_free,phenix,torchref,6F1S,refmac,0.2898,0.297173
r_free,phenix,torchref,6F1S,torchref,0.2695,0.275938
r_free,phenix,torchref,6FJU,phenix,0.3777,0.372899
r_free,phenix,torchref,6FJU,refmac,0.3742,0.370509
r_free,phenix,torchref,6FJU,torchref,0.3728,0.372047
r_free,phenix,torchref,6FOK,phenix,0.2894,0.291824
r_free,phenix,torchref,6FOK,refmac,0.2816,0.280415
r_free,phenix,torchref,6FOK,torchref,0.2808,0.279026
r_free,phenix,torchref,6FX6,phenix,0.3694,0.370483
r_free,phenix,torchref,6FX6,refmac,0.3748,0.358096
r_free,phenix,torchref,6FX6,torchref,0.3769,0.367733
r_free,phenix,torchref,6GBS,phenix,0.4206,0.417062
r_free,phenix,torchref,6GBS,refmac,0.4165,0.414339
r_free,phenix,torchref,6GBS,torchref,0.4167,0.412153
r_free,phenix,torchref,6GP7,phenix,0.3161,0.315892
r_free,phenix,torchref,6GP7,refmac,0.3395,0.344707
r_free,phenix,torchref,6GP7,torchref,0.304,0.309354
r_free,phenix,torchref,6GXS,phenix,0.2881,0.287136
r_free,phenix,torchref,6GXS,refmac,0.2947,0.293371
r_free,phenix,torchref,6GXS,torchref,0.2912,0.290237
r_free,phenix,torchref,6HFG,phenix,0.3119,0.313881
r_free,phenix,torchref,6HFG,refmac,0.3,0.29895
r_free,phenix,torchref,6HFG,torchref,0.3098,0.297132
r_free,phenix,torchref,6HR7,refmac,0.2695,0.26461
r_free,phenix,torchref,6HR7,torchref,0.2825,0.27923
r_free,phenix,torchref,6I1R,phenix,0.286,0.280069
r_free,phenix,torchref,6I1R,refmac,0.2764,0.280637
r_free,phenix,torchref,6I1R,torchref,0.281,0.283496
r_free,phenix,torchref,6I50,phenix,0.2378,0.23738
r_free,phenix,torchref,6I50,refmac,0.2328,0.229234
r_free,phenix,torchref,6I50,torchref,0.2329,0.229984
r_free,phenix,torchref,6IIW,phenix,0.4167,0.416766
r_free,phenix,torchref,6IIW,refmac,0.424,0.422449
r_free,phenix,torchref,6IIW,torchref,0.4039,0.411521
r_free,phenix,torchref,6ILR,refmac,0.2926,0.291895
r_free,phenix,torchref,6ILR,torchref,0.2978,0.297353
r_free,phenix,torchref,6IQJ,phenix,0.3295,0.336195
r_free,phenix,torchref,6IQJ,refmac,0.3368,0.340312
r_free,phenix,torchref,6IQJ,torchref,0.3283,0.337566
r_free,phenix,torchref,6IR8,phenix,0.4717,0.470104
r_free,phenix,torchref,6IR8,refmac,0.4619,0.471871
r_free,phenix,torchref,6IR8,torchref,0.4674,0.482014
r_free,phenix,torchref,6J17,phenix,0.3143,0.315583
r_free,phenix,torchref,6J17,refmac,0.2936,0.288585
r_free,phenix,torchref,6J17,torchref,0.3165,0.319893
r_free,phenix,torchref,6J72,phenix,0.379,0.377323
r_free,phenix,torchref,6J72,refmac,0.3774,0.378438
r_free,phenix,torchref,6J72,torchref,0.3777,0.37528
r_free,phenix,torchref,6J7Y,phenix,0.2865,0.287148
r_free,phenix,torchref,6J7Y,refmac,0.2778,0.27121
r_free,phenix,torchref,6J7Y,torchref,0.2767,0.275378
r_free,phenix,torchref,6JC4,phenix,0.2943,0.295918
r_free,phenix,torchref,6JC4,refmac,0.2927,0.292987
r_free,phenix,torchref,6JC4,torchref,0.2997,0.300814
r_free,phenix,torchref,6JJW,phenix,0.5086,0.521886
r_free,phenix,torchref,6JJW,refmac,0.5385,0.544095
r_free,phenix,torchref,6JJW,torchref,0.5487,0.542432
r_free,phenix,torchref,6JZA,phenix,0.3361,0.339858
r_free,phenix,torchref,6JZA,refmac,0.3278,0.325833
r_free,phenix,torchref,6JZA,torchref,0.3829,0.396787
r_free,phenix,torchref,6K6R,phenix,0.2919,0.287038
r_free,phenix,torchref,6K6R,refmac,0.2762,0.273965
r_free,phenix,torchref,6K6R,torchref,0.2822,0.289917
r_free,phenix,torchref,6L8E,phenix,0.4989,0.509344
r_free,phenix,torchref,6L8E,refmac,0.4711,0.479182
r_free,phenix,torchref,6L8E,torchref,0.4855,0.493099
r_free,phenix,torchref,6L9F,phenix,0.373,0.373621
r_free,phenix,torchref,6L9F,refmac,0.3621,0.362864
r_free,phenix,torchref,6L9F,torchref,0.3794,0.38021
r_free,phenix,torchref,6LKG,phenix,0.2896,0.290227
r_free,phenix,torchref,6LKG,refmac,0.2825,0.28345
r_free,phenix,torchref,6LKG,torchref,0.2882,0.289021
r_free,phenix,torchref,6M20,phenix,0.4702,0.471835
r_free,phenix,torchref,6M20,refmac,0.449,0.452437
r_free,phenix,torchref,6M20,torchref,0.4669,0.471022
r_free,phenix,torchref,6N5U,phenix,0.298,0.301356
r_free,phenix,torchref,6N5U,refmac,0.3111,0.31339
r_free,phenix,torchref,6N5U,torchref,0.3021,0.306875
r_free,phenix,torchref,6O6N,phenix,0.3022,0.299067
r_free,phenix,torchref,6O6N,refmac,0.2925,0.291399
r_free,phenix,torchref,6O6N,torchref,0.2936,0.292748
r_free,phenix,torchref,6OAE,refmac,0.3034,0.306828
r_free,phenix,torchref,6OAE,torchref,0.3209,0.325709
r_free,phenix,torchref,6OHI,phenix,0.5426,0.543709
r_free,phenix,torchref,6OHI,refmac,0.5253,0.517408
r_free,phenix,torchref,6OHI,torchref,0.5771,0.564097
r_free,phenix,torchref,6PEU,phenix,0.3267,0.325211
r_free,phenix,torchref,6PEU,refmac,0.3247,0.324779
r_free,phenix,torchref,6PEU,torchref,0.342,0.341059
r_free,phenix,torchref,6PJQ,phenix,0.3675,0.370982
r_free,phenix,torchref,6PJQ,refmac,0.3738,0.375328
r_free,phenix,torchref,6PJQ,torchref,0.4018,0.40801
r_free,phenix,torchref,6PNP,phenix,0.3331,0.329858
r_free,phenix,torchref,6PNP,refmac,0.2995,0.292675
r_free,phenix,torchref,6PNP,torchref,0.2993,0.296748
r_free,phenix,torchref,6PUP,phenix,0.3631,0.35756
r_free,phenix,torchref,6PUP,refmac,0.3355,0.337678
r_free,phenix,torchref,6PUP,torchref,0.3329,0.338984
r_free,phenix,torchref,6R0L,phenix,0.349,0.372197
r_free,phenix,torchref,6R0L,refmac,0.378,0.375858
r_free,phenix,torchref,6R0L,torchref,0.3868,0.543018
r_free,phenix,torchref,6R6T,phenix,0.2907,0.285484
r_free,phenix,torchref,6R6T,refmac,0.2845,0.286329
r_free,phenix,torchref,6R6T,torchref,0.2952,0.297874
r_free,phenix,torchref,6RFT,phenix,0.3235,0.323995
r_free,phenix,torchref,6RFT,refmac,0.3193,0.318371
r_free,phenix,torchref,6RFT,torchref,0.3246,0.325004
r_free,phenix,torchref,6RPT,phenix,0.3954,0.400243
r_free,phenix,torchref,6RPT,refmac,0.3818,0.376973
r_free,phenix,torchref,6RPT,torchref,0.3989,0.40342
r_free,phenix,torchref,6RR0,phenix,0.4385,0.436336
r_free,phenix,torchref,6RR0,refmac,0.4786,0.482676
r_free,phenix,torchref,6RR0,torchref,0.4444,0.440778
r_free,phenix,torchref,6RSN,phenix,0.3068,0.303927
r_free,phenix,torchref,6RSN,refmac,0.2823,0.28918
r_free,phenix,torchref,6RSN,torchref,0.2869,0.288928
r_free,phenix,torchref,6S2P,phenix,0.4062,0.396679
r_free,phenix,torchref,6S2P,refmac,0.4056,0.391327
r_free,phenix,torchref,6S2P,torchref,0.3915,0.384251
r_free,phenix,torchref,6SRB,phenix,0.3078,0.311686
r_free,phenix,torchref,6SRB,refmac,0.3629,0.362994
r_free,phenix,torchref,6SRB,torchref,0.309,0.307835
r_free,phenix,torchref,6SXW,phenix,0.3605,0.357209
r_free,phenix,torchref,6SXW,refmac,0.3505,0.367327
r_free,phenix,torchref,6SXW,torchref,0.382,0.375241
r_free,phenix,torchref,6T80,phenix,0.3436,0.384704
r_free,phenix,torchref,6T80,refmac,0.3269,0.368701
r_free,phenix,torchref,6T80,torchref,0.3665,0.403053
r_free,phenix,torchref,6TCT,phenix,0.3693,0.375994
r_free,phenix,torchref,6TCT,refmac,0.3538,0.362514
r_free,phenix,torchref,6TCT,torchref,0.3607,0.365523
r_free,phenix,torchref,6TT5,phenix,0.3023,0.305664
r_free,phenix,torchref,6TT5,refmac,0.2955,0.297137
r_free,phenix,torchref,6TT5,torchref,0.295,0.296111
r_free,phenix,torchref,6TWJ,phenix,0.2798,0.283208
r_free,phenix,torchref,6TWJ,refmac,0.276,0.280549
r_free,phenix,torchref,6TWJ,torchref,0.2806,0.283975
r_free,phenix,torchref,6U2D,phenix,0.3105,0.306192
r_free,phenix,torchref,6U2D,refmac,0.3251,0.323395
r_free,phenix,torchref,6U2D,torchref,0.3246,0.322834
r_free,phenix,torchref,6U75,phenix,0.2938,0.292043
r_free,phenix,torchref,6U75,refmac,0.2817,0.285815
r_free,phenix,torchref,6U75,torchref,0.2952,0.298355
r_free,phenix,torchref,6UB7,phenix,0.2644,0.261097
r_free,phenix,torchref,6UB7,refmac,0.2545,0.251996
r_free,phenix,torchref,6UB7,torchref,0.264,0.263639
r_free,phenix,torchref,6V7M,phenix,0.4377,0.456408
r_free,phenix,torchref,6V7M,refmac,0.4537,0.470072
r_free,phenix,torchref,6V7M,torchref,0.4606,0.480153
r_free,phenix,torchref,6VD8,phenix,0.3226,0.31048
r_free,phenix,torchref,6VD8,refmac,0.4078,0.399369
r_free,phenix,torchref,6VD8,torchref,0.3646,0.367291
r_free,phenix,torchref,6VHI,phenix,0.2277,0.247934
r_free,phenix,torchref,6VHI,refmac,0.238,0.254846
r_free,phenix,torchref,6VHI,torchref,0.2531,0.270517
r_free,phenix,torchref,6VPT,phenix,0.3184,0.315998
r_free,phenix,torchref,6VPT,refmac,0.3223,0.316459
r_free,phenix,torchref,6VPT,torchref,0.3093,0.300501
r_free,phenix,torchref,6VS7,phenix,0.4948,0.50374
r_free,phenix,torchref,6VS7,refmac,0.5285,0.533692
r_free,phenix,torchref,6VS7,torchref,0.5205,0.526232
r_free,phenix,torchref,6W9K,phenix,0.2688,0.274093
r_free,phenix,torchref,6W9K,refmac,0.2615,0.264594
r_free,phenix,torchref,6W9K,torchref,0.2516,0.2526
r_free,phenix,torchref,6WT6,phenix,0.2898,0.284406
r_free,phenix,torchref,6WT6,refmac,0.3122,0.307196
r_free,phenix,torchref,6WT6,torchref,0.3235,0.316509
r_free,phenix,torchref,6XZ6,phenix,0.3022,0.304715
r_free,phenix,torchref,6XZ6,refmac,0.3057,0.305878
r_free,phenix,torchref,6XZ6,torchref,0.3015,0.306339
r_free,phenix,torchref,6YFV,phenix,0.454,0.443501
r_free,phenix,torchref,6YFV,refmac,0.4455,0.428765
r_free,phenix,torchref,6YFV,torchref,0.4511,0.439472
r_free,phenix,torchref,6Z1S,phenix,0.3174,0.323645
r_free,phenix,torchref,6Z1S,refmac,0.3241,0.326713
r_free,phenix,torchref,6Z1S,torchref,0.312,0.316967
r_free,phenix,torchref,6Z3U,phenix,0.431,0.429346
r_free,phenix,torchref,6Z3U,refmac,0.4857,0.483151
r_free,phenix,torchref,6Z3U,torchref,0.462,0.472387
r_free,phenix,torchref,6ZH1,phenix,0.3977,0.399111
r_free,phenix,torchref,6ZH1,refmac,0.3765,0.375406
r_free,phenix,torchref,6ZH1,torchref,0.3959,0.386812
r_free,phenix,torchref,6ZUW,phenix,0.4148,0.413459
r_free,phenix,torchref,6ZUW,refmac,0.4052,0.402115
r_free,phenix,torchref,6ZUW,torchref,0.4002,0.404735
r_free,phenix,torchref,7AUI,phenix,0.3298,0.326323
r_free,phenix,torchref,7AUI,refmac,0.3158,0.317057
r_free,phenix,torchref,7AUI,torchref,0.3205,0.312287
r_free,phenix,torchref,7BV5,phenix,0.368,0.3847
r_free,phenix,torchref,7BV5,refmac,0.3427,0.359916
r_free,phenix,torchref,7BV5,torchref,0.3662,0.392675
r_free,phenix,torchref,7BW1,phenix,0.3081,0.316942
r_free,phenix,torchref,7BW1,refmac,0.3155,0.323669
r_free,phenix,torchref,7BW1,torchref,0.3072,0.303038
r_free,phenix,torchref,7C7E,phenix,0.4677,0.451755
r_free,phenix,torchref,7C7E,refmac,0.4672,0.469027
r_free,phenix,torchref,7C7E,torchref,0.4607,0.447408
r_free,phenix,torchref,7CFD,phenix,0.4918,0.49811
r_free,phenix,torchref,7CFD,refmac,0.3781,0.385494
r_free,phenix,torchref,7CFD,torchref,0.4559,0.447135
r_free,phenix,torchref,7CWW,phenix,0.3459,0.353171
r_free,phenix,torchref,7CWW,refmac,0.322,0.325958
r_free,phenix,torchref,7CWW,torchref,0.326,0.33099
r_free,phenix,torchref,7D86,phenix,0.3633,0.365006
r_free,phenix,torchref,7D86,refmac,0.3358,0.337771
r_free,phenix,torchref,7D86,torchref,0.3498,0.344396
r_free,phenix,torchref,7DUF,phenix,0.5052,0.485593
r_free,phenix,torchref,7DUF,refmac,0.4877,0.482306
r_free,phenix,torchref,7DUF,torchref,0.5046,0.499801
r_free,phenix,torchref,7DVN,refmac,0.5615,0.562185
r_free,phenix,torchref,7E2E,phenix,0.4875,0.495692
r_free,phenix,torchref,7E2E,refmac,0.4468,0.460154
r_free,phenix,torchref,7E2E,torchref,0.5103,0.490365
r_free,phenix,torchref,7EWF,phenix,0.381,0.38494
r_free,phenix,torchref,7EWF,refmac,0.3735,0.387174
r_free,phenix,torchref,7EWF,torchref,0.376,0.374518
r_free,phenix,torchref,7F9K,phenix,0.4316,0.435078
r_free,phenix,torchref,7F9K,refmac,0.4298,0.431384
r_free,phenix,torchref,7F9K,torchref,0.431,0.428283
r_free,phenix,torchref,7F9M,phenix,0.3403,0.381809
r_free,phenix,torchref,7F9M,refmac,0.3233,0.328053
r_free,phenix,torchref,7F9M,torchref,0.3405,0.361525
r_free,phenix,torchref,7FHR,phenix,0.3164,0.317491
r_free,phenix,torchref,7FHR,refmac,0.3024,0.303884
r_free,phenix,torchref,7FHR,torchref,0.3022,0.303738
r_free,phenix,torchref,7JI4,phenix,0.3864,0.356309
r_free,phenix,torchref,7JI4,refmac,0.3747,0.362796
r_free,phenix,torchref,7JI4,torchref,0.4217,0.393631
r_free,phenix,torchref,7JN9,phenix,0.5459,0.56809
r_free,phenix,torchref,7JN9,refmac,0.5863,0.571024
r_free,phenix,torchref,7JN9,torchref,0.5314,0.587686
r_free,phenix,torchref,7K3J,phenix,0.4712,0.469873
r_free,phenix,torchref,7K3J,refmac,0.3247,0.327035
r_free,phenix,torchref,7K3J,torchref,0.3259,0.327127
r_free,phenix,torchref,7KQ0,phenix,0.3401,0.339959
r_free,phenix,torchref,7KQ0,refmac,0.3502,0.346792
r_free,phenix,torchref,7KQ0,torchref,0.3486,0.350856
r_free,phenix,torchref,7LF4,phenix,0.3129,0.335796
r_free,phenix,torchref,7LF4,refmac,0.3275,0.347255
r_free,phenix,torchref,7LF4,torchref,0.3095,0.335487
