metric,scorer_x,scorer_y,code,model_engine,value_x,value_y
r_free,refmac,phenix,1A0F,phenix,0.2521,0.2495
r_free,refmac,phenix,1A0F,refmac,0.2485,0.2426
r_free,refmac,phenix,1A0F,torchref,0.2551,0.2511
r_free,refmac,phenix,1A46,phenix,0.3499,0.3428
r_free,refmac,phenix,1A46,refmac,0.3519,0.3456
r_free,refmac,phenix,1A46,torchref,0.3534,0.3365
r_free,refmac,phenix,1A4E,phenix,0.2308,0.2341
r_free,refmac,phenix,1A4E,refmac,0.2274,0.2321
r_free,refmac,phenix,1A4I,phenix,0.3569,0.3527
r_free,refmac,phenix,1A4I,refmac,0.3836,0.3791
r_free,refmac,phenix,1A4I,torchref,0.3488,0.3443
r_free,refmac,phenix,1A7V,phenix,0.3095,0.3172
r_free,refmac,phenix,1A7V,refmac,0.2934,0.3046
r_free,refmac,phenix,1A7V,torchref,0.321,0.3204
r_free,refmac,phenix,1AJ6,phenix,0.3378,0.337
r_free,refmac,phenix,1AJ6,refmac,0.3585,0.3512
r_free,refmac,phenix,1AJ6,torchref,0.3248,0.3178
r_free,refmac,phenix,1AK5,phenix,0.2347,0.2302
r_free,refmac,phenix,1AK5,refmac,0.2278,0.2266
r_free,refmac,phenix,1AK5,torchref,0.2307,0.225
r_free,refmac,phenix,1ANU,phenix,0.2669,0.2635
r_free,refmac,phenix,1ANU,refmac,0.2381,0.2346
r_free,refmac,phenix,1ANU,torchref,0.2705,0.2725
r_free,refmac,phenix,1APX,phenix,0.2947,0.2915
r_free,refmac,phenix,1APX,refmac,0.3021,0.2955
r_free,refmac,phenix,1APX,torchref,0.3051,0.3002
r_free,refmac,phenix,1AQZ,phenix,0.2698,0.2654
r_free,refmac,phenix,1AQZ,refmac,0.2715,0.2647
r_free,refmac,phenix,1AQZ,torchref,0.2747,0.271
r_free,refmac,phenix,1AT0,refmac,0.3376,0.3226
r_free,refmac,phenix,1AT0,torchref,0.3456,0.3333
r_free,refmac,phenix,1B37,phenix,0.2783,0.2742
r_free,refmac,phenix,1B37,refmac,0.2806,0.2746
r_free,refmac,phenix,1B9K,phenix,0.2812,0.2692
r_free,refmac,phenix,1B9K,refmac,0.2822,0.2763
r_free,refmac,phenix,1B9K,torchref,0.291,0.2813
r_free,refmac,phenix,1BIA,phenix,0.3574,0.3485
r_free,refmac,phenix,1BIA,refmac,0.3479,0.3472
r_free,refmac,phenix,1BIA,torchref,0.3525,0.354
r_free,refmac,phenix,1BM7,phenix,0.2535,0.2506
r_free,refmac,phenix,1BM7,refmac,0.2468,0.2468
r_free,refmac,phenix,1BM7,torchref,0.2476,0.2522
r_free,refmac,phenix,1BQG,refmac,0.2364,0.2346
r_free,refmac,phenix,1BQG,torchref,0.2445,0.2434
r_free,refmac,phenix,1BX0,phenix,0.2854,0.2825
r_free,refmac,phenix,1BX0,refmac,0.289,0.2842
r_free,refmac,phenix,1BX0,torchref,0.2821,0.2777
r_free,refmac,phenix,1BXE,phenix,0.3467,0.3308
r_free,refmac,phenix,1BXE,refmac,0.3499,0.3342
r_free,refmac,phenix,1BXE,torchref,0.3498,0.3339
r_free,refmac,phenix,1BYW,phenix,0.2515,0.2594
r_free,refmac,phenix,1BYW,refmac,0.2132,0.2289
r_free,refmac,phenix,1BYW,torchref,0.2547,0.2594
r_free,refmac,phenix,1C3F,phenix,0.3241,0.3175
r_free,refmac,phenix,1C3F,refmac,0.3156,0.3122
r_free,refmac,phenix,1C3F,torchref,0.3116,0.3154
r_free,refmac,phenix,1CI0,phenix,0.294,0.2838
r_free,refmac,phenix,1CI0,refmac,0.2971,0.2808
r_free,refmac,phenix,1CI0,torchref,0.2992,0.2921
r_free,refmac,phenix,1CSM,phenix,0.2549,0.2509
r_free,refmac,phenix,1CSM,refmac,0.2495,0.2466
r_free,refmac,phenix,1CSM,torchref,0.2561,0.2495
r_free,refmac,phenix,1D9E,phenix,0.269,0.2589
r_free,refmac,phenix,1D9E,refmac,0.2571,0.2507
r_free,refmac,phenix,1DAW,phenix,0.3169,0.2948
r_free,refmac,phenix,1DAW,refmac,0.325,0.304
r_free,refmac,phenix,1DAW,torchref,0.3244,0.3082
r_free,refmac,phenix,1DLM,phenix,0.2656,0.2563
r_free,refmac,phenix,1DLM,refmac,0.2731,0.2632
r_free,refmac,phenix,1DLM,torchref,0.2702,0.2613
r_free,refmac,phenix,1DQ3,phenix,0.377,0.3723
r_free,refmac,phenix,1DQ3,refmac,0.3829,0.3808
r_free,refmac,phenix,1DQ3,torchref,0.378,0.3766
r_free,refmac,phenix,1DQ8,phenix,0.2846,0.2811
r_free,refmac,phenix,1DQ8,refmac,0.2885,0.284
r_free,refmac,phenix,1DQ8,torchref,0.2882,0.2841
r_free,refmac,phenix,1e+79,phenix,0.3707,0.3623
r_free,refmac,phenix,1e+79,refmac,0.3807,0.3736
r_free,refmac,phenix,1e+79,torchref,0.39,0.3796
r_free,refmac,phenix,1EJ1,phenix,0.3067,0.3081
r_free,refmac,phenix,1EJ1,refmac,0.2901,0.294
r_free,refmac,phenix,1EJ1,torchref,0.3087,0.3073
r_free,refmac,phenix,1EJH,phenix,0.3055,0.3005
r_free,refmac,phenix,1EJH,refmac,0.299,0.2984
r_free,refmac,phenix,1EJH,torchref,0.2997,0.2948
r_free,refmac,phenix,1ETE,phenix,0.3523,0.352
r_free,refmac,phenix,1ETE,refmac,0.3443,0.3387
r_free,refmac,phenix,1ETE,torchref,0.358,0.3554
r_free,refmac,phenix,1EZW,phenix,0.2485,0.2438
r_free,refmac,phenix,1EZW,refmac,0.2431,0.2435
r_free,refmac,phenix,1EZW,torchref,0.2454,0.2435
r_free,refmac,phenix,1F97,phenix,0.2654,0.2565
r_free,refmac,phenix,1F97,refmac,0.2371,0.2293
r_free,refmac,phenix,1F97,torchref,0.2887,0.2852
r_free,refmac,phenix,1FG3,phenix,0.3063,0.3016
r_free,refmac,phenix,1FG3,refmac,0.304,0.3012
r_free,refmac,phenix,1FG3,torchref,0.3126,0.3065
r_free,refmac,phenix,1FIO,phenix,0.3905,0.4156
r_free,refmac,phenix,1FIO,refmac,0.4144,0.4319
r_free,refmac,phenix,1FIO,torchref,0.4124,0.427
r_free,refmac,phenix,1FKM,phenix,0.3097,0.3103
r_free,refmac,phenix,1FKM,refmac,0.3146,0.3094
r_free,refmac,phenix,1FKM,torchref,0.3106,0.3081
r_free,refmac,phenix,1FSI,phenix,0.3323,0.3266
r_free,refmac,phenix,1FSI,refmac,0.3048,0.3019
r_free,refmac,phenix,1FSI,torchref,0.3247,0.3227
r_free,refmac,phenix,1GHW,phenix,0.4265,0.4149
r_free,refmac,phenix,1GHW,refmac,0.4105,0.4068
r_free,refmac,phenix,1GHW,torchref,0.4125,0.4074
r_free,refmac,phenix,1GPQ,phenix,0.3077,0.2973
r_free,refmac,phenix,1GPQ,refmac,0.3056,0.298
r_free,refmac,phenix,1GPQ,torchref,0.2947,0.2896
r_free,refmac,phenix,1GQ8,phenix,0.2576,0.2515
r_free,refmac,phenix,1GQ8,refmac,0.2623,0.257
r_free,refmac,phenix,1GQ8,torchref,0.255,0.2485
r_free,refmac,phenix,1GQ9,phenix,0.3502,0.3345
r_free,refmac,phenix,1GQ9,refmac,0.3229,0.3145
r_free,refmac,phenix,1GQ9,torchref,0.3934,0.388
r_free,refmac,phenix,1GUI,phenix,0.323,0.3144
r_free,refmac,phenix,1GUI,refmac,0.3255,0.3155
r_free,refmac,phenix,1GUI,torchref,0.3197,0.3117
r_free,refmac,phenix,1GYJ,phenix,0.3181,0.2932
r_free,refmac,phenix,1GYJ,refmac,0.3291,0.3093
r_free,refmac,phenix,1GYJ,torchref,0.3259,0.3171
r_free,refmac,phenix,1H8V,phenix,0.2849,0.2762
r_free,refmac,phenix,1H8V,refmac,0.2849,0.2768
r_free,refmac,phenix,1H8V,torchref,0.2864,0.2801
r_free,refmac,phenix,1HN0,phenix,0.286,0.2765
r_free,refmac,phenix,1HN0,refmac,0.2805,0.2698
r_free,refmac,phenix,1HN0,torchref,0.2833,0.2751
r_free,refmac,phenix,1HNO,phenix,0.2743,0.2628
r_free,refmac,phenix,1HNO,refmac,0.2668,0.2558
r_free,refmac,phenix,1HNO,torchref,0.2655,0.2548
r_free,refmac,phenix,1HTN,phenix,0.2318,0.2112
r_free,refmac,phenix,1HTN,refmac,0.2389,0.22
r_free,refmac,phenix,1HTN,torchref,0.2255,0.2026
r_free,refmac,phenix,1I1N,phenix,0.2982,0.2782
r_free,refmac,phenix,1I1N,refmac,0.3061,0.2856
r_free,refmac,phenix,1I1N,torchref,0.2962,0.2779
r_free,refmac,phenix,1I3A,phenix,0.3373,0.3299
r_free,refmac,phenix,1I3A,refmac,0.3289,0.3229
r_free,refmac,phenix,1I3A,torchref,0.3425,0.3371
r_free,refmac,phenix,1IDQ,phenix,0.2382,0.2263
r_free,refmac,phenix,1IDQ,refmac,0.2342,0.2215
r_free,refmac,phenix,1IDQ,torchref,0.2377,0.2239
r_free,refmac,phenix,1IKN,phenix,0.4175,0.409
r_free,refmac,phenix,1IKN,refmac,0.379,0.3748
r_free,refmac,phenix,1IKN,torchref,0.3826,0.3808
r_free,refmac,phenix,1ITK,phenix,0.296,0.2864
r_free,refmac,phenix,1ITK,refmac,0.2905,0.2826
r_free,refmac,phenix,1ITK,torchref,0.3037,0.295
r_free,refmac,phenix,1J3P,phenix,0.2881,0.2746
r_free,refmac,phenix,1J3P,refmac,0.2949,0.278
r_free,refmac,phenix,1J3P,torchref,0.2878,0.2749
r_free,refmac,phenix,1J53,phenix,0.3148,0.3134
r_free,refmac,phenix,1J53,refmac,0.3091,0.3101
r_free,refmac,phenix,1J53,torchref,0.318,0.3175
r_free,refmac,phenix,1J5W,phenix,0.3187,0.3155
r_free,refmac,phenix,1J5W,refmac,0.3208,0.3169
r_free,refmac,phenix,1J5W,torchref,0.3241,0.3192
r_free,refmac,phenix,1J8B,phenix,0.4224,0.4158
r_free,refmac,phenix,1J8B,refmac,0.4582,0.4644
r_free,refmac,phenix,1J8B,torchref,0.4126,0.4048
r_free,refmac,phenix,1JAC,phenix,0.3072,0.3077
r_free,refmac,phenix,1JAC,refmac,0.3002,0.3047
r_free,refmac,phenix,1JAC,torchref,0.3134,0.3178
r_free,refmac,phenix,1JAD,phenix,0.3658,0.3633
r_free,refmac,phenix,1JAD,refmac,0.3898,0.386
r_free,refmac,phenix,1JAD,torchref,0.4036,0.4001
r_free,refmac,phenix,1JN9,phenix,0.5086,0.5053
r_free,refmac,phenix,1JN9,refmac,0.5049,0.4983
r_free,refmac,phenix,1JN9,torchref,0.5317,0.5329
r_free,refmac,phenix,1JU3,phenix,0.282,0.261
r_free,refmac,phenix,1JU3,refmac,0.2845,0.2624
r_free,refmac,phenix,1JU3,torchref,0.2846,0.2649
r_free,refmac,phenix,1K6D,phenix,0.2926,0.2851
r_free,refmac,phenix,1K6D,refmac,0.2853,0.2756
r_free,refmac,phenix,1K6D,torchref,0.2913,0.2859
r_free,refmac,phenix,1K7T,phenix,0.334,0.3351
r_free,refmac,phenix,1K7T,refmac,0.3207,0.3156
r_free,refmac,phenix,1K7T,torchref,0.3096,0.3138
r_free,refmac,phenix,1L9X,phenix,0.2547,0.2457
r_free,refmac,phenix,1L9X,refmac,0.2533,0.2436
r_free,refmac,phenix,1L9X,torchref,0.2532,0.2457
r_free,refmac,phenix,1LNZ,phenix,0.4734,0.4685
r_free,refmac,phenix,1LNZ,refmac,0.4613,0.4581
r_free,refmac,phenix,1LNZ,torchref,0.4798,0.4729
r_free,refmac,phenix,1M6E,phenix,0.2382,0.2465
r_free,refmac,phenix,1M6E,refmac,0.2406,0.2465
r_free,refmac,phenix,1M6E,torchref,0.234,0.2431
r_free,refmac,phenix,1N0L,phenix,0.3625,0.3647
r_free,refmac,phenix,1N0L,refmac,0.3548,0.3558
r_free,refmac,phenix,1N0L,torchref,0.3672,0.3697
r_free,refmac,phenix,1N6J,phenix,0.4432,0.4437
r_free,refmac,phenix,1N6J,refmac,0.4305,0.426
r_free,refmac,phenix,1N6J,torchref,0.4194,0.4195
r_free,refmac,phenix,1O4V,phenix,0.2518,0.2373
r_free,refmac,phenix,1O4V,refmac,0.2449,0.2362
r_free,refmac,phenix,1O4V,torchref,0.2489,0.2412
r_free,refmac,phenix,1O5T,phenix,0.363,0.3622
r_free,refmac,phenix,1O5T,refmac,0.3954,0.3897
r_free,refmac,phenix,1O5T,torchref,0.3958,0.3915
r_free,refmac,phenix,1O6D,phenix,0.2931,0.2904
r_free,refmac,phenix,1O6D,refmac,0.2917,0.2843
r_free,refmac,phenix,1O6D,torchref,0.3051,0.2955
r_free,refmac,phenix,1OBR,phenix,0.2131,0.2081
r_free,refmac,phenix,1OBR,refmac,0.2138,0.2093
r_free,refmac,phenix,1OBR,torchref,0.2359,0.2257
r_free,refmac,phenix,1OC0,phenix,0.3527,0.3378
r_free,refmac,phenix,1OC0,refmac,0.3639,0.3507
r_free,refmac,phenix,1OC0,torchref,0.3549,0.3377
r_free,refmac,phenix,1OE4,phenix,0.2999,0.2933
r_free,refmac,phenix,1OE4,refmac,0.3,0.2948
r_free,refmac,phenix,1OE4,torchref,0.2995,0.2958
r_free,refmac,phenix,1OMW,phenix,0.3675,0.364
r_free,refmac,phenix,1OMW,refmac,0.3323,0.3302
r_free,refmac,phenix,1OMW,torchref,0.3404,0.334
r_free,refmac,phenix,1OQE,phenix,0.2713,0.2696
r_free,refmac,phenix,1OQE,refmac,0.2513,0.2487
r_free,refmac,phenix,1OSC,phenix,0.261,0.2604
r_free,refmac,phenix,1OSC,refmac,0.2579,0.2599
r_free,refmac,phenix,1OSC,torchref,0.2562,0.2591
r_free,refmac,phenix,1OY5,phenix,0.3779,0.3658
r_free,refmac,phenix,1OY5,refmac,0.3644,0.3634
r_free,refmac,phenix,1OY5,torchref,0.3598,0.3531
r_free,refmac,phenix,1P3C,phenix,0.2276,0.2244
r_free,refmac,phenix,1P3C,refmac,0.2296,0.2258
r_free,refmac,phenix,1P3C,torchref,0.2278,0.2246
r_free,refmac,phenix,1P4X,phenix,0.3662,0.3601
r_free,refmac,phenix,1P4X,refmac,0.3733,0.3579
r_free,refmac,phenix,1P4X,torchref,0.3769,0.3612
r_free,refmac,phenix,1PG3,phenix,0.285,0.2755
r_free,refmac,phenix,1PG3,refmac,0.2821,0.2745
r_free,refmac,phenix,1PG3,torchref,0.2843,0.2802
r_free,refmac,phenix,1PJR,phenix,0.3568,0.348
r_free,refmac,phenix,1PJR,refmac,0.3896,0.381
r_free,refmac,phenix,1PJR,torchref,0.3631,0.3562
r_free,refmac,phenix,1PXZ,phenix,0.2687,0.2489
r_free,refmac,phenix,1PXZ,refmac,0.2703,0.2471
r_free,refmac,phenix,1PXZ,torchref,0.2676,0.2473
r_free,refmac,phenix,1Q15,phenix,0.3019,0.2938
r_free,refmac,phenix,1Q15,refmac,0.314,0.305
r_free,refmac,phenix,1Q15,torchref,0.3114,0.3009
r_free,refmac,phenix,1QB5,phenix,0.243,0.2348
r_free,refmac,phenix,1QB5,refmac,0.2452,0.236
r_free,refmac,phenix,1QB5,torchref,0.2486,0.24
r_free,refmac,phenix,1QD9,phenix,0.3067,0.3028
r_free,refmac,phenix,1QD9,refmac,0.3306,0.3252
r_free,refmac,phenix,1QD9,torchref,0.3354,0.3296
r_free,refmac,phenix,1QJV,phenix,0.2723,0.2681
r_free,refmac,phenix,1QJV,refmac,0.2721,0.2672
r_free,refmac,phenix,1QJV,torchref,0.2775,0.2767
r_free,refmac,phenix,1QZN,phenix,0.2945,0.2837
r_free,refmac,phenix,1QZN,refmac,0.2953,0.2828
r_free,refmac,phenix,1QZN,torchref,0.3046,0.2905
r_free,refmac,phenix,1R1K,phenix,0.3345,0.342
r_free,refmac,phenix,1R1K,refmac,0.3137,0.3195
r_free,refmac,phenix,1R1K,torchref,0.3132,0.3286
r_free,refmac,phenix,1R3U,phenix,0.2679,0.2732
r_free,refmac,phenix,1R3U,refmac,0.2741,0.2687
r_free,refmac,phenix,1R3U,torchref,0.2627,0.258
r_free,refmac,phenix,1RFX,phenix,0.4087,0.3977
r_free,refmac,phenix,1RFX,refmac,0.379,0.3747
r_free,refmac,phenix,1RFX,torchref,0.387,0.3845
r_free,refmac,phenix,1RHC,phenix,0.2515,0.2488
r_free,refmac,phenix,1RHC,refmac,0.2388,0.2382
r_free,refmac,phenix,1RHC,torchref,0.249,0.246
r_free,refmac,phenix,1RJ1,phenix,0.2895,0.2853
r_free,refmac,phenix,1RJ1,refmac,0.2802,0.2802
r_free,refmac,phenix,1RJ1,torchref,0.2801,0.2796
r_free,refmac,phenix,1RJD,phenix,0.2779,0.2703
r_free,refmac,phenix,1RJD,refmac,0.2796,0.2734
r_free,refmac,phenix,1RJD,torchref,0.2774,0.2691
r_free,refmac,phenix,1RKG,phenix,0.3353,0.3373
r_free,refmac,phenix,1RKG,refmac,0.3183,0.3257
r_free,refmac,phenix,1RKG,torchref,0.3324,0.3332
r_free,refmac,phenix,1RZN,phenix,0.2705,0.2615
r_free,refmac,phenix,1RZN,refmac,0.2782,0.2711
r_free,refmac,phenix,1RZN,torchref,0.2871,0.2818
r_free,refmac,phenix,1S1C,phenix,0.3895,0.379
r_free,refmac,phenix,1S1C,refmac,0.3847,0.3665
r_free,refmac,phenix,1S1C,torchref,0.402,0.3874
r_free,refmac,phenix,1SO2,phenix,0.2862,0.2819
r_free,refmac,phenix,1SO2,refmac,0.2818,0.2763
r_free,refmac,phenix,1SO2,torchref,0.2924,0.2853
r_free,refmac,phenix,1SOT,phenix,0.3724,0.3618
r_free,refmac,phenix,1SOT,refmac,0.3641,0.3591
r_free,refmac,phenix,1SOT,torchref,0.3598,0.3527
r_free,refmac,phenix,1T3I,phenix,0.2703,0.2624
r_free,refmac,phenix,1T3I,refmac,0.2693,0.2627
r_free,refmac,phenix,1T3I,torchref,0.2728,0.2669
r_free,refmac,phenix,1TE5,phenix,0.3542,0.3497
r_free,refmac,phenix,1TE5,refmac,0.3452,0.3433
r_free,refmac,phenix,1TE5,torchref,0.3582,0.3542
r_free,refmac,phenix,1TGS,phenix,0.288,0.2863
r_free,refmac,phenix,1TGS,refmac,0.292,0.2898
r_free,refmac,phenix,1TGS,torchref,0.2842,0.2834
r_free,refmac,phenix,1TML,phenix,0.2173,0.2285
r_free,refmac,phenix,1TML,refmac,0.2244,0.223
r_free,refmac,phenix,1TML,torchref,0.2525,0.2443
r_free,refmac,phenix,1TVL,phenix,0.2911,0.2923
r_free,refmac,phenix,1TVL,refmac,0.2756,0.2756
r_free,refmac,phenix,1TVL,torchref,0.2821,0.2802
r_free,refmac,phenix,1U1I,phenix,0.3388,0.319
r_free,refmac,phenix,1U1I,refmac,0.3373,0.3216
r_free,refmac,phenix,1U1I,torchref,0.3412,0.3224
r_free,refmac,phenix,1UEF,phenix,0.4552,0.4421
r_free,refmac,phenix,1UEF,refmac,0.4413,0.4123
r_free,refmac,phenix,1UEF,torchref,0.4486,0.3999
r_free,refmac,phenix,1UJK,phenix,0.3246,0.3243
r_free,refmac,phenix,1UJK,refmac,0.3372,0.3323
r_free,refmac,phenix,1UJK,torchref,0.3294,0.3278
r_free,refmac,phenix,1UKV,phenix,0.3607,0.3515
r_free,refmac,phenix,1UKV,refmac,0.3667,0.3606
r_free,refmac,phenix,1UKV,torchref,0.3482,0.3418
r_free,refmac,phenix,1UTB,phenix,0.2784,0.2713
r_free,refmac,phenix,1UTB,refmac,0.2592,0.2577
r_free,refmac,phenix,1UTB,torchref,0.2714,0.2654
r_free,refmac,phenix,1UVQ,phenix,0.3511,0.3461
r_free,refmac,phenix,1UVQ,refmac,0.3405,0.3374
r_free,refmac,phenix,1UVQ,torchref,0.3348,0.3296
r_free,refmac,phenix,1V8Q,phenix,0.2986,0.283
r_free,refmac,phenix,1V8Q,refmac,0.2747,0.2843
r_free,refmac,phenix,1V8Q,torchref,0.3515,0.3472
r_free,refmac,phenix,1VB3,phenix,0.2673,0.2578
r_free,refmac,phenix,1VB3,refmac,0.2737,0.2597
r_free,refmac,phenix,1VB3,torchref,0.2799,0.2681
r_free,refmac,phenix,1VCE,phenix,0.2981,0.2974
r_free,refmac,phenix,1VCE,refmac,0.2926,0.2939
r_free,refmac,phenix,1VCE,torchref,0.2972,0.3024
r_free,refmac,phenix,1VDD,phenix,0.3171,0.3066
r_free,refmac,phenix,1VDD,refmac,0.29,0.2892
r_free,refmac,phenix,1VDD,torchref,0.322,0.3094
r_free,refmac,phenix,1VER,phenix,0.2518,0.263
r_free,refmac,phenix,1VER,refmac,0.2548,0.2533
r_free,refmac,phenix,1VER,torchref,0.2756,0.2688
r_free,refmac,phenix,1VK0,phenix,0.2988,0.2951
r_free,refmac,phenix,1VK0,refmac,0.3052,0.3044
r_free,refmac,phenix,1VK0,torchref,0.307,0.3027
r_free,refmac,phenix,1VLM,phenix,0.3353,0.3385
r_free,refmac,phenix,1VLM,refmac,0.3347,0.328
r_free,refmac,phenix,1VLM,torchref,0.3348,0.3309
r_free,refmac,phenix,1VR4,phenix,0.3459,0.3447
r_free,refmac,phenix,1VR4,refmac,0.333,0.3292
r_free,refmac,phenix,1VR4,torchref,0.3477,0.3453
r_free,refmac,phenix,1VRQ,phenix,0.2883,0.2875
r_free,refmac,phenix,1VRQ,refmac,0.2781,0.2799
r_free,refmac,phenix,1W2Y,phenix,0.2935,0.2946
r_free,refmac,phenix,1W2Y,refmac,0.2865,0.2864
r_free,refmac,phenix,1W2Y,torchref,0.2903,0.2921
r_free,refmac,phenix,1W8A,phenix,0.2807,0.2606
r_free,refmac,phenix,1W8A,refmac,0.2756,0.2874
r_free,refmac,phenix,1W8A,torchref,0.2747,0.2809
r_free,refmac,phenix,1WD8,phenix,0.297,0.2917
r_free,refmac,phenix,1WD8,refmac,0.2801,0.2722
r_free,refmac,phenix,1WD8,torchref,0.3011,0.2967
r_free,refmac,phenix,1WDV,phenix,0.3098,0.306
r_free,refmac,phenix,1WDV,refmac,0.3044,0.3016
r_free,refmac,phenix,1WDV,torchref,0.3116,0.3061
r_free,refmac,phenix,1WLZ,phenix,0.3068,0.3005
r_free,refmac,phenix,1WLZ,refmac,0.3041,0.2964
r_free,refmac,phenix,1WLZ,torchref,0.3027,0.2946
r_free,refmac,phenix,1WTJ,phenix,0.2949,0.2887
r_free,refmac,phenix,1WTJ,refmac,0.278,0.2741
r_free,refmac,phenix,1WTJ,torchref,0.2793,0.274
r_free,refmac,phenix,1WTY,phenix,0.3183,0.3165
r_free,refmac,phenix,1WTY,refmac,0.324,0.3189
r_free,refmac,phenix,1WTY,torchref,0.326,0.319
r_free,refmac,phenix,1WU2,phenix,0.361,0.3621
r_free,refmac,phenix,1WU2,refmac,0.3785,0.3757
r_free,refmac,phenix,1WU2,torchref,0.3627,0.3622
r_free,refmac,phenix,1WV8,phenix,0.4437,0.4382
r_free,refmac,phenix,1WV8,refmac,0.4657,0.4776
r_free,refmac,phenix,1WV8,torchref,0.4672,0.4323
r_free,refmac,phenix,1WW9,phenix,0.3064,0.305
r_free,refmac,phenix,1WW9,refmac,0.3003,0.2954
r_free,refmac,phenix,1WW9,torchref,0.307,0.3029
r_free,refmac,phenix,1X1Q,phenix,0.3883,0.3801
r_free,refmac,phenix,1X1Q,refmac,0.3889,0.3765
r_free,refmac,phenix,1X1Q,torchref,0.4249,0.4158
r_free,refmac,phenix,1X6O,phenix,0.3182,0.3019
r_free,refmac,phenix,1X6O,refmac,0.315,0.3027
r_free,refmac,phenix,1X6O,torchref,0.3143,0.2961
r_free,refmac,phenix,1XHD,phenix,0.313,0.3085
r_free,refmac,phenix,1XHD,refmac,0.3004,0.2955
r_free,refmac,phenix,1XVS,phenix,0.3287,0.3202
r_free,refmac,phenix,1XVS,refmac,0.3229,0.3111
r_free,refmac,phenix,1XVS,torchref,0.3307,0.3195
r_free,refmac,phenix,1XX1,phenix,0.279,0.2766
r_free,refmac,phenix,1XX1,refmac,0.2767,0.2736
r_free,refmac,phenix,1XX1,torchref,0.2785,0.2761
r_free,refmac,phenix,1Y08,refmac,0.3006,0.2943
r_free,refmac,phenix,1Y08,torchref,0.3,0.2959
r_free,refmac,phenix,1Y7O,phenix,0.3532,0.3554
r_free,refmac,phenix,1Y7O,refmac,0.3428,0.3484
r_free,refmac,phenix,1Y7O,torchref,0.3402,0.346
r_free,refmac,phenix,1Y8Q,phenix,0.267,0.2577
r_free,refmac,phenix,1Y8Q,refmac,0.2618,0.2522
r_free,refmac,phenix,1Y8Q,torchref,0.2695,0.263
r_free,refmac,phenix,1Y98,refmac,0.3111,0.3078
r_free,refmac,phenix,1Y98,torchref,0.3337,0.3265
r_free,refmac,phenix,1YEM,phenix,0.2875,0.2896
r_free,refmac,phenix,1YEM,refmac,0.278,0.2777
r_free,refmac,phenix,1YEM,torchref,0.2841,0.2828
r_free,refmac,phenix,1YK3,phenix,0.3081,0.3042
r_free,refmac,phenix,1YK3,refmac,0.3061,0.3022
r_free,refmac,phenix,1YK3,torchref,0.3079,0.3062
r_free,refmac,phenix,1YMQ,phenix,0.2697,0.2645
r_free,refmac,phenix,1YMQ,refmac,0.273,0.2563
r_free,refmac,phenix,1YMQ,torchref,0.2697,0.2596
r_free,refmac,phenix,1YRX,refmac,0.526,0.5367
r_free,refmac,phenix,1YRX,torchref,0.5128,0.5184
r_free,refmac,phenix,1Z05,phenix,0.3823,0.3657
r_free,refmac,phenix,1Z05,refmac,0.3815,0.3673
r_free,refmac,phenix,1Z05,torchref,0.3687,0.3481
r_free,refmac,phenix,1Z3X,phenix,0.2856,0.2811
r_free,refmac,phenix,1Z3X,refmac,0.2805,0.2778
r_free,refmac,phenix,1Z3X,torchref,0.2843,0.2823
r_free,refmac,phenix,1ZEJ,phenix,0.3263,0.3203
r_free,refmac,phenix,1ZEJ,refmac,0.3209,0.3147
r_free,refmac,phenix,1ZEJ,torchref,0.3196,0.3162
r_free,refmac,phenix,1ZJ8,phenix,0.3078,0.2978
r_free,refmac,phenix,1ZJ8,refmac,0.3388,0.3248
r_free,refmac,phenix,1ZJ8,torchref,0.3007,0.2893
r_free,refmac,phenix,1ZKL,phenix,0.2702,0.2656
r_free,refmac,phenix,1ZKL,refmac,0.2706,0.2665
r_free,refmac,phenix,1ZKL,torchref,0.271,0.266
r_free,refmac,phenix,1ZZ0,phenix,0.2562,0.2503
r_free,refmac,phenix,1ZZ0,refmac,0.2507,0.2451
r_free,refmac,phenix,1ZZ0,torchref,0.2531,0.2461
r_free,refmac,phenix,2A25,phenix,0.3713,0.3683
r_free,refmac,phenix,2A25,refmac,0.33,0.3258
r_free,refmac,phenix,2A25,torchref,0.3416,0.3394
r_free,refmac,phenix,2A3V,phenix,0.4559,0.4528
r_free,refmac,phenix,2A3V,refmac,0.4594,0.4593
r_free,refmac,phenix,2A3V,torchref,0.4699,0.4716
r_free,refmac,phenix,2A65,refmac,0.2681,0.265
r_free,refmac,phenix,2A65,torchref,0.2607,0.2627
r_free,refmac,phenix,2A9S,phenix,0.2515,0.2394
r_free,refmac,phenix,2A9S,refmac,0.2541,0.2436
r_free,refmac,phenix,2A9S,torchref,0.2454,0.2403
r_free,refmac,phenix,2ACJ,phenix,0.5162,0.5155
r_free,refmac,phenix,2ACJ,refmac,0.5212,0.5059
r_free,refmac,phenix,2ACJ,torchref,0.5044,0.494
r_free,refmac,phenix,2AE0,phenix,0.4967,0.4846
r_free,refmac,phenix,2AE0,refmac,0.4669,0.4717
r_free,refmac,phenix,2AE0,torchref,0.498,0.4777
r_free,refmac,phenix,2AG0,phenix,0.2782,0.2782
r_free,refmac,phenix,2AG0,refmac,0.2725,0.2743
r_free,refmac,phenix,2AG0,torchref,0.2814,0.2807
r_free,refmac,phenix,2AHR,phenix,0.3396,0.3408
r_free,refmac,phenix,2AHR,refmac,0.3558,0.3577
r_free,refmac,phenix,2AHR,torchref,0.3384,0.3431
r_free,refmac,phenix,2AP2,phenix,0.5549,0.5393
r_free,refmac,phenix,2AP2,refmac,0.551,0.5311
r_free,refmac,phenix,2AP2,torchref,0.5538,0.5407
r_free,refmac,phenix,2AQ4,phenix,0.3556,0.3505
r_free,refmac,phenix,2AQ4,refmac,0.3517,0.3465
r_free,refmac,phenix,2AQ4,torchref,0.3513,0.3447
r_free,refmac,phenix,2B2N,phenix,0.3244,0.3218
r_free,refmac,phenix,2B2N,refmac,0.325,0.3214
r_free,refmac,phenix,2B2N,torchref,0.3285,0.3228
r_free,refmac,phenix,2B3X,phenix,0.4035,0.3906
r_free,refmac,phenix,2B3X,refmac,0.4233,0.4179
r_free,refmac,phenix,2B3X,torchref,0.4199,0.4125
r_free,refmac,phenix,2B5E,phenix,0.4507,0.4371
r_free,refmac,phenix,2B5E,refmac,0.435,0.4196
r_free,refmac,phenix,2B5E,torchref,0.4131,0.406
r_free,refmac,phenix,2B7O,phenix,0.31,0.3042
r_free,refmac,phenix,2B7O,refmac,0.3044,0.3031
r_free,refmac,phenix,2B7O,torchref,0.3047,0.303
r_free,refmac,phenix,2BON,phenix,0.3447,0.3132
r_free,refmac,phenix,2BON,refmac,0.3047,0.2992
r_free,refmac,phenix,2BON,torchref,0.4442,0.3158
r_free,refmac,phenix,2BTY,phenix,0.3327,0.331
r_free,refmac,phenix,2BTY,refmac,0.3218,0.3188
r_free,refmac,phenix,2BTY,torchref,0.3466,0.3497
r_free,refmac,phenix,2C8X,phenix,0.409,0.4012
r_free,refmac,phenix,2C8X,refmac,0.4299,0.4307
r_free,refmac,phenix,2C8X,torchref,0.4295,0.4237
r_free,refmac,phenix,2C90,phenix,0.4382,0.433
r_free,refmac,phenix,2C90,refmac,0.45,0.4484
r_free,refmac,phenix,2C90,torchref,0.4484,0.4396
r_free,refmac,phenix,2CB4,phenix,0.3011,0.2894
r_free,refmac,phenix,2CB4,refmac,0.2988,0.2877
r_free,refmac,phenix,2CB4,torchref,0.3042,0.2907
r_free,refmac,phenix,2CCH,phenix,0.3736,0.3749
r_free,refmac,phenix,2CCH,refmac,0.3645,0.3635
r_free,refmac,phenix,2CCH,torchref,0.3438,0.3449
r_free,refmac,phenix,2CCM,phenix,0.2844,0.2817
r_free,refmac,phenix,2CCM,refmac,0.2838,0.2801
r_free,refmac,phenix,2CCM,torchref,0.2863,0.2808
r_free,refmac,phenix,2CKL,phenix,0.3321,0.3282
r_free,refmac,phenix,2CKL,refmac,0.3264,0.3224
r_free,refmac,phenix,2CKL,torchref,0.3428,0.3504
r_free,refmac,phenix,2CZV,phenix,0.2959,0.2935
r_free,refmac,phenix,2CZV,refmac,0.2896,0.2897
r_free,refmac,phenix,2CZV,torchref,0.2949,0.2922
r_free,refmac,phenix,2D0T,phenix,0.2814,0.2736
r_free,refmac,phenix,2D0T,refmac,0.2727,0.2659
r_free,refmac,phenix,2D0T,torchref,0.2793,0.2736
r_free,refmac,phenix,2D68,phenix,0.2822,0.2717
r_free,refmac,phenix,2D68,refmac,0.2888,0.2672
r_free,refmac,phenix,2D68,torchref,0.275,0.2627
r_free,refmac,phenix,2DOB,phenix,0.5264,0.4966
r_free,refmac,phenix,2DOB,refmac,0.5678,0.559
r_free,refmac,phenix,2DOB,torchref,0.5953,0.5909
r_free,refmac,phenix,2DQ6,phenix,0.2817,0.273
r_free,refmac,phenix,2DQ6,refmac,0.2795,0.2709
r_free,refmac,phenix,2DQ6,torchref,0.2763,0.2681
r_free,refmac,phenix,2DRY,phenix,0.421,0.4141
r_free,refmac,phenix,2DRY,refmac,0.4159,0.4089
r_free,refmac,phenix,2DRY,torchref,0.4271,0.4185
r_free,refmac,phenix,2DX6,phenix,0.361,0.3467
r_free,refmac,phenix,2DX6,refmac,0.3645,0.3482
r_free,refmac,phenix,2DX6,torchref,0.3737,0.3657
r_free,refmac,phenix,2E1M,phenix,0.5324,0.538
r_free,refmac,phenix,2E1M,refmac,0.552,0.5427
r_free,refmac,phenix,2E1M,torchref,0.5481,0.5503
r_free,refmac,phenix,2EO4,phenix,0.3274,0.3324
r_free,refmac,phenix,2EO4,refmac,0.3101,0.3107
r_free,refmac,phenix,2EO4,torchref,0.3151,0.3153
r_free,refmac,phenix,2EU9,phenix,0.314,0.2949
r_free,refmac,phenix,2EU9,refmac,0.3019,0.2844
r_free,refmac,phenix,2EU9,torchref,0.3095,0.2921
r_free,refmac,phenix,2EXU,phenix,0.5255,0.5141
r_free,refmac,phenix,2EXU,refmac,0.5183,0.5133
r_free,refmac,phenix,2EXU,torchref,0.5149,0.4936
r_free,refmac,phenix,2F1F,phenix,0.3108,0.311
r_free,refmac,phenix,2F1F,refmac,0.2966,0.2922
r_free,refmac,phenix,2F1F,torchref,0.2929,0.2888
r_free,refmac,phenix,2F2E,phenix,0.3197,0.3103
r_free,refmac,phenix,2F2E,refmac,0.304,0.3022
r_free,refmac,phenix,2F2E,torchref,0.3217,0.3222
r_free,refmac,phenix,2F8L,phenix,0.2708,0.2661
r_free,refmac,phenix,2F8L,refmac,0.2705,0.2649
r_free,refmac,phenix,2F8L,torchref,0.2725,0.2662
r_free,refmac,phenix,2F9I,phenix,0.2741,0.2683
r_free,refmac,phenix,2F9I,refmac,0.274,0.2636
r_free,refmac,phenix,2F9I,torchref,0.2754,0.2693
r_free,refmac,phenix,2F9Z,phenix,0.3387,0.3348
r_free,refmac,phenix,2F9Z,refmac,0.324,0.3169
r_free,refmac,phenix,2F9Z,torchref,0.3436,0.3355
r_free,refmac,phenix,2FEX,phenix,0.3391,0.3266
r_free,refmac,phenix,2FEX,refmac,0.3327,0.3203
r_free,refmac,phenix,2FEX,torchref,0.3419,0.3316
r_free,refmac,phenix,2FFF,phenix,0.3034,0.2989
r_free,refmac,phenix,2FFF,refmac,0.296,0.2877
r_free,refmac,phenix,2FFF,torchref,0.3001,0.2962
r_free,refmac,phenix,2FH9,phenix,0.413,0.4076
r_free,refmac,phenix,2FH9,refmac,0.3961,0.3913
r_free,refmac,phenix,2FH9,torchref,0.3984,0.3946
r_free,refmac,phenix,2FTX,phenix,0.3807,0.3809
r_free,refmac,phenix,2FTX,refmac,0.3918,0.3889
r_free,refmac,phenix,2FTX,torchref,0.3775,0.3795
r_free,refmac,phenix,2G9W,phenix,0.4364,0.444
r_free,refmac,phenix,2G9W,refmac,0.4137,0.4129
r_free,refmac,phenix,2G9W,torchref,0.4245,0.416
r_free,refmac,phenix,2GA1,phenix,0.5004,0.4792
r_free,refmac,phenix,2GA1,refmac,0.4911,0.468
r_free,refmac,phenix,2GA1,torchref,0.5181,0.5085
r_free,refmac,phenix,2GA9,phenix,0.3182,0.3161
r_free,refmac,phenix,2GA9,refmac,0.3261,0.3236
r_free,refmac,phenix,2GA9,torchref,0.3233,0.32
r_free,refmac,phenix,2GD9,phenix,0.3577,0.352
r_free,refmac,phenix,2GD9,refmac,0.3728,0.3646
r_free,refmac,phenix,2GD9,torchref,0.3531,0.3441
r_free,refmac,phenix,2GT1,phenix,0.3444,0.3433
r_free,refmac,phenix,2GT1,refmac,0.3357,0.3305
r_free,refmac,phenix,2GT1,torchref,0.3379,0.3389
r_free,refmac,phenix,2GUH,phenix,0.3638,0.3628
r_free,refmac,phenix,2GUH,refmac,0.3652,0.363
r_free,refmac,phenix,2GUH,torchref,0.3645,0.3629
r_free,refmac,phenix,2HXW,phenix,0.3049,0.2989
r_free,refmac,phenix,2HXW,refmac,0.3005,0.2926
r_free,refmac,phenix,2HXW,torchref,0.2969,0.2947
r_free,refmac,phenix,2I53,phenix,0.2568,0.2525
r_free,refmac,phenix,2I53,refmac,0.2547,0.2563
r_free,refmac,phenix,2I53,torchref,0.2594,0.2562
r_free,refmac,phenix,2I7H,phenix,0.304,0.3022
r_free,refmac,phenix,2I7H,refmac,0.2938,0.2913
r_free,refmac,phenix,2I7H,torchref,0.3014,0.304
r_free,refmac,phenix,2IJE,phenix,0.3116,0.2994
r_free,refmac,phenix,2IJE,refmac,0.2963,0.2943
r_free,refmac,phenix,2IJE,torchref,0.3125,0.3075
r_free,refmac,phenix,2IO7,phenix,0.2896,0.2805
r_free,refmac,phenix,2IO7,refmac,0.2882,0.2823
r_free,refmac,phenix,2IO7,torchref,0.2862,0.2778
r_free,refmac,phenix,2IUC,phenix,0.2756,0.2644
r_free,refmac,phenix,2IUC,refmac,0.2787,0.2692
r_free,refmac,phenix,2IUC,torchref,0.2861,0.2767
r_free,refmac,phenix,2IVF,phenix,0.326,0.3261
r_free,refmac,phenix,2IVF,refmac,0.3412,0.3385
r_free,refmac,phenix,2IVF,torchref,0.323,0.3243
r_free,refmac,phenix,2IVM,phenix,0.3048,0.2324
r_free,refmac,phenix,2IVM,refmac,0.3399,0.274
r_free,refmac,phenix,2IVM,torchref,0.3025,0.2241
r_free,refmac,phenix,2JAC,phenix,0.3038,0.2929
r_free,refmac,phenix,2JAC,refmac,0.3047,0.291
r_free,refmac,phenix,2JAC,torchref,0.312,0.2843
r_free,refmac,phenix,2JBV,refmac,0.2815,0.2808
r_free,refmac,phenix,2JBV,torchref,0.2934,0.2914
r_free,refmac,phenix,2JFN,phenix,0.2702,0.2694
r_free,refmac,phenix,2JFN,refmac,0.2686,0.264
r_free,refmac,phenix,2JFN,torchref,0.2691,0.2667
r_free,refmac,phenix,2JH3,phenix,0.3009,0.2942
r_free,refmac,phenix,2JH3,refmac,0.2955,0.2899
r_free,refmac,phenix,2JH3,torchref,0.3035,0.2963
r_free,refmac,phenix,2NLY,phenix,0.2539,0.2359
r_free,refmac,phenix,2NLY,refmac,0.2529,0.234
r_free,refmac,phenix,2NLY,torchref,0.2544,0.2393
r_free,refmac,phenix,2NN4,phenix,0.3205,0.3282
r_free,refmac,phenix,2NN4,refmac,0.305,0.307
r_free,refmac,phenix,2NN4,torchref,0.3108,0.3086
r_free,refmac,phenix,2NTX,phenix,0.39,0.3845
r_free,refmac,phenix,2NTX,refmac,0.3828,0.377
r_free,refmac,phenix,2NTX,torchref,0.3942,0.3852
r_free,refmac,phenix,2NVN,phenix,0.3325,0.3275
r_free,refmac,phenix,2NVN,refmac,0.3062,0.2932
r_free,refmac,phenix,2NVN,torchref,0.3403,0.3434
r_free,refmac,phenix,2OD8,phenix,0.3808,0.3806
r_free,refmac,phenix,2OD8,refmac,0.3672,0.3659
r_free,refmac,phenix,2OD8,torchref,0.3442,0.3397
r_free,refmac,phenix,2OO2,phenix,0.2771,0.2606
r_free,refmac,phenix,2OO2,refmac,0.3075,0.2896
r_free,refmac,phenix,2OO2,torchref,0.2888,0.2745
r_free,refmac,phenix,2OO3,phenix,0.2469,0.2417
r_free,refmac,phenix,2OO3,refmac,0.2543,0.2487
r_free,refmac,phenix,2OO3,torchref,0.2603,0.2523
r_free,refmac,phenix,2P0U,phenix,0.2731,0.2597
r_free,refmac,phenix,2P0U,refmac,0.2678,0.2585
r_free,refmac,phenix,2P0U,torchref,0.2724,0.2625
r_free,refmac,phenix,2P1L,phenix,0.3424,0.3407
r_free,refmac,phenix,2P1L,refmac,0.3177,0.322
r_free,refmac,phenix,2P1L,torchref,0.3382,0.3434
r_free,refmac,phenix,2P38,phenix,0.3493,0.3509
r_free,refmac,phenix,2P38,refmac,0.3446,0.3419
r_free,refmac,phenix,2P38,torchref,0.3509,0.3481
r_free,refmac,phenix,2P62,phenix,0.3001,0.2998
r_free,refmac,phenix,2P62,refmac,0.2804,0.2812
r_free,refmac,phenix,2P62,torchref,0.2856,0.2861
r_free,refmac,phenix,2P8J,phenix,0.3202,0.3153
r_free,refmac,phenix,2P8J,refmac,0.3123,0.3096
r_free,refmac,phenix,2P8J,torchref,0.3199,0.3167
r_free,refmac,phenix,2P8Q,phenix,0.3602,0.3507
r_free,refmac,phenix,2P8Q,refmac,0.3865,0.3795
r_free,refmac,phenix,2P8Q,torchref,0.3733,0.3673
r_free,refmac,phenix,2PAV,phenix,0.3095,0.3039
r_free,refmac,phenix,2PAV,refmac,0.3181,0.3102
r_free,refmac,phenix,2PAV,torchref,0.3107,0.3021
r_free,refmac,phenix,2PJS,phenix,0.3184,0.3219
r_free,refmac,phenix,2PJS,refmac,0.3073,0.3102
r_free,refmac,phenix,2PJS,torchref,0.31,0.3146
r_free,refmac,phenix,2PK9,phenix,0.3717,0.3603
r_free,refmac,phenix,2PK9,refmac,0.362,0.3552
r_free,refmac,phenix,2PK9,torchref,0.3736,0.3673
r_free,refmac,phenix,2PN0,phenix,0.4196,0.4108
r_free,refmac,phenix,2PN0,refmac,0.4049,0.4051
r_free,refmac,phenix,2PN0,torchref,0.4111,0.4082
r_free,refmac,phenix,2PQN,phenix,0.4259,0.402
r_free,refmac,phenix,2PQN,refmac,0.362,0.3493
r_free,refmac,phenix,2PQN,torchref,0.3624,0.3437
r_free,refmac,phenix,2PQV,phenix,0.3107,0.3081
r_free,refmac,phenix,2PQV,refmac,0.3002,0.3019
r_free,refmac,phenix,2PQV,torchref,0.3054,0.3007
r_free,refmac,phenix,2PY2,phenix,0.302,0.2951
r_free,refmac,phenix,2PY2,refmac,0.3033,0.2972
r_free,refmac,phenix,2PY2,torchref,0.2977,0.2922
r_free,refmac,phenix,2Q1Z,phenix,0.4812,0.4709
r_free,refmac,phenix,2Q1Z,refmac,0.4333,0.4275
r_free,refmac,phenix,2Q1Z,torchref,0.4612,0.4589
r_free,refmac,phenix,2QCO,phenix,0.3307,0.3113
r_free,refmac,phenix,2QCO,refmac,0.3462,0.3332
r_free,refmac,phenix,2QCO,torchref,0.3345,0.3119
r_free,refmac,phenix,2QE9,phenix,0.3692,0.3699
r_free,refmac,phenix,2QE9,refmac,0.3593,0.3575
r_free,refmac,phenix,2QE9,torchref,0.373,0.365
r_free,refmac,phenix,2QH9,phenix,0.3336,0.3334
r_free,refmac,phenix,2QH9,refmac,0.3346,0.334
r_free,refmac,phenix,2QH9,torchref,0.3347,0.3288
r_free,refmac,phenix,2QHL,phenix,0.2809,0.2762
r_free,refmac,phenix,2QHL,refmac,0.3028,0.2922
r_free,refmac,phenix,2QHL,torchref,0.2862,0.2784
r_free,refmac,phenix,2QKL,phenix,0.439,0.4238
r_free,refmac,phenix,2QKL,refmac,0.4527,0.4364
r_free,refmac,phenix,2QKL,torchref,0.4223,0.3949
r_free,refmac,phenix,2QL3,phenix,0.3055,0.3033
r_free,refmac,phenix,2QL3,refmac,0.3056,0.3042
r_free,refmac,phenix,2QL3,torchref,0.3065,0.303
r_free,refmac,phenix,2QM7,phenix,0.3328,0.3307
r_free,refmac,phenix,2QM7,refmac,0.3306,0.3279
r_free,refmac,phenix,2QM7,torchref,0.33,0.3283
r_free,refmac,phenix,2QML,phenix,0.3665,0.3589
r_free,refmac,phenix,2QML,refmac,0.355,0.3487
r_free,refmac,phenix,2QML,torchref,0.3689,0.3534
r_free,refmac,phenix,2QOS,phenix,0.3672,0.357
r_free,refmac,phenix,2QOS,refmac,0.3789,0.3736
r_free,refmac,phenix,2QOS,torchref,0.3581,0.3494
r_free,refmac,phenix,2QSV,phenix,0.3459,0.3454
r_free,refmac,phenix,2QSV,refmac,0.337,0.3425
r_free,refmac,phenix,2QSV,torchref,0.3438,0.3392
r_free,refmac,phenix,2QYA,phenix,0.3734,0.3568
r_free,refmac,phenix,2QYA,refmac,0.3646,0.3572
r_free,refmac,phenix,2QYA,torchref,0.3772,0.3618
r_free,refmac,phenix,2R5F,phenix,0.3051,0.3089
r_free,refmac,phenix,2R5F,refmac,0.314,0.3118
r_free,refmac,phenix,2R5F,torchref,0.3176,0.3257
r_free,refmac,phenix,2R6R,phenix,0.2993,0.3031
r_free,refmac,phenix,2R6R,refmac,0.2934,0.2978
r_free,refmac,phenix,2R6R,torchref,0.3049,0.3099
r_free,refmac,phenix,2RCC,phenix,0.3352,0.3252
r_free,refmac,phenix,2RCC,refmac,0.3383,0.3269
r_free,refmac,phenix,2RCC,torchref,0.3371,0.3253
r_free,refmac,phenix,2RH3,phenix,0.2514,0.2608
r_free,refmac,phenix,2RH3,refmac,0.2596,0.2607
r_free,refmac,phenix,2RH3,torchref,0.2481,0.2552
r_free,refmac,phenix,2UZ8,refmac,0.3287,0.3248
r_free,refmac,phenix,2UZ8,torchref,0.3204,0.3202
r_free,refmac,phenix,2V62,phenix,0.285,0.2841
r_free,refmac,phenix,2V62,refmac,0.2825,0.2832
r_free,refmac,phenix,2V62,torchref,0.2795,0.2824
r_free,refmac,phenix,2VEF,phenix,0.3243,0.3165
r_free,refmac,phenix,2VEF,refmac,0.3254,0.3216
r_free,refmac,phenix,2VEF,torchref,0.3256,0.3221
r_free,refmac,phenix,2VUN,phenix,0.257,0.2511
r_free,refmac,phenix,2VUN,refmac,0.2564,0.2506
r_free,refmac,phenix,2VUN,torchref,0.2559,0.2501
r_free,refmac,phenix,2VZB,phenix,0.2828,0.2818
r_free,refmac,phenix,2VZB,refmac,0.2866,0.2834
r_free,refmac,phenix,2VZB,torchref,0.2947,0.2885
r_free,refmac,phenix,2W3X,phenix,0.2849,0.282
r_free,refmac,phenix,2W3X,refmac,0.2798,0.2815
r_free,refmac,phenix,2W3X,torchref,0.2766,0.2758
r_free,refmac,phenix,2W9Y,phenix,0.3112,0.3161
r_free,refmac,phenix,2W9Y,refmac,0.3038,0.3055
r_free,refmac,phenix,2W9Y,torchref,0.3079,0.3083
r_free,refmac,phenix,2WDZ,phenix,0.297,0.2787
r_free,refmac,phenix,2WDZ,refmac,0.2964,0.2797
r_free,refmac,phenix,2WDZ,torchref,0.2961,0.278
r_free,refmac,phenix,2WNH,phenix,0.2663,0.2629
r_free,refmac,phenix,2WNH,refmac,0.2648,0.2603
r_free,refmac,phenix,2WNH,torchref,0.2662,0.262
r_free,refmac,phenix,2WP1,phenix,0.5258,0.4866
r_free,refmac,phenix,2WP1,refmac,0.4762,0.457
r_free,refmac,phenix,2WP1,torchref,0.4707,0.4572
r_free,refmac,phenix,2X1C,phenix,0.2496,0.2403
r_free,refmac,phenix,2X1C,refmac,0.2464,0.2371
r_free,refmac,phenix,2X1C,torchref,0.25,0.2421
r_free,refmac,phenix,2X26,phenix,0.4793,0.4624
r_free,refmac,phenix,2X26,refmac,0.5018,0.4872
r_free,refmac,phenix,2X26,torchref,0.4962,0.4814
r_free,refmac,phenix,2XD0,phenix,0.4728,0.4616
r_free,refmac,phenix,2XD0,refmac,0.4538,0.4431
r_free,refmac,phenix,2XD0,torchref,0.4594,0.4495
r_free,refmac,phenix,2XDO,phenix,0.2998,0.2899
r_free,refmac,phenix,2XDO,refmac,0.3174,0.3048
r_free,refmac,phenix,2XDO,torchref,0.304,0.2915
r_free,refmac,phenix,2XN4,phenix,0.333,0.3286
r_free,refmac,phenix,2XN4,refmac,0.3501,0.3414
r_free,refmac,phenix,2XN4,torchref,0.3915,0.3849
r_free,refmac,phenix,2XPI,phenix,0.2974,0.2746
r_free,refmac,phenix,2XPI,refmac,0.3375,0.3143
r_free,refmac,phenix,2XPI,torchref,0.3147,0.2947
r_free,refmac,phenix,2XPL,phenix,0.3255,0.3249
r_free,refmac,phenix,2XPL,refmac,0.3236,0.3086
r_free,refmac,phenix,2XPL,torchref,0.3441,0.3292
r_free,refmac,phenix,2XVS,phenix,0.4544,0.4542
r_free,refmac,phenix,2XVS,refmac,0.4405,0.4449
r_free,refmac,phenix,2XVS,torchref,0.434,0.4333
r_free,refmac,phenix,2Y9W,phenix,0.3332,0.334
r_free,refmac,phenix,2Y9W,refmac,0.3322,0.3316
r_free,refmac,phenix,2Y9W,torchref,0.3321,0.3319
r_free,refmac,phenix,2YEU,phenix,0.3915,0.3876
r_free,refmac,phenix,2YEU,refmac,0.3883,0.3854
r_free,refmac,phenix,2YEU,torchref,0.3937,0.3893
r_free,refmac,phenix,2YFA,phenix,0.3744,0.3735
r_free,refmac,phenix,2YFA,refmac,0.4129,0.4132
r_free,refmac,phenix,2YFA,torchref,0.379,0.3766
r_free,refmac,phenix,2YGB,phenix,0.3284,0.3067
r_free,refmac,phenix,2YGB,refmac,0.3942,0.3635
r_free,refmac,phenix,2YGB,torchref,0.3245,0.3003
r_free,refmac,phenix,2YGK,phenix,0.3966,0.3807
r_free,refmac,phenix,2YGK,refmac,0.3725,0.3478
r_free,refmac,phenix,2YGK,torchref,0.3868,0.3529
r_free,refmac,phenix,2YJT,phenix,0.2711,0.2628
r_free,refmac,phenix,2YJT,refmac,0.2944,0.2767
r_free,refmac,phenix,2YJT,torchref,0.3339,0.3216
r_free,refmac,phenix,2YN0,phenix,0.2879,0.2731
r_free,refmac,phenix,2YN0,refmac,0.286,0.2737
r_free,refmac,phenix,2YN0,torchref,0.2867,0.274
r_free,refmac,phenix,2Z1D,phenix,0.2859,0.2779
r_free,refmac,phenix,2Z1D,refmac,0.2818,0.2759
r_free,refmac,phenix,2Z1D,torchref,0.2866,0.2781
r_free,refmac,phenix,2Z1Z,phenix,0.2568,0.2518
r_free,refmac,phenix,2Z1Z,refmac,0.2507,0.2444
r_free,refmac,phenix,2Z1Z,torchref,0.2613,0.254
r_free,refmac,phenix,2Z7E,phenix,0.3894,0.3756
r_free,refmac,phenix,2Z7E,refmac,0.3611,0.3551
r_free,refmac,phenix,2Z7E,torchref,0.3743,0.3694
r_free,refmac,phenix,2ZIU,phenix,0.5165,0.5047
r_free,refmac,phenix,2ZIU,refmac,0.5132,0.4978
r_free,refmac,phenix,2ZIU,torchref,0.5021,0.5001
r_free,refmac,phenix,2ZME,phenix,0.377,0.3727
r_free,refmac,phenix,2ZME,refmac,0.3719,0.3606
r_free,refmac,phenix,2ZME,torchref,0.3472,0.3441
r_free,refmac,phenix,2ZON,phenix,0.2676,0.2626
r_free,refmac,phenix,2ZON,refmac,0.2641,0.2616
r_free,refmac,phenix,2ZON,torchref,0.2693,0.2665
r_free,refmac,phenix,2ZUL,phenix,0.2839,0.2799
r_free,refmac,phenix,2ZUL,refmac,0.2889,0.2786
r_free,refmac,phenix,2ZUL,torchref,0.2959,0.2905
r_free,refmac,phenix,3A58,phenix,0.3647,0.3693
r_free,refmac,phenix,3A58,refmac,0.3642,0.3596
r_free,refmac,phenix,3A58,torchref,0.3628,0.3677
r_free,refmac,phenix,3ADO,phenix,0.2578,0.2517
r_free,refmac,phenix,3ADO,refmac,0.2565,0.2543
r_free,refmac,phenix,3ADO,torchref,0.2625,0.2545
r_free,refmac,phenix,3AJW,refmac,0.3905,0.3941
r_free,refmac,phenix,3AJW,torchref,0.4205,0.4363
r_free,refmac,phenix,3AMH,phenix,0.248,0.2414
r_free,refmac,phenix,3AMH,refmac,0.2521,0.2441
r_free,refmac,phenix,3AMH,torchref,0.2557,0.2469
r_free,refmac,phenix,3AQG,phenix,0.2937,0.2893
r_free,refmac,phenix,3AQG,refmac,0.2931,0.3
r_free,refmac,phenix,3AQG,torchref,0.3114,0.3268
r_free,refmac,phenix,3ATQ,phenix,0.2918,0.2883
r_free,refmac,phenix,3ATQ,refmac,0.2827,0.277
r_free,refmac,phenix,3ATQ,torchref,0.2826,0.2819
r_free,refmac,phenix,3AV4,phenix,0.3541,0.3506
r_free,refmac,phenix,3AV4,refmac,0.3521,0.35
r_free,refmac,phenix,3AV4,torchref,0.3696,0.3663
r_free,refmac,phenix,3B23,refmac,0.4943,0.472
r_free,refmac,phenix,3B23,torchref,0.5036,0.4906
r_free,refmac,phenix,3B2D,phenix,0.3308,0.3189
r_free,refmac,phenix,3B2D,refmac,0.3533,0.3447
r_free,refmac,phenix,3B2D,torchref,0.3572,0.354
r_free,refmac,phenix,3B8I,phenix,0.3126,0.3103
r_free,refmac,phenix,3B8I,refmac,0.3052,0.3044
r_free,refmac,phenix,3B8I,torchref,0.3093,0.3063
r_free,refmac,phenix,3BCI,phenix,0.2981,0.2837
r_free,refmac,phenix,3BCI,refmac,0.2989,0.2804
r_free,refmac,phenix,3BCI,torchref,0.3116,0.2965
r_free,refmac,phenix,3BGU,phenix,0.3737,0.3624
r_free,refmac,phenix,3BGU,refmac,0.3659,0.3599
r_free,refmac,phenix,3BGU,torchref,0.3719,0.3594
r_free,refmac,phenix,3BJ6,phenix,0.3671,0.3664
r_free,refmac,phenix,3BJ6,refmac,0.3755,0.3712
r_free,refmac,phenix,3BJ6,torchref,0.3639,0.3631
r_free,refmac,phenix,3BNK,phenix,0.2896,0.2927
r_free,refmac,phenix,3BNK,refmac,0.2839,0.2855
r_free,refmac,phenix,3BNK,torchref,0.2927,0.2932
r_free,refmac,phenix,3BSD,phenix,0.3984,0.391
r_free,refmac,phenix,3BSD,refmac,0.3953,0.38
r_free,refmac,phenix,3BVQ,phenix,0.3699,0.3612
r_free,refmac,phenix,3BVQ,refmac,0.3585,0.3576
r_free,refmac,phenix,3BVQ,torchref,0.3741,0.3753
r_free,refmac,phenix,3C7J,phenix,0.5739,0.5745
r_free,refmac,phenix,3C7J,refmac,0.5552,0.5598
r_free,refmac,phenix,3C7J,torchref,0.5577,0.5587
r_free,refmac,phenix,3CAX,phenix,0.2433,0.2349
r_free,refmac,phenix,3CAX,refmac,0.2483,0.245
r_free,refmac,phenix,3CAX,torchref,0.2368,0.236
r_free,refmac,phenix,3CB0,phenix,0.2925,0.2792
r_free,refmac,phenix,3CB0,refmac,0.2944,0.2832
r_free,refmac,phenix,3CB0,torchref,0.2879,0.2761
r_free,refmac,phenix,3CB5,phenix,0.3176,0.3001
r_free,refmac,phenix,3CB5,refmac,0.3247,0.3047
r_free,refmac,phenix,3CB5,torchref,0.3169,0.3036
r_free,refmac,phenix,3CBM,phenix,0.3146,0.3055
r_free,refmac,phenix,3CBM,refmac,0.3012,0.2986
r_free,refmac,phenix,3CBM,torchref,0.2925,0.2859
r_free,refmac,phenix,3CGG,phenix,0.3364,0.3233
r_free,refmac,phenix,3CGG,refmac,0.3417,0.331
r_free,refmac,phenix,3CGG,torchref,0.3389,0.334
r_free,refmac,phenix,3CMQ,phenix,0.2561,0.2641
r_free,refmac,phenix,3CMQ,refmac,0.2508,0.2548
r_free,refmac,phenix,3CMQ,torchref,0.2547,0.2625
r_free,refmac,phenix,3CQO,phenix,0.2857,0.2744
r_free,refmac,phenix,3CQO,refmac,0.2821,0.2717
r_free,refmac,phenix,3CQO,torchref,0.2859,0.2775
r_free,refmac,phenix,3CU3,phenix,0.4025,0.3921
r_free,refmac,phenix,3CU3,refmac,0.3944,0.3804
r_free,refmac,phenix,3CU3,torchref,0.4339,0.4235
r_free,refmac,phenix,3CXM,phenix,0.2705,0.2601
r_free,refmac,phenix,3CXM,refmac,0.2732,0.2625
r_free,refmac,phenix,3CXM,torchref,0.2753,0.2623
r_free,refmac,phenix,3D1M,phenix,0.311,0.3006
r_free,refmac,phenix,3D1M,refmac,0.3099,0.2993
r_free,refmac,phenix,3D1M,torchref,0.2978,0.2892
r_free,refmac,phenix,3D49,phenix,0.4,0.3948
r_free,refmac,phenix,3D49,refmac,0.406,0.4005
r_free,refmac,phenix,3D49,torchref,0.3609,0.3594
r_free,refmac,phenix,3DEE,phenix,0.4431,0.4379
r_free,refmac,phenix,3DEE,refmac,0.4392,0.4333
r_free,refmac,phenix,3DEE,torchref,0.4473,0.4392
r_free,refmac,phenix,3DIW,phenix,0.4994,0.4909
r_free,refmac,phenix,3DIW,refmac,0.3877,0.3721
r_free,refmac,phenix,3DIW,torchref,0.4394,0.4174
r_free,refmac,phenix,3DJD,phenix,0.298,0.2945
r_free,refmac,phenix,3DJD,refmac,0.2992,0.2945
r_free,refmac,phenix,3DJD,torchref,0.2977,0.2951
r_free,refmac,phenix,3DJN,phenix,0.2366,0.2472
r_free,refmac,phenix,3DJN,refmac,0.2333,0.2276
r_free,refmac,phenix,3DJN,torchref,0.2259,0.2265
r_free,refmac,phenix,3DLA,phenix,0.2681,0.2503
r_free,refmac,phenix,3DLA,refmac,0.2641,0.2476
r_free,refmac,phenix,3DLA,torchref,0.2741,0.2586
r_free,refmac,phenix,3DOH,refmac,0.2706,0.269
r_free,refmac,phenix,3DOH,torchref,0.2827,0.2768
r_free,refmac,phenix,3DXI,phenix,0.3444,0.3416
r_free,refmac,phenix,3DXI,refmac,0.3405,0.3388
r_free,refmac,phenix,3DXI,torchref,0.3504,0.35
r_free,refmac,phenix,3E7P,phenix,0.2975,0.2938
r_free,refmac,phenix,3E7P,refmac,0.2903,0.2882
r_free,refmac,phenix,3E7P,torchref,0.2856,0.2927
r_free,refmac,phenix,3E8S,phenix,0.2976,0.2965
r_free,refmac,phenix,3E8S,refmac,0.2922,0.2882
r_free,refmac,phenix,3E8S,torchref,0.3014,0.2972
r_free,refmac,phenix,3E8V,phenix,0.2503,0.2575
r_free,refmac,phenix,3E8V,refmac,0.3387,0.3474
r_free,refmac,phenix,3E8V,torchref,0.2809,0.2883
r_free,refmac,phenix,3e+98,phenix,0.4012,0.391
r_free,refmac,phenix,3e+98,refmac,0.3965,0.4004
r_free,refmac,phenix,3e+98,torchref,0.419,0.4199
r_free,refmac,phenix,3e+99,phenix,0.3356,0.3329
r_free,refmac,phenix,3e+99,refmac,0.323,0.3177
r_free,refmac,phenix,3e+99,torchref,0.3237,0.3201
r_free,refmac,phenix,3EC1,phenix,0.3829,0.3786
r_free,refmac,phenix,3EC1,refmac,0.4461,0.4364
r_free,refmac,phenix,3EC1,torchref,0.3897,0.3859
r_free,refmac,phenix,3ED4,phenix,0.3363,0.3307
r_free,refmac,phenix,3ED4,refmac,0.3383,0.3338
r_free,refmac,phenix,3ED4,torchref,0.3343,0.3302
r_free,refmac,phenix,3EFY,phenix,0.3165,0.3091
r_free,refmac,phenix,3EFY,refmac,0.3149,0.3103
r_free,refmac,phenix,3EFY,torchref,0.3085,0.3045
r_free,refmac,phenix,3ER7,refmac,0.3288,0.3227
r_free,refmac,phenix,3ER7,torchref,0.3215,0.3202
r_free,refmac,phenix,3EUS,phenix,0.3228,0.3052
r_free,refmac,phenix,3EUS,refmac,0.3011,0.2891
r_free,refmac,phenix,3EUS,torchref,0.3078,0.2993
r_free,refmac,phenix,3FBI,phenix,0.3632,0.3701
r_free,refmac,phenix,3FBI,refmac,0.3393,0.3435
r_free,refmac,phenix,3FBI,torchref,0.3501,0.3468
r_free,refmac,phenix,3FJU,phenix,0.3122,0.3056
r_free,refmac,phenix,3FJU,refmac,0.3205,0.3118
r_free,refmac,phenix,3FJU,torchref,0.3159,0.3103
r_free,refmac,phenix,3FKK,phenix,0.2564,0.2509
r_free,refmac,phenix,3FKK,refmac,0.2587,0.2539
r_free,refmac,phenix,3FKK,torchref,0.261,0.2568
r_free,refmac,phenix,3FPR,phenix,0.3212,0.3216
r_free,refmac,phenix,3FPR,refmac,0.2938,0.2924
r_free,refmac,phenix,3FPR,torchref,0.294,0.2991
r_free,refmac,phenix,3FVE,phenix,0.3039,0.2899
r_free,refmac,phenix,3FVE,refmac,0.2884,0.2911
r_free,refmac,phenix,3FVE,torchref,0.293,0.2999
r_free,refmac,phenix,3FVV,refmac,0.289,0.28
r_free,refmac,phenix,3FVV,torchref,0.3069,0.302
r_free,refmac,phenix,3G39,phenix,0.2545,0.249
r_free,refmac,phenix,3G39,refmac,0.2585,0.2484
r_free,refmac,phenix,3G39,torchref,0.2539,0.2452
r_free,refmac,phenix,3G3O,phenix,0.2976,0.2922
r_free,refmac,phenix,3G3O,refmac,0.2849,0.2764
r_free,refmac,phenix,3G3O,torchref,0.3063,0.306
r_free,refmac,phenix,3G6L,phenix,0.3119,0.298
r_free,refmac,phenix,3G6L,refmac,0.3146,0.3073
r_free,refmac,phenix,3G6L,torchref,0.3206,0.3149
r_free,refmac,phenix,3G85,phenix,0.3471,0.3414
r_free,refmac,phenix,3G85,refmac,0.3517,0.3475
r_free,refmac,phenix,3G85,torchref,0.3466,0.3421
r_free,refmac,phenix,3GF6,phenix,0.3384,0.3351
r_free,refmac,phenix,3GF6,refmac,0.3432,0.3422
r_free,refmac,phenix,3GF6,torchref,0.3436,0.3426
r_free,refmac,phenix,3GLR,phenix,0.3444,0.3391
r_free,refmac,phenix,3GLR,refmac,0.3266,0.3203
r_free,refmac,phenix,3GLR,torchref,0.3303,0.3266
r_free,refmac,phenix,3GM5,phenix,0.3653,0.3612
r_free,refmac,phenix,3GM5,refmac,0.3766,0.3753
r_free,refmac,phenix,3GM5,torchref,0.3892,0.3894
r_free,refmac,phenix,3GMV,phenix,0.3172,0.3088
r_free,refmac,phenix,3GMV,refmac,0.3516,0.3468
r_free,refmac,phenix,3GMV,torchref,0.3894,0.379
r_free,refmac,phenix,3GQU,phenix,0.3579,0.3476
r_free,refmac,phenix,3GQU,refmac,0.3722,0.3512
r_free,refmac,phenix,3GQU,torchref,0.3803,0.3576
r_free,refmac,phenix,3GR5,phenix,0.3318,0.3219
r_free,refmac,phenix,3GR5,refmac,0.336,0.3254
r_free,refmac,phenix,3GR5,torchref,0.3311,0.3236
r_free,refmac,phenix,3GXQ,phenix,0.3966,0.3812
r_free,refmac,phenix,3GXQ,refmac,0.4057,0.3936
r_free,refmac,phenix,3GXQ,torchref,0.4107,0.4
r_free,refmac,phenix,3H1T,phenix,0.3197,0.3155
r_free,refmac,phenix,3H1T,refmac,0.3124,0.3078
r_free,refmac,phenix,3H1T,torchref,0.3179,0.3168
r_free,refmac,phenix,3H6E,phenix,0.31,0.3132
r_free,refmac,phenix,3H6E,refmac,0.3106,0.3105
r_free,refmac,phenix,3H6E,torchref,0.3233,0.3211
r_free,refmac,phenix,3H6R,phenix,0.2905,0.2768
r_free,refmac,phenix,3H6R,refmac,0.2804,0.266
r_free,refmac,phenix,3H6R,torchref,0.2911,0.2777
r_free,refmac,phenix,3H7O,phenix,0.2732,0.2599
r_free,refmac,phenix,3H7O,refmac,0.2727,0.2604
r_free,refmac,phenix,3H7O,torchref,0.2673,0.256
r_free,refmac,phenix,3HBC,phenix,0.3477,0.3487
r_free,refmac,phenix,3HBC,refmac,0.3174,0.3169
r_free,refmac,phenix,3HBC,torchref,0.3395,0.3341
r_free,refmac,phenix,3HHC,phenix,0.4509,0.4395
r_free,refmac,phenix,3HHC,refmac,0.4408,0.4325
r_free,refmac,phenix,3HHC,torchref,0.4353,0.4243
r_free,refmac,phenix,3HL0,phenix,0.3658,0.3651
r_free,refmac,phenix,3HL0,refmac,0.3632,0.3613
r_free,refmac,phenix,3HL0,torchref,0.3602,0.3572
r_free,refmac,phenix,3HST,phenix,0.3018,0.2831
r_free,refmac,phenix,3HST,refmac,0.3134,0.295
r_free,refmac,phenix,3HST,torchref,0.3072,0.2869
r_free,refmac,phenix,3HTK,phenix,0.4434,0.4523
r_free,refmac,phenix,3HTK,refmac,0.453,0.449
r_free,refmac,phenix,3HTK,torchref,0.4044,0.4246
r_free,refmac,phenix,3HTV,phenix,0.3538,0.3627
r_free,refmac,phenix,3HTV,refmac,0.3347,0.3353
r_free,refmac,phenix,3HTV,torchref,0.3583,0.3631
r_free,refmac,phenix,3I38,phenix,0.378,0.3707
r_free,refmac,phenix,3I38,refmac,0.3737,0.3606
r_free,refmac,phenix,3I38,torchref,0.3778,0.3658
r_free,refmac,phenix,3IC8,phenix,0.3427,0.3405
r_free,refmac,phenix,3IC8,refmac,0.3666,0.3625
r_free,refmac,phenix,3IC8,torchref,0.3531,0.3513
r_free,refmac,phenix,3IHU,phenix,0.4017,0.3992
r_free,refmac,phenix,3IHU,refmac,0.4203,0.4125
r_free,refmac,phenix,3IHU,torchref,0.417,0.4127
r_free,refmac,phenix,3IUG,phenix,0.3197,0.3035
r_free,refmac,phenix,3IUG,refmac,0.3166,0.3012
r_free,refmac,phenix,3IUG,torchref,0.309,0.2941
r_free,refmac,phenix,3IVB,phenix,0.5145,0.5116
r_free,refmac,phenix,3IVB,refmac,0.4739,0.4692
r_free,refmac,phenix,3IVB,torchref,0.4937,0.4868
r_free,refmac,phenix,3JST,phenix,0.2975,0.2884
r_free,refmac,phenix,3JST,refmac,0.2891,0.2831
r_free,refmac,phenix,3JST,torchref,0.2901,0.2864
r_free,refmac,phenix,3JWH,phenix,0.3524,0.3345
r_free,refmac,phenix,3JWH,refmac,0.3367,0.3213
r_free,refmac,phenix,3JWH,torchref,0.3542,0.3359
r_free,refmac,phenix,3K7M,phenix,0.3222,0.324
r_free,refmac,phenix,3K7M,refmac,0.3146,0.3141
r_free,refmac,phenix,3KFW,phenix,0.4069,0.3815
r_free,refmac,phenix,3KFW,refmac,0.3824,0.3687
r_free,refmac,phenix,3KFW,torchref,0.3898,0.3798
r_free,refmac,phenix,3KGR,phenix,0.31,0.3122
r_free,refmac,phenix,3KGR,refmac,0.3169,0.3144
r_free,refmac,phenix,3KGR,torchref,0.3205,0.3166
r_free,refmac,phenix,3KKD,phenix,0.4141,0.4017
r_free,refmac,phenix,3KKD,refmac,0.4175,0.4061
r_free,refmac,phenix,3KKD,torchref,0.4102,0.4026
r_free,refmac,phenix,3KKE,phenix,0.3001,0.2931
r_free,refmac,phenix,3KKE,refmac,0.2946,0.2837
r_free,refmac,phenix,3KKE,torchref,0.2987,0.2941
r_free,refmac,phenix,3KOL,phenix,0.3593,0.3726
r_free,refmac,phenix,3KOL,refmac,0.3326,0.3386
r_free,refmac,phenix,3KOL,torchref,0.3715,0.3709
r_free,refmac,phenix,3KXR,phenix,0.4823,0.469
r_free,refmac,phenix,3KXR,refmac,0.4642,0.4586
r_free,refmac,phenix,3KXR,torchref,0.4382,0.4362
r_free,refmac,phenix,3KZP,phenix,0.4079,0.3994
r_free,refmac,phenix,3KZP,refmac,0.4257,0.4183
r_free,refmac,phenix,3KZP,torchref,0.3975,0.3909
r_free,refmac,phenix,3L1W,phenix,0.2795,0.2702
r_free,refmac,phenix,3L1W,refmac,0.2789,0.267
r_free,refmac,phenix,3L1W,torchref,0.2806,0.2696
r_free,refmac,phenix,3L2H,phenix,0.3305,0.318
r_free,refmac,phenix,3L2H,refmac,0.3233,0.3159
r_free,refmac,phenix,3L2H,torchref,0.3292,0.3212
r_free,refmac,phenix,3L6F,phenix,0.3402,0.3333
r_free,refmac,phenix,3L6F,refmac,0.3489,0.3393
r_free,refmac,phenix,3L6F,torchref,0.3362,0.332
r_free,refmac,phenix,3LLI,phenix,0.3298,0.3319
r_free,refmac,phenix,3LLI,refmac,0.3238,0.3296
r_free,refmac,phenix,3LLI,torchref,0.3056,0.3111
r_free,refmac,phenix,3LOC,phenix,0.3445,0.3369
r_free,refmac,phenix,3LOC,refmac,0.321,0.3167
r_free,refmac,phenix,3LOC,torchref,0.3442,0.3452
r_free,refmac,phenix,3LS0,phenix,0.2337,0.2339
r_free,refmac,phenix,3LS0,refmac,0.2448,0.2427
r_free,refmac,phenix,3LS0,torchref,0.2387,0.2393
r_free,refmac,phenix,3LW3,phenix,0.2706,0.2633
r_free,refmac,phenix,3LW3,refmac,0.2738,0.2706
r_free,refmac,phenix,3LW3,torchref,0.2737,0.268
r_free,refmac,phenix,3M1G,phenix,0.289,0.2855
r_free,refmac,phenix,3M1G,refmac,0.2874,0.2826
r_free,refmac,phenix,3M1T,phenix,0.3773,0.3749
r_free,refmac,phenix,3M1T,refmac,0.384,0.3781
r_free,refmac,phenix,3M1T,torchref,0.373,0.37
r_free,refmac,phenix,3M91,phenix,0.5545,0.5355
r_free,refmac,phenix,3M91,refmac,0.5144,0.498
r_free,refmac,phenix,3M91,torchref,0.5011,0.4665
r_free,refmac,phenix,3MB2,phenix,0.4527,0.4529
r_free,refmac,phenix,3MB2,refmac,0.427,0.4332
r_free,refmac,phenix,3MB2,torchref,0.4376,0.4382
r_free,refmac,phenix,3MKR,phenix,0.2766,0.2683
r_free,refmac,phenix,3MKR,refmac,0.2668,0.2646
r_free,refmac,phenix,3MKR,torchref,0.2731,0.2697
r_free,refmac,phenix,3ML3,phenix,0.3199,0.3104
r_free,refmac,phenix,3ML3,refmac,0.3181,0.3163
r_free,refmac,phenix,3ML3,torchref,0.3092,0.3079
r_free,refmac,phenix,3MML,phenix,0.3159,0.311
r_free,refmac,phenix,3MML,refmac,0.3131,0.3087
r_free,refmac,phenix,3MML,torchref,0.3276,0.3193
r_free,refmac,phenix,3MQ2,phenix,0.3349,0.3443
r_free,refmac,phenix,3MQ2,refmac,0.3247,0.3323
r_free,refmac,phenix,3MQ2,torchref,0.3392,0.3444
r_free,refmac,phenix,3MV2,phenix,0.3437,0.3037
r_free,refmac,phenix,3MV2,refmac,0.3631,0.3339
r_free,refmac,phenix,3MV2,torchref,0.3463,0.3071
r_free,refmac,phenix,3MYU,phenix,0.3046,0.2973
r_free,refmac,phenix,3MYU,refmac,0.2997,0.2933
r_free,refmac,phenix,3MYU,torchref,0.3039,0.2973
r_free,refmac,phenix,3N39,phenix,0.297,0.2911
r_free,refmac,phenix,3N39,refmac,0.2923,0.2902
r_free,refmac,phenix,3N39,torchref,0.2906,0.2886
r_free,refmac,phenix,3N55,phenix,0.3087,0.3045
r_free,refmac,phenix,3N55,refmac,0.3082,0.3005
r_free,refmac,phenix,3N55,torchref,0.3122,0.3042
r_free,refmac,phenix,3N5L,phenix,0.3116,0.3065
r_free,refmac,phenix,3N5L,refmac,0.3035,0.2983
r_free,refmac,phenix,3N5L,torchref,0.3153,0.3112
r_free,refmac,phenix,3N74,phenix,0.2776,0.2707
r_free,refmac,phenix,3N74,refmac,0.2726,0.2691
r_free,refmac,phenix,3N74,torchref,0.2792,0.2729
r_free,refmac,phenix,3N9U,phenix,0.3083,0.285
r_free,refmac,phenix,3N9U,refmac,0.3205,0.2945
r_free,refmac,phenix,3N9U,torchref,0.3085,0.2838
r_free,refmac,phenix,3NJB,phenix,0.3074,0.2998
r_free,refmac,phenix,3NJB,refmac,0.3038,0.2962
r_free,refmac,phenix,3NJE,phenix,0.327,0.313
r_free,refmac,phenix,3NJE,refmac,0.3112,0.3021
r_free,refmac,phenix,3NJE,torchref,0.3042,0.293
r_free,refmac,phenix,3NO8,phenix,0.3226,0.3118
r_free,refmac,phenix,3NO8,refmac,0.3215,0.3134
r_free,refmac,phenix,3NO8,torchref,0.3286,0.3201
r_free,refmac,phenix,3NYY,refmac,0.3204,0.3125
r_free,refmac,phenix,3NYY,torchref,0.3322,0.3209
r_free,refmac,phenix,3OAP,phenix,0.265,0.2563
r_free,refmac,phenix,3OAP,refmac,0.2646,0.2568
r_free,refmac,phenix,3OAP,torchref,0.2722,0.2601
r_free,refmac,phenix,3OC7,phenix,0.2591,0.2574
r_free,refmac,phenix,3OC7,refmac,0.2561,0.2524
r_free,refmac,phenix,3OC7,torchref,0.255,0.2506
r_free,refmac,phenix,3OEC,phenix,0.2938,0.2938
r_free,refmac,phenix,3OEC,refmac,0.2979,0.2978
r_free,refmac,phenix,3OEC,torchref,0.2945,0.2939
r_free,refmac,phenix,3OFJ,phenix,0.3301,0.3239
r_free,refmac,phenix,3OFJ,refmac,0.3648,0.3634
r_free,refmac,phenix,3OFJ,torchref,0.3342,0.3296
r_free,refmac,phenix,3OOQ,phenix,0.3016,0.2971
r_free,refmac,phenix,3OOQ,refmac,0.303,0.2985
r_free,refmac,phenix,3OOQ,torchref,0.3021,0.2981
r_free,refmac,phenix,3P86,phenix,0.2921,0.2851
r_free,refmac,phenix,3P86,refmac,0.287,0.2787
r_free,refmac,phenix,3P86,torchref,0.307,0.2968
r_free,refmac,phenix,3PFY,phenix,0.3969,0.3988
r_free,refmac,phenix,3PFY,refmac,0.3852,0.3784
r_free,refmac,phenix,3PFY,torchref,0.3853,0.3818
r_free,refmac,phenix,3PPU,phenix,0.2708,0.2664
r_free,refmac,phenix,3PPU,refmac,0.2674,0.2613
r_free,refmac,phenix,3PPU,torchref,0.2741,0.2647
r_free,refmac,phenix,3PZ8,phenix,0.3255,0.3264
r_free,refmac,phenix,3PZ8,refmac,0.311,0.3204
r_free,refmac,phenix,3PZ8,torchref,0.3245,0.323
r_free,refmac,phenix,3QC1,phenix,0.3957,0.4025
r_free,refmac,phenix,3QC1,refmac,0.3601,0.3429
r_free,refmac,phenix,3QC1,torchref,0.4033,0.3906
r_free,refmac,phenix,3QDO,refmac,0.3809,0.3734
r_free,refmac,phenix,3QDO,torchref,0.3457,0.3506
r_free,refmac,phenix,3QKL,phenix,0.3176,0.3008
r_free,refmac,phenix,3QKL,refmac,0.3363,0.3265
r_free,refmac,phenix,3QKL,torchref,0.31,0.297
r_free,refmac,phenix,3QLA,phenix,0.3923,0.3897
r_free,refmac,phenix,3QLA,refmac,0.4243,0.417
r_free,refmac,phenix,3QLA,torchref,0.3905,0.383
r_free,refmac,phenix,3QNM,phenix,0.3142,0.3053
r_free,refmac,phenix,3QNM,refmac,0.3224,0.3162
r_free,refmac,phenix,3QNM,torchref,0.3172,0.3087
r_free,refmac,phenix,3QTA,phenix,0.3654,0.3568
r_free,refmac,phenix,3QTA,refmac,0.3673,0.3586
r_free,refmac,phenix,3QTA,torchref,0.3684,0.3607
r_free,refmac,phenix,3QVJ,phenix,0.3088,0.3005
r_free,refmac,phenix,3QVJ,refmac,0.3167,0.3075
r_free,refmac,phenix,3QVJ,torchref,0.3235,0.3112
r_free,refmac,phenix,3R0Q,phenix,0.3288,0.3132
r_free,refmac,phenix,3R0Q,refmac,0.3444,0.3342
r_free,refmac,phenix,3R0Q,torchref,0.3417,0.3312
r_free,refmac,phenix,3R6B,phenix,0.5161,0.5058
r_free,refmac,phenix,3R6B,refmac,0.5469,0.5374
r_free,refmac,phenix,3R6B,torchref,0.5164,0.52
r_free,refmac,phenix,3RAZ,phenix,0.34,0.3318
r_free,refmac,phenix,3RAZ,refmac,0.3473,0.3298
r_free,refmac,phenix,3RAZ,torchref,0.3359,0.3348
r_free,refmac,phenix,3RLE,phenix,0.4961,0.4871
r_free,refmac,phenix,3RLE,refmac,0.4999,0.4942
r_free,refmac,phenix,3RLE,torchref,0.5028,0.4945
r_free,refmac,phenix,3RQ4,phenix,0.3388,0.3264
r_free,refmac,phenix,3RQ4,refmac,0.3351,0.3282
r_free,refmac,phenix,3RQ4,torchref,0.3379,0.3256
r_free,refmac,phenix,3RST,phenix,0.2548,0.2481
r_free,refmac,phenix,3RST,refmac,0.2527,0.2443
r_free,refmac,phenix,3RST,torchref,0.2558,0.2494
r_free,refmac,phenix,3SF5,phenix,0.2859,0.2863
r_free,refmac,phenix,3SF5,refmac,0.2874,0.2897
r_free,refmac,phenix,3SF5,torchref,0.2909,0.2904
r_free,refmac,phenix,3SHW,phenix,0.3088,0.3067
r_free,refmac,phenix,3SHW,refmac,0.3022,0.2898
r_free,refmac,phenix,3SHW,torchref,0.2967,0.2977
r_free,refmac,phenix,3SOL,phenix,0.3563,0.3567
r_free,refmac,phenix,3SOL,refmac,0.3262,0.3184
r_free,refmac,phenix,3SOL,torchref,0.3373,0.336
r_free,refmac,phenix,3SUZ,phenix,0.4697,0.4415
r_free,refmac,phenix,3SUZ,refmac,0.468,0.4464
r_free,refmac,phenix,3SUZ,torchref,0.487,0.4592
r_free,refmac,phenix,3T0Q,phenix,0.3685,0.3505
r_free,refmac,phenix,3T0Q,refmac,0.3744,0.3559
r_free,refmac,phenix,3T0Q,torchref,0.3741,0.3498
r_free,refmac,phenix,3T9O,phenix,0.2965,0.3035
r_free,refmac,phenix,3T9O,refmac,0.2712,0.2811
r_free,refmac,phenix,3T9O,torchref,0.2911,0.3102
r_free,refmac,phenix,3TCO,phenix,0.2737,0.2842
r_free,refmac,phenix,3TCO,refmac,0.2862,0.2938
r_free,refmac,phenix,3TCO,torchref,0.2847,0.2891
r_free,refmac,phenix,3THF,phenix,0.3126,0.3092
r_free,refmac,phenix,3THF,refmac,0.2812,0.287
r_free,refmac,phenix,3THF,torchref,0.313,0.3054
r_free,refmac,phenix,3TIX,phenix,0.384,0.3897
r_free,refmac,phenix,3TIX,refmac,0.3852,0.3944
r_free,refmac,phenix,3TIX,torchref,0.3776,0.3883
r_free,refmac,phenix,3TSZ,phenix,0.3471,0.3216
r_free,refmac,phenix,3TSZ,refmac,0.3112,0.2883
r_free,refmac,phenix,3TSZ,torchref,0.3339,0.3248
r_free,refmac,phenix,3TU7,phenix,0.4393,0.4374
r_free,refmac,phenix,3TU7,refmac,0.4707,0.4638
r_free,refmac,phenix,3TU7,torchref,0.5028,0.4975
r_free,refmac,phenix,3TVA,phenix,0.2876,0.2758
r_free,refmac,phenix,3TVA,refmac,0.2803,0.2728
r_free,refmac,phenix,3TVA,torchref,0.2873,0.2752
r_free,refmac,phenix,3U1D,phenix,0.3624,0.3513
r_free,refmac,phenix,3U1D,refmac,0.3635,0.3514
r_free,refmac,phenix,3U1D,torchref,0.3638,0.3531
r_free,refmac,phenix,3U2A,phenix,0.3514,0.3514
r_free,refmac,phenix,3U2A,refmac,0.3502,0.3487
r_free,refmac,phenix,3U2A,torchref,0.3526,0.3552
r_free,refmac,phenix,3U66,phenix,0.4132,0.3942
r_free,refmac,phenix,3U66,refmac,0.4206,0.4009
r_free,refmac,phenix,3U66,torchref,0.4417,0.4224
r_free,refmac,phenix,3U9L,phenix,0.3126,0.3015
r_free,refmac,phenix,3U9L,refmac,0.3034,0.293
r_free,refmac,phenix,3U9L,torchref,0.3209,0.3053
r_free,refmac,phenix,3UJ6,refmac,0.3068,0.3028
r_free,refmac,phenix,3UJ6,torchref,0.3004,0.2986
r_free,refmac,phenix,3UN9,phenix,0.4095,0.4116
r_free,refmac,phenix,3UN9,refmac,0.4014,0.4035
r_free,refmac,phenix,3UN9,torchref,0.3908,0.3955
r_free,refmac,phenix,3UNG,phenix,0.3496,0.3429
r_free,refmac,phenix,3UNG,refmac,0.3149,0.3204
r_free,refmac,phenix,3UNG,torchref,0.3625,0.3512
r_free,refmac,phenix,3UTN,phenix,0.2775,0.2636
r_free,refmac,phenix,3UTN,refmac,0.2885,0.2852
r_free,refmac,phenix,3UTN,torchref,0.2849,0.271
r_free,refmac,phenix,3UVO,phenix,0.3278,0.3229
r_free,refmac,phenix,3UVO,refmac,0.3174,0.3133
r_free,refmac,phenix,3UVO,torchref,0.3486,0.3414
r_free,refmac,phenix,3V70,phenix,0.321,0.3117
r_free,refmac,phenix,3V70,refmac,0.3111,0.3039
r_free,refmac,phenix,3V70,torchref,0.3171,0.3103
r_free,refmac,phenix,3VD8,phenix,0.6188,0.5958
r_free,refmac,phenix,3VD8,refmac,0.6178,0.5965
r_free,refmac,phenix,3VD8,torchref,0.5825,0.5741
r_free,refmac,phenix,3VEP,phenix,0.5495,0.5665
r_free,refmac,phenix,3VEP,refmac,0.5631,0.5584
r_free,refmac,phenix,3VEP,torchref,0.5212,0.5091
r_free,refmac,phenix,3VFO,phenix,0.4535,0.3357
r_free,refmac,phenix,3VFO,refmac,0.5415,0.4495
r_free,refmac,phenix,3VFO,torchref,0.47,0.3589
r_free,refmac,phenix,3VFP,phenix,0.5587,0.3353
r_free,refmac,phenix,3VFP,refmac,0.6037,0.4157
r_free,refmac,phenix,3VFP,torchref,0.5934,0.398
r_free,refmac,phenix,3VHL,phenix,0.3894,0.3707
r_free,refmac,phenix,3VHL,refmac,0.4,0.3938
r_free,refmac,phenix,3VHL,torchref,0.3958,0.3845
r_free,refmac,phenix,3VPB,phenix,0.3049,0.2987
r_free,refmac,phenix,3VPB,refmac,0.3112,0.3057
r_free,refmac,phenix,3VPB,torchref,0.3018,0.2975
r_free,refmac,phenix,3VRJ,phenix,0.4088,0.4057
r_free,refmac,phenix,3VRJ,refmac,0.4022,0.4009
r_free,refmac,phenix,3VRJ,torchref,0.4074,0.4031
r_free,refmac,phenix,3VSM,phenix,0.289,0.2746
r_free,refmac,phenix,3VSM,refmac,0.2859,0.2794
r_free,refmac,phenix,3VSM,torchref,0.2859,0.2777
r_free,refmac,phenix,3VST,phenix,0.2581,0.2513
r_free,refmac,phenix,3VST,refmac,0.2563,0.2507
r_free,refmac,phenix,3VST,torchref,0.2569,0.2517
r_free,refmac,phenix,3VUQ,phenix,0.3296,0.3269
r_free,refmac,phenix,3VUQ,refmac,0.3625,0.3556
r_free,refmac,phenix,3VUQ,torchref,0.3339,0.3327
r_free,refmac,phenix,3VYN,phenix,0.2483,0.2515
r_free,refmac,phenix,3VYN,refmac,0.2494,0.2526
r_free,refmac,phenix,3VYN,torchref,0.2656,0.269
r_free,refmac,phenix,3W0L,phenix,0.3667,0.3632
r_free,refmac,phenix,3W0L,refmac,0.3734,0.3654
r_free,refmac,phenix,3W0L,torchref,0.3984,0.3951
r_free,refmac,phenix,3W3T,phenix,0.344,0.3344
r_free,refmac,phenix,3W3T,refmac,0.3677,0.3622
r_free,refmac,phenix,3W3T,torchref,0.3646,0.3474
r_free,refmac,phenix,3W3W,phenix,0.3108,0.2789
r_free,refmac,phenix,3W3W,refmac,0.3362,0.3098
r_free,refmac,phenix,3W3W,torchref,0.3235,0.2907
r_free,refmac,phenix,3W56,phenix,0.3388,0.3147
r_free,refmac,phenix,3W56,refmac,0.3561,0.3337
r_free,refmac,phenix,3W56,torchref,0.3315,0.3076
r_free,refmac,phenix,3W8W,phenix,0.326,0.3256
r_free,refmac,phenix,3W8W,refmac,0.3157,0.318
r_free,refmac,phenix,3W8W,torchref,0.3332,0.3331
r_free,refmac,phenix,3WNV,phenix,0.3111,0.3027
r_free,refmac,phenix,3WNV,refmac,0.3169,0.3064
r_free,refmac,phenix,3WNV,torchref,0.3098,0.3029
r_free,refmac,phenix,3WTQ,phenix,0.3178,0.3202
r_free,refmac,phenix,3WTQ,refmac,0.3086,0.3135
r_free,refmac,phenix,3WTQ,torchref,0.305,0.3083
r_free,refmac,phenix,3WW1,phenix,0.2713,0.2625
r_free,refmac,phenix,3WW1,refmac,0.2665,0.2539
r_free,refmac,phenix,3WW1,torchref,0.2733,0.2672
r_free,refmac,phenix,3X0X,phenix,0.2769,0.2714
r_free,refmac,phenix,3X0X,refmac,0.271,0.2662
r_free,refmac,phenix,3X0X,torchref,0.2799,0.2745
r_free,refmac,phenix,3ZH9,phenix,0.2999,0.2808
r_free,refmac,phenix,3ZH9,refmac,0.3052,0.283
r_free,refmac,phenix,3ZH9,torchref,0.2998,0.2807
r_free,refmac,phenix,3ZIE,phenix,0.3018,0.3008
r_free,refmac,phenix,3ZIE,refmac,0.313,0.3107
r_free,refmac,phenix,3ZIE,torchref,0.3075,0.3094
r_free,refmac,phenix,4AK1,phenix,0.4623,0.4353
r_free,refmac,phenix,4AK1,refmac,0.4802,0.4552
r_free,refmac,phenix,4AK1,torchref,0.4644,0.4359
r_free,refmac,phenix,4ALY,phenix,0.265,0.2656
r_free,refmac,phenix,4ALY,refmac,0.262,0.2601
r_free,refmac,phenix,4ALY,torchref,0.2687,0.2681
r_free,refmac,phenix,4AOM,phenix,0.3295,0.3158
r_free,refmac,phenix,4AOM,refmac,0.337,0.3239
r_free,refmac,phenix,4AOM,torchref,0.3378,0.3235
r_free,refmac,phenix,4AUP,phenix,0.3436,0.3224
r_free,refmac,phenix,4AUP,refmac,0.3319,0.3221
r_free,refmac,phenix,4AUP,torchref,0.3407,0.3302
r_free,refmac,phenix,4B18,phenix,0.291,0.2714
r_free,refmac,phenix,4B18,refmac,0.3203,0.3063
r_free,refmac,phenix,4B18,torchref,0.2951,0.2746
r_free,refmac,phenix,4BU1,phenix,0.5014,0.4446
r_free,refmac,phenix,4BU1,refmac,0.5032,0.4585
r_free,refmac,phenix,4BU1,torchref,0.4896,0.4263
r_free,refmac,phenix,4BVE,phenix,0.3158,0.3161
r_free,refmac,phenix,4BVE,refmac,0.3117,0.3057
r_free,refmac,phenix,4BVE,torchref,0.3197,0.3182
r_free,refmac,phenix,4BX9,phenix,0.3125,0.3062
r_free,refmac,phenix,4BX9,refmac,0.2962,0.2914
r_free,refmac,phenix,4BX9,torchref,0.3254,0.3173
r_free,refmac,phenix,4C1S,phenix,0.2944,0.2797
r_free,refmac,phenix,4C1S,refmac,0.2995,0.2835
r_free,refmac,phenix,4C1S,torchref,0.2988,0.2872
r_free,refmac,phenix,4C6R,phenix,0.3296,0.3219
r_free,refmac,phenix,4C6R,refmac,0.3397,0.3298
r_free,refmac,phenix,4C6R,torchref,0.3345,0.3257
r_free,refmac,phenix,4CE5,phenix,0.2595,0.2539
r_free,refmac,phenix,4CE5,refmac,0.2605,0.2539
r_free,refmac,phenix,4CE5,torchref,0.2608,0.2545
r_free,refmac,phenix,4CGB,phenix,0.5541,0.55
r_free,refmac,phenix,4CGB,refmac,0.5487,0.5322
r_free,refmac,phenix,4CGB,torchref,0.5856,0.5723
r_free,refmac,phenix,4CH9,phenix,0.2746,0.2714
r_free,refmac,phenix,4CH9,refmac,0.2801,0.2738
r_free,refmac,phenix,4CH9,torchref,0.2666,0.2646
r_free,refmac,phenix,4CKT,phenix,0.418,0.32
r_free,refmac,phenix,4CKT,refmac,0.3978,0.3085
r_free,refmac,phenix,4CKT,torchref,0.4349,0.3518
r_free,refmac,phenix,4CLF,phenix,0.3688,0.3612
r_free,refmac,phenix,4CLF,refmac,0.3815,0.3763
r_free,refmac,phenix,4CLF,torchref,0.3515,0.3412
r_free,refmac,phenix,4CSO,phenix,0.311,0.314
r_free,refmac,phenix,4CSO,refmac,0.3046,0.3092
r_free,refmac,phenix,4CSO,torchref,0.3038,0.3079
r_free,refmac,phenix,4D51,phenix,0.314,0.3175
r_free,refmac,phenix,4D51,refmac,0.3216,0.3124
r_free,refmac,phenix,4D51,torchref,0.3146,0.313
r_free,refmac,phenix,4DA2,phenix,0.2912,0.2917
r_free,refmac,phenix,4DA2,refmac,0.2925,0.2898
r_free,refmac,phenix,4DA2,torchref,0.2983,0.295
r_free,refmac,phenix,4DOV,phenix,0.3469,0.3447
r_free,refmac,phenix,4DOV,refmac,0.3486,0.3393
r_free,refmac,phenix,4DOV,torchref,0.3444,0.3398
r_free,refmac,phenix,4EOY,phenix,0.4301,0.4178
r_free,refmac,phenix,4EOY,refmac,0.4467,0.429
r_free,refmac,phenix,4EOY,torchref,0.4453,0.4428
r_free,refmac,phenix,4EWI,phenix,0.4511,0.4435
r_free,refmac,phenix,4EWI,refmac,0.4042,0.4187
r_free,refmac,phenix,4EWI,torchref,0.4481,0.432
r_free,refmac,phenix,4EX5,phenix,0.2949,0.2906
r_free,refmac,phenix,4EX5,refmac,0.2875,0.2868
r_free,refmac,phenix,4EX5,torchref,0.2886,0.2848
r_free,refmac,phenix,4F0F,phenix,0.3481,0.3438
r_free,refmac,phenix,4F0F,refmac,0.3463,0.3386
r_free,refmac,phenix,4F0F,torchref,0.3445,0.3368
r_free,refmac,phenix,4F27,phenix,0.3433,0.3375
r_free,refmac,phenix,4F27,refmac,0.3447,0.3365
r_free,refmac,phenix,4F27,torchref,0.3445,0.3324
r_free,refmac,phenix,4FC4,phenix,0.2474,0.2422
r_free,refmac,phenix,4FC4,refmac,0.2464,0.2422
r_free,refmac,phenix,4FC4,torchref,0.2532,0.2509
r_free,refmac,phenix,4FE9,phenix,0.2808,0.2745
r_free,refmac,phenix,4FE9,refmac,0.2792,0.2735
r_free,refmac,phenix,4FE9,torchref,0.2856,0.2797
r_free,refmac,phenix,4FIX,phenix,0.2966,0.2744
r_free,refmac,phenix,4FIX,refmac,0.3112,0.2871
r_free,refmac,phenix,4FIX,torchref,0.3024,0.283
r_free,refmac,phenix,4FYU,phenix,0.3039,0.293
r_free,refmac,phenix,4FYU,refmac,0.314,0.2965
r_free,refmac,phenix,4FYU,torchref,0.3131,0.3015
r_free,refmac,phenix,4G3H,phenix,0.3983,0.3905
r_free,refmac,phenix,4G3H,refmac,0.3894,0.3853
r_free,refmac,phenix,4G3H,torchref,0.3895,0.3851
r_free,refmac,phenix,4GMV,phenix,0.3361,0.3129
r_free,refmac,phenix,4GMV,refmac,0.3242,0.3075
r_free,refmac,phenix,4GMV,torchref,0.3371,0.324
r_free,refmac,phenix,4H9D,phenix,0.3833,0.3845
r_free,refmac,phenix,4H9D,refmac,0.3972,0.404
r_free,refmac,phenix,4H9D,torchref,0.3742,0.3925
r_free,refmac,phenix,4HIA,phenix,0.3398,0.3338
r_free,refmac,phenix,4HIA,refmac,0.3434,0.3288
r_free,refmac,phenix,4HIA,torchref,0.3495,0.3416
r_free,refmac,phenix,4HJW,phenix,0.3029,0.2906
r_free,refmac,phenix,4HJW,refmac,0.2944,0.2848
r_free,refmac,phenix,4HJW,torchref,0.3128,0.2999
r_free,refmac,phenix,4HKA,phenix,0.3093,0.3136
r_free,refmac,phenix,4HKA,refmac,0.2925,0.2895
r_free,refmac,phenix,4HKA,torchref,0.3137,0.3122
r_free,refmac,phenix,4HUJ,phenix,0.3136,0.3091
r_free,refmac,phenix,4HUJ,refmac,0.3125,0.3086
r_free,refmac,phenix,4HUJ,torchref,0.3214,0.3165
r_free,refmac,phenix,4ICH,phenix,0.3407,0.3406
r_free,refmac,phenix,4ICH,refmac,0.3277,0.3272
r_free,refmac,phenix,4ICH,torchref,0.3239,0.3225
r_free,refmac,phenix,4IDI,phenix,0.3147,0.3123
r_free,refmac,phenix,4IDI,refmac,0.3251,0.3182
r_free,refmac,phenix,4IDI,torchref,0.3197,0.3176
r_free,refmac,phenix,4JGX,phenix,0.2928,0.2889
r_free,refmac,phenix,4JGX,refmac,0.292,0.2808
r_free,refmac,phenix,4JGX,torchref,0.2994,0.2975
r_free,refmac,phenix,4JHN,phenix,0.2559,0.2504
r_free,refmac,phenix,4JHN,refmac,0.2513,0.2453
r_free,refmac,phenix,4JHN,torchref,0.2551,0.25
r_free,refmac,phenix,4JLX,refmac,0.2986,0.3014
r_free,refmac,phenix,4JLX,torchref,0.3051,0.3058
r_free,refmac,phenix,4JX2,phenix,0.3691,0.37
r_free,refmac,phenix,4JX2,refmac,0.4179,0.4122
r_free,refmac,phenix,4JX2,torchref,0.4323,0.4267
r_free,refmac,phenix,4K36,phenix,0.3486,0.3448
r_free,refmac,phenix,4K36,refmac,0.3451,0.338
r_free,refmac,phenix,4K36,torchref,0.3495,0.3419
r_free,refmac,phenix,4KH9,phenix,0.3259,0.3115
r_free,refmac,phenix,4KH9,refmac,0.3141,0.3025
r_free,refmac,phenix,4KH9,torchref,0.3272,0.3095
r_free,refmac,phenix,4KYQ,phenix,0.3274,0.329
r_free,refmac,phenix,4KYQ,refmac,0.3037,0.3044
r_free,refmac,phenix,4KYQ,torchref,0.325,0.3266
r_free,refmac,phenix,4L7Z,phenix,0.3421,0.336
r_free,refmac,phenix,4L7Z,refmac,0.3306,0.3266
r_free,refmac,phenix,4L7Z,torchref,0.3406,0.3361
r_free,refmac,phenix,4L9U,phenix,0.5569,0.5476
r_free,refmac,phenix,4L9U,refmac,0.5175,0.5231
r_free,refmac,phenix,4L9U,torchref,0.6081,0.5362
r_free,refmac,phenix,4LD7,phenix,0.3179,0.3137
r_free,refmac,phenix,4LD7,refmac,0.3233,0.3202
r_free,refmac,phenix,4LD7,torchref,0.3296,0.3272
r_free,refmac,phenix,4LZ2,phenix,0.3338,0.3359
r_free,refmac,phenix,4LZ2,refmac,0.3194,0.3147
r_free,refmac,phenix,4LZ2,torchref,0.325,0.3282
r_free,refmac,phenix,4MAA,phenix,0.2975,0.2765
r_free,refmac,phenix,4MAA,refmac,0.2938,0.2757
r_free,refmac,phenix,4MAA,torchref,0.2959,0.2784
r_free,refmac,phenix,4ME9,phenix,0.3097,0.3056
r_free,refmac,phenix,4ME9,refmac,0.2944,0.2923
r_free,refmac,phenix,4ME9,torchref,0.3427,0.3354
r_free,refmac,phenix,4MG5,phenix,0.3255,0.3213
r_free,refmac,phenix,4MG5,refmac,0.306,0.2933
r_free,refmac,phenix,4MG5,torchref,0.3029,0.2913
r_free,refmac,phenix,4MG6,phenix,0.3383,0.3337
r_free,refmac,phenix,4MG6,refmac,0.3407,0.3325
r_free,refmac,phenix,4MG6,torchref,0.3357,0.317
r_free,refmac,phenix,4MJG,phenix,0.3268,0.3225
r_free,refmac,phenix,4MJG,refmac,0.33,0.3281
r_free,refmac,phenix,4MJG,torchref,0.3264,0.3273
r_free,refmac,phenix,4N39,phenix,0.3754,0.3734
r_free,refmac,phenix,4N39,refmac,0.3665,0.3599
r_free,refmac,phenix,4N39,torchref,0.3561,0.3524
r_free,refmac,phenix,4N5X,phenix,0.41,0.4174
r_free,refmac,phenix,4N5X,refmac,0.4219,0.4244
r_free,refmac,phenix,4N5X,torchref,0.4201,0.424
r_free,refmac,phenix,4NPJ,phenix,0.3457,0.342
r_free,refmac,phenix,4NPJ,refmac,0.363,0.3628
r_free,refmac,phenix,4NPJ,torchref,0.3494,0.3501
r_free,refmac,phenix,4NUF,phenix,0.4336,0.4296
r_free,refmac,phenix,4NUF,refmac,0.4296,0.43
r_free,refmac,phenix,4NUF,torchref,0.4369,0.4312
r_free,refmac,phenix,4NWZ,phenix,0.3329,0.3075
r_free,refmac,phenix,4NWZ,refmac,0.3459,0.3215
r_free,refmac,phenix,4NWZ,torchref,0.3356,0.3127
r_free,refmac,phenix,4O62,phenix,0.4456,0.4481
r_free,refmac,phenix,4O62,refmac,0.4249,0.4298
r_free,refmac,phenix,4O62,torchref,0.4368,0.44
r_free,refmac,phenix,4O92,phenix,0.4618,0.4737
r_free,refmac,phenix,4O92,refmac,0.4745,0.4602
r_free,refmac,phenix,4O92,torchref,0.461,0.4621
r_free,refmac,phenix,4OC8,phenix,0.4415,0.439
r_free,refmac,phenix,4OC8,refmac,0.4533,0.4538
r_free,refmac,phenix,4OC8,torchref,0.4475,0.4511
r_free,refmac,phenix,4OF8,phenix,0.3088,0.2994
r_free,refmac,phenix,4OF8,refmac,0.3124,0.3008
r_free,refmac,phenix,4OF8,torchref,0.3112,0.3021
r_free,refmac,phenix,4OFF,phenix,0.5288,0.5213
r_free,refmac,phenix,4OFF,refmac,0.5006,0.5003
r_free,refmac,phenix,4OFF,torchref,0.5542,0.5304
r_free,refmac,phenix,4OX3,phenix,0.321,0.3172
r_free,refmac,phenix,4OX3,refmac,0.3259,0.3172
r_free,refmac,phenix,4OX3,torchref,0.3249,0.3162
r_free,refmac,phenix,4PDE,phenix,0.3006,0.2889
r_free,refmac,phenix,4PDE,refmac,0.2877,0.2801
r_free,refmac,phenix,4PDE,torchref,0.328,0.3355
r_free,refmac,phenix,4PFS,phenix,0.3165,0.3221
r_free,refmac,phenix,4PFS,refmac,0.313,0.3142
r_free,refmac,phenix,4PFS,torchref,0.3331,0.3305
r_free,refmac,phenix,4PQZ,phenix,0.285,0.2924
r_free,refmac,phenix,4PQZ,refmac,0.3009,0.2988
r_free,refmac,phenix,4PQZ,torchref,0.2975,0.3166
r_free,refmac,phenix,4PRA,phenix,0.4262,0.3321
r_free,refmac,phenix,4PRA,refmac,0.4614,0.3774
r_free,refmac,phenix,4PRA,torchref,0.4053,0.3087
r_free,refmac,phenix,4PSI,phenix,0.4863,0.471
r_free,refmac,phenix,4PSI,refmac,0.4306,0.4363
r_free,refmac,phenix,4PSI,torchref,0.4525,0.4542
r_free,refmac,phenix,4PV4,phenix,0.3208,0.2765
r_free,refmac,phenix,4PV4,refmac,0.3321,0.288
r_free,refmac,phenix,4PV4,torchref,0.3218,0.2794
r_free,refmac,phenix,4Q13,phenix,0.2999,0.2917
r_free,refmac,phenix,4Q13,refmac,0.2942,0.2837
r_free,refmac,phenix,4Q13,torchref,0.3249,0.3139
r_free,refmac,phenix,4Q63,phenix,0.4232,0.4244
r_free,refmac,phenix,4Q63,refmac,0.4211,0.4192
r_free,refmac,phenix,4Q63,torchref,0.4186,0.4151
r_free,refmac,phenix,4QH8,phenix,0.2792,0.2747
r_free,refmac,phenix,4QH8,refmac,0.2946,0.2919
r_free,refmac,phenix,4QH8,torchref,0.2958,0.2889
r_free,refmac,phenix,4QKO,phenix,0.348,0.3343
r_free,refmac,phenix,4QKO,refmac,0.3536,0.3414
r_free,refmac,phenix,4QKO,torchref,0.3485,0.3383
r_free,refmac,phenix,4QN8,phenix,0.326,0.3241
r_free,refmac,phenix,4QN8,refmac,0.3191,0.3214
r_free,refmac,phenix,4QN8,torchref,0.3285,0.3295
r_free,refmac,phenix,4QQR,phenix,0.3156,0.3127
r_free,refmac,phenix,4QQR,refmac,0.2954,0.297
r_free,refmac,phenix,4QQR,torchref,0.3232,0.319
r_free,refmac,phenix,4QTP,phenix,0.2963,0.2892
r_free,refmac,phenix,4QTP,refmac,0.288,0.2871
r_free,refmac,phenix,4QTP,torchref,0.3017,0.3
r_free,refmac,phenix,4QXA,phenix,0.3645,0.351
r_free,refmac,phenix,4QXA,refmac,0.3483,0.3388
r_free,refmac,phenix,4QXA,torchref,0.3605,0.35
r_free,refmac,phenix,4R10,phenix,0.2707,0.2639
r_free,refmac,phenix,4R10,refmac,0.2649,0.2625
r_free,refmac,phenix,4R10,torchref,0.2596,0.2535
r_free,refmac,phenix,4REV,refmac,0.3949,0.3895
r_free,refmac,phenix,4REV,torchref,0.3828,0.3712
r_free,refmac,phenix,4RHO,phenix,0.3876,0.3872
r_free,refmac,phenix,4RHO,refmac,0.3843,0.3777
r_free,refmac,phenix,4RHO,torchref,0.3943,0.3867
r_free,refmac,phenix,4RK2,phenix,0.4973,0.487
r_free,refmac,phenix,4RK2,refmac,0.4974,0.4925
r_free,refmac,phenix,4RK2,torchref,0.4995,0.4954
r_free,refmac,phenix,4RO5,phenix,0.421,0.4198
r_free,refmac,phenix,4RO5,refmac,0.4334,0.4339
r_free,refmac,phenix,4RO5,torchref,0.4209,0.4194
r_free,refmac,phenix,4RQM,phenix,0.3463,0.3395
r_free,refmac,phenix,4RQM,refmac,0.3334,0.3292
r_free,refmac,phenix,4RQM,torchref,0.3375,0.3334
r_free,refmac,phenix,4TWL,phenix,0.3142,0.304
r_free,refmac,phenix,4TWL,refmac,0.3116,0.3001
r_free,refmac,phenix,4TWL,torchref,0.3062,0.3021
r_free,refmac,phenix,4U7A,phenix,0.2784,0.2704
r_free,refmac,phenix,4U7A,refmac,0.2687,0.2605
r_free,refmac,phenix,4U7A,torchref,0.269,0.2648
r_free,refmac,phenix,4UCI,phenix,0.4856,0.48
r_free,refmac,phenix,4UCI,refmac,0.4828,0.4763
r_free,refmac,phenix,4UCI,torchref,0.4887,0.4835
r_free,refmac,phenix,4UDA,phenix,0.3167,0.3157
r_free,refmac,phenix,4UDA,refmac,0.306,0.3006
r_free,refmac,phenix,4UDA,torchref,0.2966,0.2884
r_free,refmac,phenix,4UDP,phenix,0.2702,0.2701
r_free,refmac,phenix,4UDP,refmac,0.2694,0.2676
r_free,refmac,phenix,4UDP,torchref,0.2779,0.2744
r_free,refmac,phenix,4UWX,phenix,0.3778,0.3714
r_free,refmac,phenix,4UWX,refmac,0.346,0.3398
r_free,refmac,phenix,4UWX,torchref,0.3362,0.3288
r_free,refmac,phenix,4UYI,phenix,0.312,0.2941
r_free,refmac,phenix,4UYI,refmac,0.3139,0.3097
r_free,refmac,phenix,4UYI,torchref,0.3069,0.3005
r_free,refmac,phenix,4V15,phenix,0.2679,0.2653
r_free,refmac,phenix,4V15,refmac,0.2608,0.26
r_free,refmac,phenix,4V15,torchref,0.2634,0.2617
r_free,refmac,phenix,4W2R,phenix,0.3147,0.3137
r_free,refmac,phenix,4W2R,refmac,0.3082,0.3097
r_free,refmac,phenix,4W2R,torchref,0.3113,0.3147
r_free,refmac,phenix,4WAL,phenix,0.3918,0.3875
r_free,refmac,phenix,4WAL,refmac,0.3825,0.3887
r_free,refmac,phenix,4WAL,torchref,0.3847,0.3853
r_free,refmac,phenix,4WIP,phenix,0.3796,0.3107
r_free,refmac,phenix,4WIP,refmac,0.4205,0.3366
r_free,refmac,phenix,4WIP,torchref,0.3885,0.3364
r_free,refmac,phenix,4WWM,phenix,0.3223,0.3182
r_free,refmac,phenix,4WWM,refmac,0.3361,0.3175
r_free,refmac,phenix,4WWM,torchref,0.3282,0.3128
r_free,refmac,phenix,4X3E,phenix,0.2953,0.2856
r_free,refmac,phenix,4X3E,refmac,0.2906,0.2826
r_free,refmac,phenix,4X3E,torchref,0.2976,0.2915
r_free,refmac,phenix,4XLG,phenix,0.3052,0.2973
r_free,refmac,phenix,4XLG,refmac,0.2998,0.2949
r_free,refmac,phenix,4XLG,torchref,0.2927,0.2826
r_free,refmac,phenix,4ZSF,phenix,0.4471,0.4415
r_free,refmac,phenix,4ZSF,refmac,0.4404,0.4283
r_free,refmac,phenix,4ZSF,torchref,0.4475,0.4408
r_free,refmac,phenix,4ZV9,phenix,0.3028,0.2815
r_free,refmac,phenix,4ZV9,refmac,0.3156,0.3011
r_free,refmac,phenix,4ZV9,torchref,0.3074,0.2871
r_free,refmac,phenix,5A0T,phenix,0.2958,0.2857
r_free,refmac,phenix,5A0T,refmac,0.2586,0.2523
r_free,refmac,phenix,5A0T,torchref,0.2697,0.2621
r_free,refmac,phenix,5AA5,phenix,0.3405,0.3322
r_free,refmac,phenix,5AA5,refmac,0.3373,0.3299
r_free,refmac,phenix,5AA5,torchref,0.3541,0.3437
r_free,refmac,phenix,5AD0,phenix,0.384,0.3603
r_free,refmac,phenix,5AD0,refmac,0.4377,0.396
r_free,refmac,phenix,5AD0,torchref,0.4536,0.4449
r_free,refmac,phenix,5B5I,phenix,0.513,0.5089
r_free,refmac,phenix,5B5I,refmac,0.4949,0.4868
r_free,refmac,phenix,5B5I,torchref,0.5227,0.5184
r_free,refmac,phenix,5B5Q,phenix,0.2973,0.2759
r_free,refmac,phenix,5B5Q,refmac,0.2986,0.2796
r_free,refmac,phenix,5B5Q,torchref,0.3045,0.2871
r_free,refmac,phenix,5BOV,phenix,0.2686,0.2639
r_free,refmac,phenix,5BOV,refmac,0.2688,0.2639
r_free,refmac,phenix,5BOV,torchref,0.2729,0.2677
r_free,refmac,phenix,5BV6,phenix,0.4537,0.4744
r_free,refmac,phenix,5BV6,refmac,0.4905,0.5026
r_free,refmac,phenix,5BV6,torchref,0.4423,0.4549
r_free,refmac,phenix,5C5V,phenix,0.4034,0.3904
r_free,refmac,phenix,5C5V,refmac,0.3867,0.3854
r_free,refmac,phenix,5C5V,torchref,0.3958,0.3931
r_free,refmac,phenix,5C7F,phenix,0.37,0.3566
r_free,refmac,phenix,5C7F,refmac,0.3476,0.3315
r_free,refmac,phenix,5C7F,torchref,0.3564,0.3494
r_free,refmac,phenix,5C8H,phenix,0.3628,0.3656
r_free,refmac,phenix,5C8H,refmac,0.3599,0.3547
r_free,refmac,phenix,5C8H,torchref,0.3491,0.3429
r_free,refmac,phenix,5CVR,phenix,0.3248,0.3134
r_free,refmac,phenix,5CVR,refmac,0.321,0.3106
r_free,refmac,phenix,5CVR,torchref,0.2932,0.2908
r_free,refmac,phenix,5CX2,refmac,0.5317,0.5154
r_free,refmac,phenix,5CX2,torchref,0.5512,0.5459
r_free,refmac,phenix,5D5H,phenix,0.2753,0.2585
r_free,refmac,phenix,5D5H,refmac,0.2801,0.2593
r_free,refmac,phenix,5D5H,torchref,0.2881,0.2715
r_free,refmac,phenix,5DAY,phenix,0.417,0.4132
r_free,refmac,phenix,5DAY,refmac,0.3964,0.3922
r_free,refmac,phenix,5DAY,torchref,0.4087,0.4084
r_free,refmac,phenix,5DBE,phenix,0.2614,0.2697
r_free,refmac,phenix,5DBE,refmac,0.2889,0.2942
r_free,refmac,phenix,5DBE,torchref,0.3071,0.3108
r_free,refmac,phenix,5DRM,phenix,0.2899,0.2847
r_free,refmac,phenix,5DRM,refmac,0.2814,0.2761
r_free,refmac,phenix,5DRM,torchref,0.2811,0.274
r_free,refmac,phenix,5000000000000000.0,phenix,0.3331,0.3359
r_free,refmac,phenix,5000000000000000.0,refmac,0.3325,0.3361
r_free,refmac,phenix,5000000000000000.0,torchref,0.3279,0.3243
r_free,refmac,phenix,5EBB,phenix,0.3637,0.3445
r_free,refmac,phenix,5EBB,refmac,0.3603,0.3439
r_free,refmac,phenix,5EBB,torchref,0.3647,0.3467
r_free,refmac,phenix,5EG2,phenix,0.2682,0.2653
r_free,refmac,phenix,5EG2,refmac,0.262,0.2541
r_free,refmac,phenix,5EG2,torchref,0.2664,0.2629
r_free,refmac,phenix,5EGE,phenix,0.2862,0.2787
r_free,refmac,phenix,5EGE,refmac,0.2838,0.2784
r_free,refmac,phenix,5EGE,torchref,0.2851,0.28
r_free,refmac,phenix,5ETA,phenix,0.3222,0.3285
r_free,refmac,phenix,5ETA,refmac,0.3575,0.3546
r_free,refmac,phenix,5ETA,torchref,0.3366,0.3342
r_free,refmac,phenix,5G09,phenix,0.2844,0.2788
r_free,refmac,phenix,5G09,refmac,0.278,0.2716
r_free,refmac,phenix,5G09,torchref,0.2833,0.2781
r_free,refmac,phenix,5G23,phenix,0.2919,0.2865
r_free,refmac,phenix,5G23,refmac,0.2812,0.2758
r_free,refmac,phenix,5G23,torchref,0.29,0.2861
r_free,refmac,phenix,5G4I,phenix,0.2725,0.2662
r_free,refmac,phenix,5G4I,refmac,0.2669,0.2594
r_free,refmac,phenix,5G4I,torchref,0.2639,0.2569
r_free,refmac,phenix,5GHR,phenix,0.3543,0.356
r_free,refmac,phenix,5GHR,refmac,0.3516,0.3492
r_free,refmac,phenix,5GHR,torchref,0.3635,0.3681
r_free,refmac,phenix,5GJM,phenix,0.2833,0.274
r_free,refmac,phenix,5GJM,refmac,0.2786,0.2739
r_free,refmac,phenix,5GJM,torchref,0.3849,0.3792
r_free,refmac,phenix,5GKV,phenix,0.2664,0.2668
r_free,refmac,phenix,5GKV,refmac,0.2746,0.2782
r_free,refmac,phenix,5GKV,torchref,0.278,0.2795
r_free,refmac,phenix,5GOX,phenix,0.5625,0.5792
r_free,refmac,phenix,5GOX,refmac,0.6178,0.5542
r_free,refmac,phenix,5GOX,torchref,0.5578,0.5688
r_free,refmac,phenix,5GZI,phenix,0.3043,0.305
r_free,refmac,phenix,5GZI,refmac,0.3035,0.3014
r_free,refmac,phenix,5GZI,torchref,0.313,0.3101
r_free,refmac,phenix,5H5Y,phenix,0.3567,0.3603
r_free,refmac,phenix,5H5Y,refmac,0.3708,0.3749
r_free,refmac,phenix,5H5Y,torchref,0.3698,0.3684
r_free,refmac,phenix,5HRJ,phenix,0.3545,0.3504
r_free,refmac,phenix,5HRJ,refmac,0.342,0.3419
r_free,refmac,phenix,5HRJ,torchref,0.3375,0.3308
r_free,refmac,phenix,5I2H,phenix,0.2981,0.279
r_free,refmac,phenix,5I2H,refmac,0.314,0.2992
r_free,refmac,phenix,5I2H,torchref,0.2994,0.2819
r_free,refmac,phenix,5I47,phenix,0.3657,0.305
r_free,refmac,phenix,5I47,refmac,0.3816,0.3265
r_free,refmac,phenix,5I47,torchref,0.3908,0.3346
r_free,refmac,phenix,5I9E,phenix,0.3999,0.3616
r_free,refmac,phenix,5I9E,refmac,0.4126,0.3804
r_free,refmac,phenix,5I9E,torchref,0.3967,0.3697
r_free,refmac,phenix,5IAW,phenix,0.3654,0.3595
r_free,refmac,phenix,5IAW,refmac,0.3804,0.3806
r_free,refmac,phenix,5IAW,torchref,0.365,0.369
r_free,refmac,phenix,5IQM,phenix,0.3414,0.3293
r_free,refmac,phenix,5IQM,refmac,0.3347,0.3218
r_free,refmac,phenix,5IQM,torchref,0.3309,0.3256
r_free,refmac,phenix,5IY4,phenix,0.4055,0.3903
r_free,refmac,phenix,5IY4,refmac,0.3305,0.3239
r_free,refmac,phenix,5IY4,torchref,0.3737,0.3734
r_free,refmac,phenix,5IYX,phenix,0.3198,0.3228
r_free,refmac,phenix,5IYX,refmac,0.2909,0.3045
r_free,refmac,phenix,5IYX,torchref,0.33,0.3363
r_free,refmac,phenix,5J0A,phenix,0.433,0.4335
r_free,refmac,phenix,5J0A,refmac,0.3956,0.402
r_free,refmac,phenix,5J0A,torchref,0.4192,0.4215
r_free,refmac,phenix,5J4A,phenix,0.3091,0.3004
r_free,refmac,phenix,5J4A,refmac,0.3194,0.3083
r_free,refmac,phenix,5J4A,torchref,0.3122,0.3129
r_free,refmac,phenix,5J9K,phenix,0.3885,0.3832
r_free,refmac,phenix,5J9K,refmac,0.3757,0.3658
r_free,refmac,phenix,5J9K,torchref,0.3657,0.3697
r_free,refmac,phenix,5JD9,phenix,0.3065,0.2919
r_free,refmac,phenix,5JD9,refmac,0.3073,0.296
r_free,refmac,phenix,5JD9,torchref,0.3073,0.2932
r_free,refmac,phenix,5JHO,phenix,0.327,0.3293
r_free,refmac,phenix,5JHO,refmac,0.3053,0.3074
r_free,refmac,phenix,5JHO,torchref,0.3157,0.3211
r_free,refmac,phenix,5JI5,phenix,0.3112,0.3028
r_free,refmac,phenix,5JI5,refmac,0.3124,0.3024
r_free,refmac,phenix,5JI5,torchref,0.3123,0.3052
r_free,refmac,phenix,5JTA,phenix,0.2505,0.2508
r_free,refmac,phenix,5JTA,refmac,0.2476,0.2394
r_free,refmac,phenix,5JTA,torchref,0.2735,0.2703
r_free,refmac,phenix,5K2X,phenix,0.3887,0.3898
r_free,refmac,phenix,5K2X,refmac,0.3948,0.3968
r_free,refmac,phenix,5K2X,torchref,0.3882,0.3875
r_free,refmac,phenix,5K6S,phenix,0.3366,0.3369
r_free,refmac,phenix,5K6S,refmac,0.3322,0.3397
r_free,refmac,phenix,5K6S,torchref,0.3139,0.2969
r_free,refmac,phenix,5LTD,phenix,0.325,0.3167
r_free,refmac,phenix,5LTD,refmac,0.3093,0.2965
r_free,refmac,phenix,5LTD,torchref,0.3191,0.3119
r_free,refmac,phenix,5LU2,phenix,0.3467,0.3529
r_free,refmac,phenix,5LU2,refmac,0.3326,0.3168
r_free,refmac,phenix,5LU2,torchref,0.3452,0.3339
r_free,refmac,phenix,5LW0,phenix,0.2766,0.2714
r_free,refmac,phenix,5LW0,refmac,0.275,0.2678
r_free,refmac,phenix,5LW0,torchref,0.2811,0.2746
r_free,refmac,phenix,5ME9,phenix,0.3562,0.3489
r_free,refmac,phenix,5ME9,refmac,0.3477,0.342
r_free,refmac,phenix,5ME9,torchref,0.3573,0.3437
r_free,refmac,phenix,5MLK,phenix,0.2969,0.2905
r_free,refmac,phenix,5MLK,refmac,0.2757,0.2715
r_free,refmac,phenix,5MLK,torchref,0.2849,0.2792
r_free,refmac,phenix,5MLZ,phenix,0.3503,0.3506
r_free,refmac,phenix,5MLZ,refmac,0.3479,0.3463
r_free,refmac,phenix,5MLZ,torchref,0.3274,0.3291
r_free,refmac,phenix,5MXY,phenix,0.3703,0.3522
r_free,refmac,phenix,5MXY,refmac,0.3793,0.386
r_free,refmac,phenix,5MXY,torchref,0.3838,0.3687
r_free,refmac,phenix,5N6H,phenix,0.2713,0.2676
r_free,refmac,phenix,5N6H,refmac,0.2618,0.2636
r_free,refmac,phenix,5N6H,torchref,0.2771,0.2804
r_free,refmac,phenix,5N8R,phenix,0.3836,0.3802
r_free,refmac,phenix,5N8R,refmac,0.4102,0.406
r_free,refmac,phenix,5N8R,torchref,0.3827,0.3766
r_free,refmac,phenix,5NTB,phenix,0.2452,0.2454
r_free,refmac,phenix,5NTB,refmac,0.2398,0.2393
r_free,refmac,phenix,5NTB,torchref,0.2404,0.2379
r_free,refmac,phenix,5O51,refmac,0.3676,0.3535
r_free,refmac,phenix,5O51,torchref,0.3379,0.3296
r_free,refmac,phenix,5O6B,phenix,0.4717,0.477
r_free,refmac,phenix,5O6B,refmac,0.4752,0.4818
r_free,refmac,phenix,5O6B,torchref,0.4545,0.4566
r_free,refmac,phenix,5OF1,phenix,0.3627,0.3668
r_free,refmac,phenix,5OF1,refmac,0.3296,0.329
r_free,refmac,phenix,5OF1,torchref,0.3478,0.3497
r_free,refmac,phenix,5OF9,phenix,0.3199,0.3118
r_free,refmac,phenix,5OF9,refmac,0.3172,0.3074
r_free,refmac,phenix,5OF9,torchref,0.319,0.3086
r_free,refmac,phenix,5OMB,phenix,0.4356,0.4352
r_free,refmac,phenix,5OMB,refmac,0.4472,0.4443
r_free,refmac,phenix,5OMB,torchref,0.4517,0.4474
r_free,refmac,phenix,5OU8,phenix,0.4467,0.4212
r_free,refmac,phenix,5OU8,refmac,0.4359,0.4198
r_free,refmac,phenix,5OU8,torchref,0.4062,0.3874
r_free,refmac,phenix,5Q1D,phenix,0.4508,0.44
r_free,refmac,phenix,5Q1D,refmac,0.4326,0.4249
r_free,refmac,phenix,5Q1D,torchref,0.4176,0.4127
r_free,refmac,phenix,5Q1H,phenix,0.4159,0.4171
r_free,refmac,phenix,5Q1H,refmac,0.4353,0.4294
r_free,refmac,phenix,5Q1H,torchref,0.4062,0.4023
r_free,refmac,phenix,5SVE,phenix,0.3556,0.3356
r_free,refmac,phenix,5SVE,refmac,0.3372,0.3287
r_free,refmac,phenix,5SVE,torchref,0.3834,0.3588
r_free,refmac,phenix,5T0K,phenix,0.385,0.378
r_free,refmac,phenix,5T0K,refmac,0.3699,0.3689
r_free,refmac,phenix,5T0K,torchref,0.3793,0.3735
r_free,refmac,phenix,5T0M,phenix,0.375,0.3698
r_free,refmac,phenix,5T0M,refmac,0.363,0.3587
r_free,refmac,phenix,5T0M,torchref,0.3857,0.3762
r_free,refmac,phenix,5T1G,phenix,0.346,0.3034
r_free,refmac,phenix,5T1G,refmac,0.38,0.3486
r_free,refmac,phenix,5T1G,torchref,0.3529,0.2947
r_free,refmac,phenix,5T6J,refmac,0.3864,0.3823
r_free,refmac,phenix,5T6J,torchref,0.3795,0.3826
r_free,refmac,phenix,5TDY,phenix,0.5423,0.5332
r_free,refmac,phenix,5TDY,refmac,0.4908,0.4829
r_free,refmac,phenix,5TDY,torchref,0.5081,0.4974
r_free,refmac,phenix,5TJA,phenix,0.3693,0.3273
r_free,refmac,phenix,5TJA,refmac,0.3772,0.3163
r_free,refmac,phenix,5TJA,torchref,0.3809,0.3211
r_free,refmac,phenix,5TLD,phenix,0.3203,0.3124
r_free,refmac,phenix,5TLD,refmac,0.3382,0.3326
r_free,refmac,phenix,5TLD,torchref,0.3264,0.3108
r_free,refmac,phenix,5TM9,phenix,0.3507,0.3564
r_free,refmac,phenix,5TM9,refmac,0.3086,0.309
r_free,refmac,phenix,5TM9,torchref,0.3219,0.3215
r_free,refmac,phenix,5TTA,phenix,0.3333,0.3242
r_free,refmac,phenix,5TTA,refmac,0.3287,0.3217
r_free,refmac,phenix,5TTA,torchref,0.3305,0.3195
r_free,refmac,phenix,5TV7,phenix,0.3013,0.2972
r_free,refmac,phenix,5TV7,refmac,0.2915,0.2771
r_free,refmac,phenix,5TV7,torchref,0.305,0.2937
r_free,refmac,phenix,5U6K,phenix,0.3571,0.3056
r_free,refmac,phenix,5U6K,refmac,0.3807,0.3349
r_free,refmac,phenix,5U6K,torchref,0.3401,0.2934
r_free,refmac,phenix,5UQP,phenix,0.4941,0.5009
r_free,refmac,phenix,5UQP,refmac,0.4745,0.4949
r_free,refmac,phenix,5UQP,torchref,0.4974,0.5029
r_free,refmac,phenix,5UV4,phenix,0.3211,0.3091
r_free,refmac,phenix,5UV4,refmac,0.2822,0.2864
r_free,refmac,phenix,5UV4,torchref,0.31,0.3053
r_free,refmac,phenix,5UX5,phenix,0.2951,0.2985
r_free,refmac,phenix,5UX5,refmac,0.2993,0.3032
r_free,refmac,phenix,5UX5,torchref,0.3075,0.3095
r_free,refmac,phenix,5UXG,phenix,0.2984,0.2833
r_free,refmac,phenix,5UXG,refmac,0.2972,0.286
r_free,refmac,phenix,5UXG,torchref,0.2932,0.2834
r_free,refmac,phenix,5UZU,phenix,0.3319,0.3139
r_free,refmac,phenix,5UZU,refmac,0.3284,0.3143
r_free,refmac,phenix,5UZU,torchref,0.3339,0.3133
r_free,refmac,phenix,5V8W,phenix,0.3723,0.3668
r_free,refmac,phenix,5V8W,refmac,0.3984,0.3899
r_free,refmac,phenix,5V8W,torchref,0.3751,0.3621
r_free,refmac,phenix,5VIA,phenix,0.325,0.2782
r_free,refmac,phenix,5VIA,refmac,0.3328,0.2816
r_free,refmac,phenix,5VIA,torchref,0.334,0.2882
r_free,refmac,phenix,5VLB,phenix,0.2974,0.2937
r_free,refmac,phenix,5VLB,refmac,0.2919,0.2882
r_free,refmac,phenix,5VLB,torchref,0.3024,0.3003
r_free,refmac,phenix,5VQG,phenix,0.3851,0.359
r_free,refmac,phenix,5VQG,refmac,0.4494,0.4219
r_free,refmac,phenix,5VQG,torchref,0.4114,0.4016
r_free,refmac,phenix,5WB4,phenix,0.3498,0.3411
r_free,refmac,phenix,5WB4,refmac,0.3404,0.3349
r_free,refmac,phenix,5WB4,torchref,0.3431,0.3359
r_free,refmac,phenix,5WJQ,phenix,0.6732,0.5963
r_free,refmac,phenix,5WJQ,refmac,0.6375,0.5855
r_free,refmac,phenix,5WJQ,torchref,0.627,0.5979
r_free,refmac,phenix,5WRR,phenix,0.3717,0.3672
r_free,refmac,phenix,5WRR,refmac,0.3333,0.3285
r_free,refmac,phenix,5WRR,torchref,0.362,0.3573
r_free,refmac,phenix,5WWW,phenix,0.3021,0.2986
r_free,refmac,phenix,5WWW,refmac,0.3011,0.3041
r_free,refmac,phenix,5WWW,torchref,0.3257,0.3218
r_free,refmac,phenix,5X6S,phenix,0.2544,0.2537
r_free,refmac,phenix,5X6S,refmac,0.258,0.2538
r_free,refmac,phenix,5X6S,torchref,0.2591,0.2573
r_free,refmac,phenix,5XB7,phenix,0.2692,0.2629
r_free,refmac,phenix,5XB7,refmac,0.2653,0.2591
r_free,refmac,phenix,5XG9,phenix,0.3073,0.2968
r_free,refmac,phenix,5XG9,refmac,0.3191,0.3102
r_free,refmac,phenix,5XG9,torchref,0.3153,0.3059
r_free,refmac,phenix,5XHW,phenix,0.3126,0.2827
r_free,refmac,phenix,5XHW,refmac,0.306,0.282
r_free,refmac,phenix,5XHW,torchref,0.315,0.2817
r_free,refmac,phenix,5XMZ,phenix,0.336,0.339
r_free,refmac,phenix,5XMZ,refmac,0.3456,0.3409
r_free,refmac,phenix,5XMZ,torchref,0.328,0.328
r_free,refmac,phenix,5XRW,phenix,0.3804,0.364
r_free,refmac,phenix,5XRW,refmac,0.4406,0.4322
r_free,refmac,phenix,5XRW,torchref,0.4592,0.4557
r_free,refmac,phenix,5XUK,phenix,0.4395,0.3146
r_free,refmac,phenix,5XUK,refmac,0.4917,0.3806
r_free,refmac,phenix,5XUK,torchref,0.4379,0.3101
r_free,refmac,phenix,5XUQ,phenix,0.3428,0.3601
r_free,refmac,phenix,5XUQ,refmac,0.3553,0.361
r_free,refmac,phenix,5XUQ,torchref,0.3588,0.3568
r_free,refmac,phenix,5XVW,phenix,0.2978,0.2863
r_free,refmac,phenix,5XVW,refmac,0.3032,0.2874
r_free,refmac,phenix,5XVW,torchref,0.2924,0.2814
r_free,refmac,phenix,5Y9I,phenix,0.3258,0.3268
r_free,refmac,phenix,5Y9I,refmac,0.3323,0.33
r_free,refmac,phenix,5Y9I,torchref,0.3275,0.3242
r_free,refmac,phenix,5YAY,phenix,0.3217,0.3135
r_free,refmac,phenix,5YAY,refmac,0.3264,0.3173
r_free,refmac,phenix,5YAY,torchref,0.3236,0.3179
r_free,refmac,phenix,5Z6D,phenix,0.2975,0.2869
r_free,refmac,phenix,5Z6D,refmac,0.3008,0.285
r_free,refmac,phenix,5Z6D,torchref,0.2906,0.2799
r_free,refmac,phenix,5Z6V,phenix,0.32,0.3126
r_free,refmac,phenix,5Z6V,refmac,0.3209,0.3154
r_free,refmac,phenix,5Z6V,torchref,0.3133,0.3085
r_free,refmac,phenix,5Z8L,phenix,0.4648,0.4495
r_free,refmac,phenix,5Z8L,refmac,0.3567,0.3464
r_free,refmac,phenix,5Z8L,torchref,0.3669,0.3604
r_free,refmac,phenix,5ZOO,phenix,0.2542,0.2405
r_free,refmac,phenix,5ZOO,refmac,0.267,0.2493
r_free,refmac,phenix,5ZOO,torchref,0.269,0.2515
r_free,refmac,phenix,6A0E,phenix,0.316,0.3129
r_free,refmac,phenix,6A0E,refmac,0.3057,0.3014
r_free,refmac,phenix,6A0E,torchref,0.3156,0.3111
r_free,refmac,phenix,6A93,phenix,0.4796,0.4839
r_free,refmac,phenix,6A93,refmac,0.4734,0.479
r_free,refmac,phenix,6A93,torchref,0.4954,0.4952
r_free,refmac,phenix,6AF3,phenix,0.4991,0.4818
r_free,refmac,phenix,6AF3,refmac,0.4803,0.4668
r_free,refmac,phenix,6AF3,torchref,0.4692,0.4595
r_free,refmac,phenix,6AGI,phenix,0.3238,0.3061
r_free,refmac,phenix,6AGI,refmac,0.3102,0.3051
r_free,refmac,phenix,6AGI,torchref,0.3358,0.3267
r_free,refmac,phenix,6AL9,refmac,0.2754,0.2746
r_free,refmac,phenix,6AL9,torchref,0.2908,0.2859
r_free,refmac,phenix,6B8Q,phenix,0.4801,0.4805
r_free,refmac,phenix,6B8Q,refmac,0.4715,0.466
r_free,refmac,phenix,6B8Q,torchref,0.4639,0.4732
r_free,refmac,phenix,6CGO,phenix,0.4098,0.3995
r_free,refmac,phenix,6CGO,refmac,0.4287,0.4115
r_free,refmac,phenix,6CGO,torchref,0.4143,0.4046
r_free,refmac,phenix,6COK,phenix,0.2867,0.2823
r_free,refmac,phenix,6COK,refmac,0.2866,0.277
r_free,refmac,phenix,6COK,torchref,0.2927,0.2892
r_free,refmac,phenix,6CQL,phenix,0.4108,0.4099
r_free,refmac,phenix,6CQL,refmac,0.4133,0.4103
r_free,refmac,phenix,6CQL,torchref,0.4088,0.408
r_free,refmac,phenix,6CW5,phenix,0.3665,0.3608
r_free,refmac,phenix,6CW5,refmac,0.3544,0.3471
r_free,refmac,phenix,6CW5,torchref,0.3583,0.3517
r_free,refmac,phenix,6D2V,phenix,0.2943,0.2946
r_free,refmac,phenix,6D2V,refmac,0.2793,0.2751
r_free,refmac,phenix,6D2V,torchref,0.2977,0.2958
r_free,refmac,phenix,6D97,phenix,0.254,0.2463
r_free,refmac,phenix,6D97,refmac,0.2508,0.2432
r_free,refmac,phenix,6D97,torchref,0.2617,0.2552
r_free,refmac,phenix,6DDT,phenix,0.3165,0.3014
r_free,refmac,phenix,6DDT,refmac,0.3101,0.2968
r_free,refmac,phenix,6DDT,torchref,0.3141,0.2974
r_free,refmac,phenix,6DF3,phenix,0.3146,0.3054
r_free,refmac,phenix,6DF3,refmac,0.306,0.3029
r_free,refmac,phenix,6DF3,torchref,0.3156,0.3126
r_free,refmac,phenix,6E0M,phenix,0.3259,0.3168
r_free,refmac,phenix,6E0M,refmac,0.3322,0.3191
r_free,refmac,phenix,6E0M,torchref,0.3082,0.2956
r_free,refmac,phenix,6EC7,phenix,0.3575,0.3498
r_free,refmac,phenix,6EC7,refmac,0.3953,0.3865
r_free,refmac,phenix,6EC7,torchref,0.3569,0.3479
r_free,refmac,phenix,6EUS,phenix,0.3111,0.3001
r_free,refmac,phenix,6EUS,refmac,0.3148,0.3021
r_free,refmac,phenix,6EUS,torchref,0.3138,0.3019
r_free,refmac,phenix,6EWJ,phenix,0.3143,0.3059
r_free,refmac,phenix,6EWJ,refmac,0.3157,0.3078
r_free,refmac,phenix,6EWJ,torchref,0.3158,0.308
r_free,refmac,phenix,6EYS,phenix,0.3127,0.2779
r_free,refmac,phenix,6EYS,refmac,0.3161,0.2872
r_free,refmac,phenix,6EYS,torchref,0.3197,0.2852
r_free,refmac,phenix,6F1S,phenix,0.3004,0.2992
r_free,refmac,phenix,6F1S,refmac,0.2813,0.2886
r_free,refmac,phenix,6F1S,torchref,0.2847,0.2813
r_free,refmac,phenix,6FJU,phenix,0.3763,0.3787
r_free,refmac,phenix,6FJU,refmac,0.3758,0.3805
r_free,refmac,phenix,6FJU,torchref,0.3669,0.3694
r_free,refmac,phenix,6FOK,phenix,0.2982,0.2894
r_free,refmac,phenix,6FOK,refmac,0.2895,0.281
r_free,refmac,phenix,6FOK,torchref,0.2919,0.2834
r_free,refmac,phenix,6FX6,phenix,0.3807,0.3594
r_free,refmac,phenix,6FX6,refmac,0.3765,0.3645
r_free,refmac,phenix,6FX6,torchref,0.3705,0.3777
r_free,refmac,phenix,6GBS,phenix,0.4197,0.4186
r_free,refmac,phenix,6GBS,refmac,0.4246,0.4182
r_free,refmac,phenix,6GBS,torchref,0.4245,0.4232
r_free,refmac,phenix,6GP7,phenix,0.3277,0.3212
r_free,refmac,phenix,6GP7,refmac,0.3604,0.3363
r_free,refmac,phenix,6GP7,torchref,0.3299,0.3137
r_free,refmac,phenix,6GXS,phenix,0.2888,0.2875
r_free,refmac,phenix,6GXS,refmac,0.2991,0.2956
r_free,refmac,phenix,6GXS,torchref,0.2935,0.2913
r_free,refmac,phenix,6HFG,phenix,0.3029,0.3119
r_free,refmac,phenix,6HFG,refmac,0.2745,0.2936
r_free,refmac,phenix,6HFG,torchref,0.3219,0.3221
r_free,refmac,phenix,6HR7,refmac,0.2719,0.2694
r_free,refmac,phenix,6HR7,torchref,0.2896,0.2843
r_free,refmac,phenix,6I1R,phenix,0.2775,0.2867
r_free,refmac,phenix,6I1R,refmac,0.2767,0.2729
r_free,refmac,phenix,6I1R,torchref,0.2873,0.2865
r_free,refmac,phenix,6I50,phenix,0.2526,0.2374
r_free,refmac,phenix,6I50,refmac,0.2432,0.2353
r_free,refmac,phenix,6I50,torchref,0.2415,0.2285
r_free,refmac,phenix,6IIW,phenix,0.4111,0.4166
r_free,refmac,phenix,6IIW,refmac,0.4222,0.4265
r_free,refmac,phenix,6IIW,torchref,0.4405,0.4304
r_free,refmac,phenix,6ILR,refmac,0.2935,0.2924
r_free,refmac,phenix,6ILR,torchref,0.2981,0.2951
r_free,refmac,phenix,6IQJ,phenix,0.3482,0.3282
r_free,refmac,phenix,6IQJ,refmac,0.3562,0.3407
r_free,refmac,phenix,6IQJ,torchref,0.3516,0.3344
r_free,refmac,phenix,6IR8,phenix,0.4753,0.4692
r_free,refmac,phenix,6IR8,refmac,0.471,0.4743
r_free,refmac,phenix,6IR8,torchref,0.4907,0.4625
r_free,refmac,phenix,6J17,phenix,0.3178,0.3157
r_free,refmac,phenix,6J17,refmac,0.2932,0.2918
r_free,refmac,phenix,6J17,torchref,0.3345,0.326
r_free,refmac,phenix,6J72,phenix,0.3827,0.3801
r_free,refmac,phenix,6J72,refmac,0.3858,0.3839
r_free,refmac,phenix,6J72,torchref,0.385,0.3784
r_free,refmac,phenix,6J7Y,phenix,0.291,0.2842
r_free,refmac,phenix,6J7Y,refmac,0.2784,0.2807
r_free,refmac,phenix,6J7Y,torchref,0.2783,0.2788
r_free,refmac,phenix,6JC4,phenix,0.2982,0.2943
r_free,refmac,phenix,6JC4,refmac,0.2984,0.2959
r_free,refmac,phenix,6JC4,torchref,0.3094,0.3013
r_free,refmac,phenix,6JJW,phenix,0.5311,0.5175
r_free,refmac,phenix,6JJW,refmac,0.5176,0.5049
r_free,refmac,phenix,6JJW,torchref,0.5187,0.5313
r_free,refmac,phenix,6JZA,phenix,0.3547,0.3431
r_free,refmac,phenix,6JZA,refmac,0.3368,0.3167
r_free,refmac,phenix,6JZA,torchref,0.3806,0.3623
r_free,refmac,phenix,6K6R,phenix,0.2991,0.2917
r_free,refmac,phenix,6K6R,refmac,0.2979,0.2817
r_free,refmac,phenix,6K6R,torchref,0.2878,0.2718
r_free,refmac,phenix,6L8E,phenix,0.5059,0.4981
r_free,refmac,phenix,6L8E,refmac,0.4802,0.4744
r_free,refmac,phenix,6L8E,torchref,0.4958,0.4852
r_free,refmac,phenix,6L9F,phenix,0.3836,0.3738
r_free,refmac,phenix,6L9F,refmac,0.3782,0.3655
r_free,refmac,phenix,6L9F,torchref,0.4082,0.3948
r_free,refmac,phenix,6LKG,phenix,0.3051,0.2899
r_free,refmac,phenix,6LKG,refmac,0.3,0.284
r_free,refmac,phenix,6LKG,torchref,0.302,0.2879
r_free,refmac,phenix,6M20,phenix,0.4737,0.4683
r_free,refmac,phenix,6M20,refmac,0.4602,0.456
r_free,refmac,phenix,6M20,torchref,0.4612,0.4582
r_free,refmac,phenix,6N5U,phenix,0.3152,0.2972
r_free,refmac,phenix,6N5U,refmac,0.3191,0.3056
r_free,refmac,phenix,6N5U,torchref,0.3026,0.2937
r_free,refmac,phenix,6O6N,phenix,0.3065,0.3025
r_free,refmac,phenix,6O6N,refmac,0.294,0.2949
r_free,refmac,phenix,6O6N,torchref,0.3008,0.3007
r_free,refmac,phenix,6OAE,refmac,0.3241,0.2882
r_free,refmac,phenix,6OAE,torchref,0.3323,0.3224
r_free,refmac,phenix,6OHI,phenix,0.529,0.5407
r_free,refmac,phenix,6OHI,refmac,0.5286,0.5386
r_free,refmac,phenix,6OHI,torchref,0.5538,0.5589
r_free,refmac,phenix,6PEU,phenix,0.337,0.3265
r_free,refmac,phenix,6PEU,refmac,0.3386,0.3265
r_free,refmac,phenix,6PEU,torchref,0.3604,0.3497
r_free,refmac,phenix,6PJQ,phenix,0.3974,0.3692
r_free,refmac,phenix,6PJQ,refmac,0.3849,0.3574
r_free,refmac,phenix,6PJQ,torchref,0.4262,0.3993
r_free,refmac,phenix,6PNP,phenix,0.3358,0.3316
r_free,refmac,phenix,6PNP,refmac,0.3095,0.3057
r_free,refmac,phenix,6PNP,torchref,0.3068,0.3049
r_free,refmac,phenix,6PUP,phenix,0.403,0.3624
r_free,refmac,phenix,6PUP,refmac,0.3676,0.3299
r_free,refmac,phenix,6PUP,torchref,0.3794,0.3402
r_free,refmac,phenix,6R0L,phenix,0.3896,0.3501
r_free,refmac,phenix,6R0L,refmac,0.4257,0.395
r_free,refmac,phenix,6R0L,torchref,0.4258,0.3905
r_free,refmac,phenix,6R6T,phenix,0.2985,0.2867
r_free,refmac,phenix,6R6T,refmac,0.2959,0.2807
r_free,refmac,phenix,6R6T,torchref,0.3129,0.297
r_free,refmac,phenix,6RFT,phenix,0.3319,0.3231
r_free,refmac,phenix,6RFT,refmac,0.3227,0.3199
r_free,refmac,phenix,6RFT,torchref,0.3327,0.3273
r_free,refmac,phenix,6RPT,phenix,0.4173,0.3983
r_free,refmac,phenix,6RPT,refmac,0.3981,0.3802
r_free,refmac,phenix,6RPT,torchref,0.4128,0.4023
r_free,refmac,phenix,6RR0,phenix,0.6533,0.4384
r_free,refmac,phenix,6RR0,refmac,0.6712,0.4799
r_free,refmac,phenix,6RR0,torchref,0.6542,0.4425
r_free,refmac,phenix,6RSN,phenix,0.3096,0.3053
r_free,refmac,phenix,6RSN,refmac,0.2864,0.2848
r_free,refmac,phenix,6RSN,torchref,0.3077,0.2985
r_free,refmac,phenix,6S2P,phenix,0.3963,0.4023
r_free,refmac,phenix,6S2P,refmac,0.4106,0.4046
r_free,refmac,phenix,6S2P,torchref,0.3918,0.3946
r_free,refmac,phenix,6SRB,phenix,0.4108,0.3076
r_free,refmac,phenix,6SRB,refmac,0.4219,0.3262
r_free,refmac,phenix,6SRB,torchref,0.4078,0.3078
r_free,refmac,phenix,6SXW,phenix,0.385,0.3592
r_free,refmac,phenix,6SXW,refmac,0.3763,0.3859
r_free,refmac,phenix,6SXW,torchref,0.4098,0.4374
r_free,refmac,phenix,6T80,phenix,0.3742,0.3442
r_free,refmac,phenix,6T80,refmac,0.3414,0.3262
r_free,refmac,phenix,6T80,torchref,0.3845,0.3608
r_free,refmac,phenix,6TCT,phenix,0.3742,0.3697
r_free,refmac,phenix,6TCT,refmac,0.3723,0.3633
r_free,refmac,phenix,6TCT,torchref,0.3646,0.3562
r_free,refmac,phenix,6TT5,phenix,0.3047,0.3035
r_free,refmac,phenix,6TT5,refmac,0.2981,0.2976
r_free,refmac,phenix,6TT5,torchref,0.2994,0.2956
r_free,refmac,phenix,6TWJ,phenix,0.2968,0.2801
r_free,refmac,phenix,6TWJ,refmac,0.2905,0.2759
r_free,refmac,phenix,6TWJ,torchref,0.2956,0.2839
r_free,refmac,phenix,6U2D,phenix,0.3105,0.3062
r_free,refmac,phenix,6U2D,refmac,0.3448,0.3278
r_free,refmac,phenix,6U2D,torchref,0.337,0.3317
r_free,refmac,phenix,6U75,phenix,0.2977,0.2938
r_free,refmac,phenix,6U75,refmac,0.2939,0.2928
r_free,refmac,phenix,6U75,torchref,0.3037,0.2955
r_free,refmac,phenix,6UB7,phenix,0.2604,0.2638
r_free,refmac,phenix,6UB7,refmac,0.2525,0.2552
r_free,refmac,phenix,6UB7,torchref,0.2574,0.2577
r_free,refmac,phenix,6V7M,phenix,0.4424,0.4417
r_free,refmac,phenix,6V7M,refmac,0.4543,0.446
r_free,refmac,phenix,6V7M,torchref,0.4575,0.4545
r_free,refmac,phenix,6VD8,phenix,0.3624,0.3409
r_free,refmac,phenix,6VD8,refmac,0.4183,0.3966
r_free,refmac,phenix,6VD8,torchref,0.4023,0.3654
r_free,refmac,phenix,6VHI,phenix,0.2782,0.2321
r_free,refmac,phenix,6VHI,refmac,0.2563,0.2368
r_free,refmac,phenix,6VHI,torchref,0.229,0.2058
r_free,refmac,phenix,6VPT,phenix,0.3165,0.3201
r_free,refmac,phenix,6VPT,refmac,0.3307,0.3199
r_free,refmac,phenix,6VPT,torchref,0.3242,0.3153
r_free,refmac,phenix,6VS7,phenix,0.5076,0.4962
r_free,refmac,phenix,6VS7,refmac,0.5418,0.5322
r_free,refmac,phenix,6VS7,torchref,0.5276,0.521
r_free,refmac,phenix,6W9K,phenix,0.2794,0.2695
r_free,refmac,phenix,6W9K,refmac,0.2781,0.2605
r_free,refmac,phenix,6W9K,torchref,0.2656,0.2531
r_free,refmac,phenix,6WT6,phenix,0.336,0.2903
r_free,refmac,phenix,6WT6,refmac,0.3611,0.3163
r_free,refmac,phenix,6WT6,torchref,0.3568,0.3116
r_free,refmac,phenix,6XZ6,phenix,0.3017,0.3028
r_free,refmac,phenix,6XZ6,refmac,0.3056,0.3046
r_free,refmac,phenix,6XZ6,torchref,0.301,0.3024
r_free,refmac,phenix,6YFV,phenix,0.4547,0.4543
r_free,refmac,phenix,6YFV,refmac,0.4531,0.4554
r_free,refmac,phenix,6YFV,torchref,0.4581,0.4604
r_free,refmac,phenix,6Z1S,phenix,0.3288,0.3174
r_free,refmac,phenix,6Z1S,refmac,0.3361,0.3266
r_free,refmac,phenix,6Z1S,torchref,0.3213,0.3092
r_free,refmac,phenix,6Z3U,phenix,0.493,0.4286
r_free,refmac,phenix,6Z3U,refmac,0.5276,0.4766
r_free,refmac,phenix,6Z3U,torchref,0.5362,0.4691
r_free,refmac,phenix,6ZH1,phenix,0.4168,0.3974
r_free,refmac,phenix,6ZH1,refmac,0.4131,0.4011
r_free,refmac,phenix,6ZH1,torchref,0.4236,0.4003
r_free,refmac,phenix,6ZUW,phenix,0.4096,0.4155
r_free,refmac,phenix,6ZUW,refmac,0.3914,0.4054
r_free,refmac,phenix,6ZUW,torchref,0.3997,0.405
r_free,refmac,phenix,7AUI,phenix,0.3185,0.3301
r_free,refmac,phenix,7AUI,refmac,0.312,0.3161
r_free,refmac,phenix,7AUI,torchref,0.3168,0.3197
r_free,refmac,phenix,7BV5,phenix,0.3794,0.3695
r_free,refmac,phenix,7BV5,refmac,0.356,0.3537
r_free,refmac,phenix,7BV5,torchref,0.3728,0.3633
r_free,refmac,phenix,7BW1,phenix,0.3309,0.3036
r_free,refmac,phenix,7BW1,refmac,0.3121,0.306
r_free,refmac,phenix,7BW1,torchref,0.3285,0.3315
r_free,refmac,phenix,7C7E,phenix,0.4772,0.462
r_free,refmac,phenix,7C7E,refmac,0.4831,0.4836
r_free,refmac,phenix,7C7E,torchref,0.4662,0.4565
r_free,refmac,phenix,7CFD,phenix,0.5078,0.4868
r_free,refmac,phenix,7CFD,refmac,0.4417,0.4172
r_free,refmac,phenix,7CFD,torchref,0.4802,0.4591
r_free,refmac,phenix,7CWW,phenix,0.3605,0.3467
r_free,refmac,phenix,7CWW,refmac,0.3673,0.3531
r_free,refmac,phenix,7CWW,torchref,0.3411,0.3282
r_free,refmac,phenix,7D86,phenix,0.3661,0.3622
r_free,refmac,phenix,7D86,refmac,0.342,0.3332
r_free,refmac,phenix,7D86,torchref,0.3484,0.3501
r_free,refmac,phenix,7DUF,phenix,0.5254,0.5072
r_free,refmac,phenix,7DUF,refmac,0.524,0.5146
r_free,refmac,phenix,7DUF,torchref,0.4975,0.4672
r_free,refmac,phenix,7DVN,refmac,0.565,0.5737
r_free,refmac,phenix,7E2E,phenix,0.4831,0.4857
r_free,refmac,phenix,7E2E,refmac,0.4836,0.4776
r_free,refmac,phenix,7E2E,torchref,0.4803,0.4802
r_free,refmac,phenix,7EWF,phenix,0.3881,0.3799
r_free,refmac,phenix,7EWF,refmac,0.3797,0.3799
r_free,refmac,phenix,7EWF,torchref,0.3652,0.3639
r_free,refmac,phenix,7F9K,phenix,0.419,0.4265
r_free,refmac,phenix,7F9K,refmac,0.4697,0.4751
r_free,refmac,phenix,7F9K,torchref,0.4267,0.4288
r_free,refmac,phenix,7F9M,phenix,0.3655,0.3492
r_free,refmac,phenix,7F9M,refmac,0.3059,0.3136
r_free,refmac,phenix,7F9M,torchref,0.3522,0.3401
r_free,refmac,phenix,7FHR,phenix,0.32,0.3168
r_free,refmac,phenix,7FHR,refmac,0.3043,0.3031
r_free,refmac,phenix,7FHR,torchref,0.3154,0.3132
r_free,refmac,phenix,7JI4,phenix,0.3436,0.3868
r_free,refmac,phenix,7JI4,refmac,0.3635,0.3658
r_free,refmac,phenix,7JI4,torchref,0.3626,0.3833
r_free,refmac,phenix,7JN9,phenix,0.5502,0.5331
r_free,refmac,phenix,7JN9,refmac,0.5486,0.571
r_free,refmac,phenix,7JN9,torchref,0.5185,0.5152
r_free,refmac,phenix,7K3J,phenix,0.4722,0.4418
r_free,refmac,phenix,7K3J,refmac,0.336,0.3418
r_free,refmac,phenix,7K3J,torchref,0.3363,0.3287
r_free,refmac,phenix,7KQ0,phenix,0.3428,0.3383
r_free,refmac,phenix,7KQ0,refmac,0.3461,0.3391
r_free,refmac,phenix,7KQ0,torchref,0.3545,0.3481
r_free,refmac,phenix,7LF4,phenix,0.3189,0.3126
r_free,refmac,phenix,7LF4,refmac,0.3259,0.3299
r_free,refmac,phenix,7LF4,torchref,0.3214,0.3119
